12161674,-2.6716442,-2.2764661,7.7909985
12161684,-2.6165588,-2.396217,7.8867993
12161694,-2.535128,-2.4069946,7.9083543
12161788,-2.2345533,-2.4776478,7.9179344
12161793,-2.3638842,-2.494413,7.8305163
12161803,-2.4117846,-2.1842577,7.699988
12161812,-2.4956102,-2.0680993,7.588619
12161822,-2.254911,-2.0692968,7.562274
12161832,-2.283651,-2.262096,7.61257
12161842,-2.2728736,-2.3806493,7.6401124
12161852,-2.4249573,-2.4812403,7.68442
12161862,-2.3578968,-2.4776478,7.652087
12161872,-2.3016138,-2.535128,7.599397
12161881,-2.2501209,-2.5027955,7.7035804
12161891,-2.2333558,-2.5806336,7.618557
12161901,-2.3555017,-2.4584875,7.6101747
12161911,-2.3555017,-2.46208,7.532336
12161921,-2.3830445,-2.5530908,7.423363
12161931,-2.283651,-2.5004003,7.35271
12161941,-2.1878502,-2.5542884,7.364685
12161950,-2.020199,-2.4752526,7.4317455
12161960,-2.0369642,-2.4045997,7.35271
12161970,-2.074087,-2.3674767,7.1515284
12161980,-2.286046,-2.3543043,7.1431456
12161990,-2.5004003,-2.2956262,6.9683094
12162000,-2.6584716,-2.1507275,6.688092
12162010,-2.6800268,-2.3674767,6.431825
12162019,-2.523153,-2.5950036,6.7036595
12162029,-2.3650818,-2.826123,6.9036436
12162039,-2.3602917,-2.7722352,6.974297
12162049,-2.6021888,-2.454895,6.828201
12162059,-2.9518616,-2.2800586,6.507268
12162069,-3.1003528,-2.3099964,6.577921
12162079,-3.0392797,-2.3507116,6.5671434
12162088,-2.8560607,-2.4788451,6.5946865
12162098,-2.618954,-2.3758593,6.8557434
12162108,-2.4740553,-2.3363416,6.6377964
12162118,-2.3926246,-3.0488598,6.654562
12162128,-2.2812562,-3.5242712,7.1658983
12162138,-2.5171654,-4.211642,7.462881
12162148,-2.4357347,-4.663103,7.5754466
12162157,-2.4956102,-4.628375,7.8664417
12162167,-2.3950195,-4.1829014,7.835306
12162177,-2.3315516,-3.7733533,7.745493
12162187,-2.254911,-3.5087037,7.625742
12162197,-2.1219873,-3.3470397,7.501201
12162207,-2.102827,-3.4380505,7.6940002
12162217,-2.1710851,-3.6080968,7.6053843
12162226,-2.2501209,-3.8116736,7.6808276
12162236,-2.3519092,-3.7529955,7.582632
12162246,-2.45729,-3.9218445,7.1611085
12162256,-2.4513025,-4.1098537,7.276069
12162266,-2.4357347,-4.0954833,7.500004
12162276,-2.3854394,-3.935017,7.474856
12162286,-2.4153771,-3.66917,7.284452
12162295,-2.445315,-3.2560291,6.981482
12162305,-2.4345374,-3.0344896,6.76593
12162315,-2.403402,-3.1362782,6.5695386
12162325,-2.577041,-3.2272887,6.644982
12162335,-2.6488917,-3.1734009,6.4713426
12162345,-2.6009912,-3.1614258,6.3432093
12162355,-2.6812243,-3.2129188,6.4653554
12162364,-2.6931994,-3.9829175,6.340814
12162374,-2.6788294,-4.6331654,6.291716
12162384,-2.4716601,-5.1792297,6.7671275
12162394,-2.3950195,-5.5660253,6.9659142
12162404,-2.5279431,-5.7300844,7.019802
12162414,-2.701582,-5.769602,6.916816
12162424,-2.6608667,-5.652246,6.9754944
12162433,-2.5027955,-5.403164,6.9754944
12162443,-2.4752526,-5.2175503,6.871311
12162453,-2.3171813,-5.0331335,6.8329906
12162463,-2.2405407,-4.9720607,6.791078
12162473,-2.2345533,-5.024751,6.835386
12162483,-2.3195765,-5.029541,6.890471
12162493,-2.384242,-4.92416,7.010222
12162502,-2.5650659,-4.811594,6.9036436
12162512,-2.3974144,-4.6690907,6.6988697
12162522,-2.2525158,-4.7445335,6.8976564
12162532,-2.2333558,-4.975653,6.922804
12162542,-2.1171973,-5.1624646,6.991062
12162552,-2.2129982,-5.252278,7.103628
12162562,-2.2489233,-5.157675,6.980284
12162571,-2.3135889,-4.907395,6.8581386
12162581,-2.2920337,-4.740941,6.6892896
12162591,-2.3099964,-4.6355605,6.5863037
12162601,-2.3004162,-4.648733,6.6844997
12162611,-2.2992187,-4.733756,6.7898803
12162621,-2.283651,-4.931345,6.7671275
12162631,-2.393822,-5.019961,6.763535
12162640,-2.2333558,-5.0558863,6.6282167
12162650,-2.2465284,-4.9780483,6.6090565
12162660,-2.1998255,-4.9720607,6.485713
12162670,-2.3531067,-5.012776,6.3683567
12162680,-2.2824535,-5.1109715,6.387517
12162690,-2.3387365,-5.0259485,6.370752
12162700,-2.2968237,-5.061874,6.358777
12162709,-2.410587,-5.0498986,6.4246397
12162719,-2.4297473,-5.071454,6.332432
12162729,-2.5051904,-5.0942063,6.316864
12162739,-2.3854394,-4.9289503,6.326444
12162749,-2.3614893,-4.931345,6.173163
12162759,-2.3459215,-4.855902,6.124065
12162769,-2.4632776,-4.9373326,6.206693
12162778,-2.4045997,-4.9780483,6.1468177
12162788,-2.4093897,-5.1361194,6.2402234
12162798,-2.398612,-5.2498827,6.211483
12162808,-2.5171654,-5.3193383,6.274951
12162818,-2.5638685,-5.285808,6.3348265
12162828,-2.5734484,-5.109774,6.3719497
12162838,-2.581831,-5.0558863,6.212681
12162848,-2.5734484,-4.9780483,6.046227
12162857,-2.5614734,-4.9852333,6.065387
12162867,-2.4764502,-5.0175657,6.1695704
12162877,-2.5710535,-5.1049843,6.074967
12162887,-2.6225464,-5.1193542,6.1372375
12162897,-2.6069787,-5.039121,6.0665846
12162907,-2.6848168,-4.8918276,6.101312
12162917,-2.6908045,-4.9085927,5.7935524
12162926,-2.6632617,-5.1672544,5.860613
12162936,-2.577041,-5.3780165,6.0809546
12162946,-2.4728577,-5.6390734,6.0965223
12162956,-2.4213648,-5.6726036,6.2174706
12162966,-2.4716601,-5.6270986,6.2426186
12162976,-2.581831,-5.556445,6.2474084
12162986,-2.5758436,-5.4175344,6.222261
12162995,-2.5411158,-5.325326,6.1671753
12163005,-2.6273365,-5.2403026,6.082152
12163015,-2.6009912,-5.3624487,6.1851377
12163025,-2.5267456,-5.4534593,6.1839404
12163035,-2.5650659,-5.6103334,6.302494
12163045,-2.5087829,-5.7684045,6.321654
12163055,-2.6740394,-5.8510327,6.46775
12163064,-2.762655,-5.8642054,6.4869103
12163074,-2.757865,-5.726492,6.2545934
12163084,-2.6584716,-5.4810023,6.1839404
12163094,-2.7243347,-5.2894006,6.1791506
12163104,-2.6009912,-5.17444,6.013894
12163114,-2.567461,-5.309758,6.004314
12163124,-2.4884253,-5.379214,6.187533
12163133,-2.530338,-5.339696,6.1671753
12163143,-2.6021888,-5.4702244,6.0342517
12163153,-2.6129663,-5.4977674,5.9851537
12163163,-2.635719,-5.285808,5.9923387
12163173,-2.598596,-5.2798204,5.7145166
12163183,-2.6021888,-5.1768346,5.691764
12163193,-2.692002,-5.076244,5.629493
12163202,-2.7758276,-5.163662,5.5923705
12163212,-2.7638526,-5.126539,5.3600535
12163222,-2.9135413,-5.0666637,5.157675
12163232,-2.9913795,-5.0894165,5.1504893
12163242,-3.0596375,-5.0558863,4.990023
12163252,-3.2823744,-4.940925,4.7110033
12163262,-3.326682,-4.8091993,4.3840833
12163271,-3.417693,-4.6499305,3.8715491
12163281,-3.3254845,-4.700226,3.4488282
12163291,-3.1482532,-4.472699,3.1745985
12163301,-3.0859826,-4.2595425,2.7878027
12163311,-2.938689,-4.038003,2.5219555
12163321,-2.9123437,-4.2272096,1.6465759
12163331,-2.5926087,-4.6882505,0.8969348
12163340,-2.242936,-5.156477,0.5053491
12163350,-1.9303857,-5.5193224,0.37601808
12163360,-1.7747095,-6.029462,0.11735596
12163370,-1.4274316,-6.8952613,-0.8849597
12163380,-1.2777429,-7.850874,-1.7411792
12163390,-1.1723621,-9.335786,-2.384242
12163400,-0.8921448,-10.190808,-2.1962328
12163409,-0.68377805,-10.134525,-1.5399976
12163419,-1.1436218,-9.217233,-1.8297949
12163429,-1.6956738,-8.605305,-3.6919227
12163439,-1.719624,-9.034014,-6.2078905
12163449,-0.9448352,-8.890312,-7.8664417
12163459,0.22872436,-8.784931,-8.157436
12163469,1.162782,-9.715397,-9.322614
12163478,1.5172448,-11.264975,-8.8388195
12163488,0.97118044,-12.92113,-7.9035645
12163498,-0.010777588,-13.818066,-6.9192114
12163508,-1.1388317,-14.050382,-6.7120423
12163518,-2.0992346,-13.900693,-7.0078273
12163528,-2.7818153,-12.681628,-7.1922436
12163538,-3.0033545,-10.934462,-7.907157
12163547,-2.9722192,-9.321416,-8.725056
12163557,-2.7890003,-8.317903,-8.884325
12163567,-2.887196,-7.699988,-8.695118
12163577,-3.2775843,-7.676038,-8.498727
12163587,-3.505111,-7.0964427,-8.50711
12163597,-3.5997143,-6.666537,-8.480764
12163607,-3.6488123,-6.5791187,-8.477172
12163616,-3.4895434,-7.019802,-8.358618
12163626,-3.4356556,-7.5119786,-7.8724294
12163636,-3.4188905,-7.94907,-7.5119786
12163646,-3.2967443,-8.032895,-7.408993
12163656,-3.2284863,-7.785011,-7.452103
12163666,-3.4572108,-7.2976246,-7.6544824
12163676,-3.6332445,-7.0257897,-7.7586656
12163685,-3.878734,-6.7994604,-7.876022
12163695,-3.9637573,-6.551576,-7.8784165
12163705,-3.911067,-6.307284,-7.635322
12163715,-3.9589672,-6.387517,-7.4544983
12163725,-3.9877076,-6.6006737,-7.294032
12163735,-3.749403,-6.6485744,-7.2856493
12163745,-3.4596057,-6.8186207,-7.5467067
12163754,-3.2859669,-6.707252,-8.048463
12163764,-3.1350806,-6.4988856,-8.359816
12163774,-3.0105395,-6.319259,-8.608898
12163784,-2.9937744,-6.119275,-8.149054
12163794,-2.9889843,-6.1073,-8.007748
12163804,-2.9087512,-6.1959157,-7.899972
12163814,-2.7985804,-6.316864,-7.877219
12163823,-2.7758276,-6.3468018,-7.897577
12163833,-2.767445,-6.3839245,-8.356223
12163843,-2.7255323,-6.3527894,-8.489147
12163853,-2.8955786,-6.229446,-8.652008
12163863,-3.046465,-6.300099,-8.635242
12163873,-3.1422656,-6.270161,-8.594527
12163883,-3.4009278,-6.3180614,-8.731044
12163892,-3.6751575,-6.3599744,-8.960965
12163902,-3.8883142,-6.3348265,-9.347761
12163912,-4.2080493,-6.3348265,-9.748927
12163922,-4.519402,-6.1767554,-10.15608
12163932,-4.7840514,-6.3791347,-10.421927
12163942,-4.987628,-6.4330225,-10.178833
12163952,-5.1313295,-6.2569885,-9.918973
12163961,-5.205575,-5.999524,-9.417217
12163971,-5.273833,-5.860613,-9.138197
12163981,-5.015171,-5.7612195,-9.057964
12163991,-4.749324,-5.6438637,-9.484278
12164001,-4.4128237,-5.722899,-9.935739
12164011,-4.042793,-5.8833656,-9.671089
12164021,-3.4152977,-6.0246716,-9.311836
12164030,-2.7087672,-5.9300685,-8.805289
12164040,-2.1902454,-5.8558226,-8.098759
12164050,-1.4501843,-6.1959157,-7.9155397
12164060,-0.87298465,-6.74198,-7.8987746
12164070,-0.19040406,-7.555089,-8.00655
12164080,0.613125,-7.834109,-8.339458
12164090,1.108894,-7.9718227,-8.788525
12164099,1.1771522,-9.091495,-3.993695
12164109,-1.2034973,-7.33834,4.331393
12164119,-0.5017566,-2.0022364,7.3443274
12164149,-0.06346802,-9.142987,-7.7909985
12164159,1.1987072,-7.467671,-5.6342835
12164169,-2.2501209,-7.437733,-9.847123
12164179,-1.9495459,-5.619913,-10.056687
12164188,-0.5484595,-6.11688,-10.304571
12164198,-0.8813672,-8.514295,-11.00272
12164208,-0.70293826,-7.6401124,-9.055569
12164218,-0.22752686,-7.9766126,-9.832752
12164228,0.6753955,-6.3959,-9.611214
12164238,0.5029541,-3.4081128,-10.405163
12164248,0.09939331,0.123343505,-11.011103
12164258,0.043110352,2.3555017,-12.746294
12164267,-0.16405883,3.1805859,-12.226575
12164277,0.54366946,1.3699511,-10.797946
12164287,0.8202942,-1.8333875,-9.408834
12164297,0.857417,-4.315825,-8.640033
12164307,0.7855664,-5.7923546,-9.210048
12164317,-1.104104,-5.0642686,-9.817185
12164327,-2.5566833,-3.935017,-11.267369
12164336,-3.1422656,-4.855902,-11.361973
12164346,-3.37099,-6.6821046,-9.850716
12164356,-4.5684996,-9.377699,-9.936936
12164366,-4.132606,-10.615924,-7.9622426
12164376,-4.790039,-10.502161,-7.1024303
12164386,-5.20318,-8.57896,-5.948031
12164396,-4.695436,-7.8544664,-7.268884
12164405,-4.8870373,-8.25683,-7.34313
12164415,-3.8272412,-8.716674,-8.096363
12164425,-2.7315197,-7.828121,-7.6784325
12164435,-3.248844,-7.331155,-7.6101747
12164445,-5.2965856,-4.155359,-7.8400965
12164455,-6.314469,-3.530259,-10.477013
12164465,-4.2906775,-3.1398706,-10.275831
12164474,-2.3950195,-2.5710535,-10.517728
12164484,-1.7327967,-0.9304651,-10.944042
12164494,-1.6082556,-0.14370117,-10.69496
12164504,-0.24548951,-0.36524048,-11.693683
12164514,0.9663904,-0.26704466,-12.051739
12164524,1.2178674,0.39877075,-12.933105
12164534,1.2346326,0.034727782,-13.456417
12164543,0.80113405,-2.1387525,-11.472143
12164557,-0.09460327,-4.8918276,-10.962005
12164566,-1.1771522,-5.1768346,-11.087743
12164576,-3.060835,-3.1482532,-12.7079735
12164586,-3.8954992,-2.941084,-12.687616
12164596,-3.9314246,-6.9778895,-10.043514
12164606,-3.7242553,-9.24717,-9.657916
12164616,-3.810476,-9.266331,-10.237511
12164626,-4.1122484,-9.144184,-9.034014
12164635,-4.381688,-9.128617,-6.5048733
12164645,-4.3206153,-8.504714,-6.4497876
12164655,-4.7110033,-7.8077636,-5.997129
12164665,-3.7158728,-8.969348,-6.939569
12164675,-3.004552,-7.97302,-3.3159046
12164685,-4.660708,-5.2870054,-4.643943
12164695,-5.595963,-4.1098537,-7.6329274
12164704,-4.1050634,-5.2091675,-9.532178
12164714,-2.3578968,-5.81391,-10.374027
12164724,-1.2130774,-3.2715967,-9.484278
12164734,-1.2070899,1.5352075,-11.724818
12164744,-1.4238391,4.6762757,-12.695998
12164754,1.5603552,1.9902612,-13.76777
12164764,2.4261549,1.4477893,-12.017011
12164773,1.4573693,0.23950195,-11.866124
12164783,0.41194335,0.4658313,-10.341694
12164793,-0.11615845,-2.2046156,-9.3453665
12164803,-2.0872595,-4.667893,-8.801697
12164813,-3.5386415,-5.8187,-12.593013
12164823,-4.381688,-5.1289344,-12.913945
12164833,-5.301376,-6.6892896,-11.102113
12164842,-4.7720766,-9.277108,-11.54639
12164852,-3.9386096,-10.124945,-10.296189
12164862,-4.2499623,-9.733359,-8.977731
12164872,-3.974535,-8.753797,-8.083191
12164882,-4.179309,-8.595725,-6.8341885
12164892,-5.2822156,-7.771838,-6.5060706
12164902,-4.4032435,-7.9837976,-6.668932
12164911,-3.5889368,-7.076085,-4.1074586
12164921,-4.8978148,-4.8235693,-4.9481106
12164931,-5.415139,-4.211642,-7.865244
12164941,-4.1709266,-5.133724,-9.377699
12164951,-2.994972,-5.710924,-10.142908
12164961,-1.6453785,-2.9817994,-8.7825365
12164971,-1.6429834,1.5867004,-10.847043
12164980,-1.9627185,3.1793885,-12.816947
12164990,0.57001466,1.2142749,-13.900693
12165000,1.1376343,2.1639001,-12.712764
12165010,0.98195803,2.2010229,-13.078004
12165020,1.3268409,1.3675561,-13.347444
12165030,-0.50774413,0.17962646,-9.735754
12165040,-0.83945435,-4.1302114,-10.845846
12165049,-2.286046,-4.884642,-10.735675
12165059,-4.333788,-4.350553,-13.422887
12165069,-4.88584,-4.150569,-12.614568
12165079,-5.466632,-8.038883,-10.839858
12165089,-4.877457,-9.382489,-8.956176
12165099,-3.942202,-9.057964,-9.465117
12165109,-3.634442,-9.230405,-8.357421
12165118,-3.4404457,-9.666299,-6.5384035
12165128,-3.4260755,-8.990903,-5.9755735
12165138,-4.707411,-8.731044,-7.2317615
12165148,-3.573369,-8.86277,-7.580237
12165158,-2.2980213,-8.968151,-5.1792297
12165168,-3.05365,-6.495293,-4.3864784
12165178,-4.7541137,-3.9122643,-7.1120105
12165187,-5.2810183,-3.6021094,-9.605226
12165197,-3.854784,-5.3540664,-10.509346
12165207,-2.1148024,-3.7709582,-9.18011
12165217,-2.2381458,1.0873389,-9.236393
12165227,-3.1470556,1.1591895,-11.4625635
12165237,-0.48020142,0.29937744,-11.806249
12165247,0.8095166,2.9446764,-12.765454
12165256,1.651366,4.4020457,-14.179713
12165266,1.7304016,3.859574,-14.416821
12165276,0.83825684,-2.046544,-11.65656
12165286,-1.3016931,-5.8713903,-10.490186
12165296,-3.8954992,-7.484436,-11.543994
12165306,-4.9576902,-3.7949085,-12.610975
12165316,-5.1935997,-3.0356872,-11.748768
12165325,-5.0187635,-5.5995555,-9.224418
12165335,-4.2595425,-7.110813,-11.56076
12165345,-4.205654,-7.7347155,-8.646021
12165355,-4.3697133,-9.425599,-7.3443274
12165365,-3.666775,-8.644823,-5.508545
12165375,-4.085903,-7.492819,-7.268884
12165385,-5.8079224,-9.673484,-10.152488
12165394,-4.172124,-10.205178,-6.2989016
12165404,-3.4069152,-7.6892104,-2.7722352
12165414,-4.1050634,-5.0355287,-5.9983263
12165424,-5.6558385,-2.887196,-8.008945
12165434,-6.189928,-3.9829175,-9.799222
12165444,-3.6320472,-6.9695067,-11.317665
12165454,-1.5807129,-9.425599,-10.95482
12165463,-0.58198977,-3.5134935,-7.728728
12165473,-1.8441651,2.186653,-10.36325
12165483,-0.3580554,1.4885046,-12.867243
12165493,2.7913952,3.3015344,-13.8492
12165503,2.4225624,2.6488917,-14.176121
12165513,2.4692652,0.38679564,-13.989309
12165523,1.2011023,-2.6441016,-9.9010105
12165532,0.366438,-6.0809546,-7.870034
12165542,-1.4968872,-4.6128078,-9.001681
12165552,-3.8931043,-3.1530433,-14.492263
12165562,-4.3840833,-2.2405407,-12.576247
12165572,-5.9839563,-5.892946,-9.648336
12165582,-6.013894,-8.302335,-8.25683
12165592,-5.116959,-7.2090087,-10.104588
12165601,-5.3480787,-7.484436,-8.611293
12165611,-4.5277843,-7.6664577,-5.874983
12165621,-3.8392162,-8.448431,-6.7898803
12165631,-5.1935997,-8.962163,-8.177794
12165641,-4.253555,-8.545429,-9.086704
12165651,-3.8116736,-7.841294,-6.1348424
12165661,-3.974535,-4.998406,-5.367239
12165670,-5.2702403,-2.76505,-8.230485
12165680,-5.9468336,-2.7818153,-9.1765175
12165690,-4.7385464,-5.3624487,-10.678195
12165700,-3.3554223,-7.5682616,-10.243499
12165710,-2.591411,-4.172124,-7.6413097
12165720,-3.187771,1.1304492,-9.1849
12165730,-3.1231055,1.4681469,-11.485316
12165739,-0.5999524,-0.49576905,-10.672207
12165749,0.30296996,0.72808594,-11.71883
12165759,1.1412268,1.6872913,-12.997771
12165769,2.7806177,1.1376343,-14.247972
12165779,1.5028747,-0.5029541,-11.891272
12165789,0.17842895,-3.2105236,-10.844648
12165799,-0.5771997,-6.411467,-10.563233
12165808,-1.6944764,-5.8809705,-10.190808
12165818,-3.6991076,-3.6368372,-10.269844
12165828,-3.9398072,-4.491859,-13.013339
12165838,-3.4188905,-5.971981,-9.5070305
12165848,-3.9924974,-7.6544824,-8.660391
12165858,-5.182822,-9.392069,-7.2018237
12165868,-5.003196,-10.354867,-5.6821837
12165877,-4.5457473,-10.193203,-5.8857603
12165887,-4.162544,-8.040081,-7.8053684
12165897,-4.454736,-6.7946706,-9.067544
12165907,-4.1637416,-7.662865,-8.692723
12165917,-4.199667,-8.729846,-7.7119627
12165927,-4.9552956,-8.046068,-7.509584
12165937,-5.435497,-4.3864784,-8.61728
12165946,-4.455934,-4.733756,-10.98356
12165956,-3.1817834,-4.878655,-10.306967
12165966,-2.579436,-1.8166223,-9.134604
12165976,-2.9590466,0.859812,-9.921369
12165986,-1.9794836,0.14609618,-11.669733
12165996,-0.31015503,-0.96399534,-12.230167
12166006,-0.2706372,1.1735595,-11.564352
12166015,0.6442602,1.4549744,-12.989388
12166025,1.6322058,0.84065187,-12.947475
12166035,1.7160316,-1.8082397,-10.626701
12166045,0.59516233,-3.7410204,-8.940608
12166055,-0.8083191,-5.405559,-9.150172
12166065,-2.3543043,-3.9266346,-10.114167
12166075,-4.524192,-1.2502002,-11.235037
12166084,-5.1361194,-0.556842,-11.6853
12166094,-5.413942,-5.6390734,-8.344248
12166104,-4.5984373,-9.80521,-5.0894165
12166114,-3.5326538,-8.520282,-8.080796
12166124,-3.297942,-5.6079383,-10.209969
12166134,-4.3924656,-7.5107813,-8.85798
12166144,-3.8140686,-10.928474,-7.164701
12166153,-2.8955786,-10.468631,-6.3276415
12166163,-3.7721558,-8.141869,-6.660549
12166173,-3.6092944,-7.296427,-8.502319
12166183,-4.2511597,-8.207732,-7.09285
12166193,-5.4115467,-6.431825,-6.5108604
12166203,-5.1924024,-5.7839723,-8.305927
12166212,-4.2954674,-5.3923864,-8.93462
12166222,-4.0008802,-6.0893373,-10.468631
12166232,-2.8955786,-2.7758276,-8.749006
12166242,-3.0368848,1.7471668,-10.318942
12166252,-2.645299,0.14250366,-12.346326
12166262,-0.23111938,-0.9783655,-11.589499
12166272,-0.32332763,1.8178198,-10.820698
12166281,0.26105714,2.210603,-13.442047
12166291,0.4263135,2.0633094,-12.353511
12166301,-0.30776,-0.69216067,-11.355985
12166311,-0.98794556,-4.7445335,-10.885364
12166321,-1.8429675,-5.3456836,-10.715318
12166331,-4.333788,-3.8511915,-11.982283
12166341,-5.5540504,-1.9184107,-13.11393
12166350,-5.4654346,-4.9768505,-10.443482
12166360,-4.91937,-9.886641,-5.7133193
12166370,-3.4596057,-11.497292,-7.1215906
12166380,-3.2332764,-9.430389,-6.947952
12166390,-4.9672704,-8.903485,-6.1863356
12166400,-5.3708315,-9.126222,-7.01142
12166410,-4.5050316,-8.226892,-7.1706886
12166419,-4.743336,-8.867559,-7.3754625
12166429,-3.4943335,-10.033935,-7.1287756
12166439,-3.5170863,-8.577763,-3.747008
12166449,-5.628296,-5.4067564,-5.334906
12166459,-5.867798,-4.9373326,-9.346563
12166469,-4.867877,-5.421127,-10.502161
12166479,-3.436853,-5.605543,-11.512859
12166488,-2.6620643,0.40835083,-9.073531
12166498,-2.5051904,0.183219,-12.409794
12166508,-0.803529,-2.450105,-11.607462
12166518,-0.2215393,1.5795153,-10.541678
12166528,-0.3197351,2.003434,-14.885046
12166538,0.67898804,2.9039612,-14.380895
12166548,-0.979563,0.9520203,-10.528506
12166557,-1.6010705,-4.0607557,-10.839858
12166567,-1.3591735,-8.460406,-10.72849
12166577,-2.9147387,-6.3719497,-9.910591
12166587,-5.3289185,-3.849994,-12.151132
12166597,-5.100194,-2.222578,-11.500884
12166607,-5.437892,-4.655918,-8.768167
12166617,-5.2043777,-8.49274,-9.1849
12166626,-4.101471,-8.313113,-7.919132
12166636,-5.1864147,-7.3203773,-6.5048733
12166646,-5.2977834,-8.31431,-6.0965223
12166656,-4.3613305,-8.740623,-7.1838613
12166666,-4.702621,-7.7526784,-8.056846
12166676,-4.477489,-9.7884445,-8.181387
12166686,-3.121908,-10.042316,-3.1841784
12166695,-3.8440063,-5.015171,-2.6620643
12166705,-5.395979,-3.8487964,-7.505991
12166715,-5.358856,-3.5338514,-7.550299
12166725,-4.3768983,-5.459447,-9.815988
12166735,-2.5267456,-7.037765,-11.015892
12166745,-0.69575316,-5.149292,-9.83395
12166755,-0.8202942,0.1844165,-9.806408
12166764,-0.9304651,0.76281375,-12.21939
12166774,0.96040285,-0.05867798,-12.649296
12166784,1.4082714,1.1783496,-12.331956
12166794,1.8561401,-0.6334827,-13.910274
12166804,0.6215076,-1.5447876,-11.053015
12166814,-0.38440064,-5.400769,-12.21939
12166823,-1.8309925,-6.8329906,-9.316626
12166833,-3.744613,-5.309758,-9.541758
12166843,-5.4606447,-3.05844,-9.942924
12166853,-6.5360084,-3.3961377,-8.79571
12166863,-6.5012803,-5.093009,-9.8447275
12166873,-5.8079224,-8.522677,-10.556048
12166883,-4.9540977,-10.568024,-7.701185
12166892,-4.5146117,-9.869876,-6.8258057
12166902,-3.67875,-10.193203,-7.820936
12166912,-4.2559495,-8.399334,-7.613767
12166922,-5.604346,-6.547983,-9.086704
12166932,-5.053491,-5.597161,-9.599238
12166942,-4.5050316,-5.6390734,-6.753955
12166952,-4.1026683,-8.505912,-5.5540504
12166961,-4.28469,-5.366041,-5.2043777
12166971,-6.551576,-1.2226574,-7.408993
12166981,-6.5946865,-2.706372,-10.593171
12166991,-3.6080968,-4.5984373,-10.508148
12167001,-0.8190967,-5.429509,-11.830199
12167011,1.108894,-2.5878186,-10.844648
12167021,2.198628,0.10657837,-11.268567
12167030,2.7410998,0.18082398,-12.458892
12167040,3.690725,-0.68377805,-12.761862
12167050,3.8715491,-1.6765137,-12.953464
12167060,2.802173,-2.577041,-12.076886
12167070,1.2178674,-3.7733533,-10.293794
12167080,-0.5664221,-5.5025573,-7.97781
12167090,-1.5914905,-6.9216065,-5.696554
12167099,-2.46687,-7.3850427,-5.157675
12167109,-4.103866,-10.806328,-7.9861927
12167119,-4.3218126,-10.10818,-5.81391
12167129,-4.184099,-8.977731,-7.155121
12167139,-4.4128237,-10.43989,-7.171886
12167149,-4.28469,-11.414663,-4.5541296
12167159,-4.2739124,-10.413545,-3.0955627
12167168,-4.2511597,-10.358459,-4.721781
12167178,-3.7925134,-11.32006,-6.086942
12167188,-3.7146752,-11.534414,-6.356382
12167198,-4.4104285,-10.493778,-6.2785435
12167208,-4.5960426,-9.746532,-6.8018556
12167218,-4.397256,-9.756112,-6.973099
12167228,-4.397256,-9.481882,-6.3851223
12167237,-4.012855,-10.42552,-6.8976564
12167247,-3.3458424,-10.939252,-4.9996033
12167257,-2.5542884,-11.625424,-5.9396486
12167267,-1.7280066,-13.715079,-7.2317615
12167277,-0.7867639,-15.36405,-7.103628
12167287,-0.30057496,-12.569062,-1.9243982
12167297,-1.6310083,-10.254276,-0.7268884
12167306,-2.3052063,-9.620793,-3.615282
12167316,-2.003434,-8.311915,-3.7086878
12167326,-2.081272,-7.0066295,-2.6788294
12167336,-1.9555335,-6.3360243,-3.0153296
12167346,-2.027384,-6.4258375,-2.699187
12167356,-2.0309765,-7.32397,-1.5112573
12167366,-2.3411317,-8.701106,0.43349853
12167375,-3.7266505,-9.804012,3.8559813
12167385,-4.398453,-11.864926,5.4175344
12167395,-4.4415636,-13.948594,5.447472
12167405,-3.629652,-15.851437,2.884801
12167415,-2.3495142,-16.047829,-1.9399658
12167425,-1.7998571,-12.90676,-2.3459215
12167434,-2.1195922,-6.6114516,2.1195922
12167444,-3.7314405,-3.1039453,2.6788294
12167454,-6.262976,-2.569856,-0.80113405
12167464,-7.4952135,-1.6334033,1.956731
12167474,-7.532336,0.14370117,7.0389624
12167484,-7.085665,-0.21794678,5.48699
12167494,-6.1516075,-1.4465919,5.149292
12167503,-4.360133,-2.1710851,6.13604
12167513,-2.3495142,-3.2560291,6.431825
12167523,-1.1160791,-4.543352,6.2318406
12167533,-0.8909473,-4.694238,5.691764
12167543,-1.4741346,-4.0116577,5.170847
12167553,-2.269281,-3.2260914,4.1637416
12167563,-2.7195446,-2.215393,4.5457473
12167572,-2.962639,-1.3998889,5.133724
12167582,-2.9602442,-1.4849122,5.5468655
12167592,-2.7315197,-1.2406201,5.6259007
12167602,-2.5542884,-1.0262659,5.316943
12167612,-2.5375233,-1.1160791,4.6271777
12167622,-2.4716601,-1.3220508,4.0835085
12167632,-2.1974304,-1.4358143,3.8511915
12167641,-1.9220031,-1.890868,5.181625
12167651,-1.0765613,-3.2823744,6.6773143
12167661,-0.33769774,-4.60203,6.604266
12167671,-0.5017566,-4.493057,7.946675
12167681,-1.1376343,-3.6116896,7.9203296
12167691,-1.2011023,-3.1374755,7.5047936
12167701,-0.735271,-4.014053,7.5035963
12167710,-0.25506958,-5.278623,7.763456
12167720,-0.4155359,-5.652246,7.555089
12167730,-1.8501526,-5.6438637,8.513097
12167740,-4.0463853,-5.4187317,9.313033
12167750,-5.8654027,-4.263135,9.144184
12167760,-5.7288866,-3.0668225,8.454419
12167770,-4.317023,-2.454895,7.8233314
12167779,-2.926714,-2.0261865,6.2941113
12167789,-1.9854712,-1.108894,4.2032595
12167799,-1.7435743,0.4035608,3.7074902
12167809,-1.8621277,0.89932984,4.9948134
12167819,-2.0094213,0.015567627,1.4897021
12167829,-1.3340259,-1.8836828,1.3112732
12167839,-2.403402,-3.8871167,6.10251
12167848,-4.8259645,-5.0678616,5.6247034
12167858,-3.7015028,-6.2545934,6.0330544
12167868,-0.7807764,-7.369475,6.243816
12167878,1.3364209,-8.913065,6.901249
12167888,2.8297155,-9.9644785,6.495293
12167898,3.1446607,-9.404044,5.219945
12167908,1.1831397,-7.2149963,4.7529163
12167917,-2.0680993,-5.708529,4.5421543
12167927,-5.315746,-5.053491,4.02962
12167937,-7.125183,-5.5780005,4.216432
12167947,-6.6401916,-6.8114357,4.494254
12167957,-3.937412,-8.474776,3.8607714
12167967,-1.2370276,-9.959689,4.581672
12167977,0.91849,-11.05062,4.878655
12167986,1.6166382,-11.450588,3.725453
12167996,0.9400452,-10.844648,3.3805702
12168006,-0.038320314,-9.086704,3.7565882
12168016,-1.3819263,-7.699988,3.206931
12168026,-2.203418,-7.129973,3.359015
12168036,-2.6141639,-7.204219,3.7673657
12168046,-2.2656884,-7.8664417,3.5530114
12168055,-1.4621594,-9.047186,3.869154
12168065,-0.5903723,-9.976454,4.064348
12168075,0.038320314,-10.223141,3.8727465
12168085,0.0981958,-9.115444,4.1661363
12168095,-0.20357665,-8.853189,2.7207422
12168105,-0.27901977,-8.29994,1.2825329
12168115,0.17244141,-7.9287124,0.33410522
12168124,0.5771997,-7.9574523,-0.32332763
12168134,0.63108766,-8.093968,-0.40835083
12168144,0.5448669,-7.228169,0.80592406
12168154,-0.35087037,-6.422245,0.8753796
12168164,-0.9448352,-7.3539076,-0.39637575
12168174,-1.2226574,-7.061715,-1.404679
12168184,-1.660946,-8.624465,-2.5004003
12168193,-0.9568103,-9.339378,-3.2332764
12168203,-0.556842,-10.715318,-3.0273046
12168213,-0.30057496,-9.456735,-1.5052698
12168223,-0.38799316,-10.534493,-2.7734327
12168233,-0.61791503,-11.138039,-3.0668225
12168243,-1.299298,-11.7511635,-1.9962487
12168253,-2.0261865,-12.051739,-2.6788294
12168262,-3.1913636,-11.553575,-3.634442
12168272,-3.3602123,-10.935659,-5.403164
12168282,-2.9039612,-10.642269,-6.8533483
12168292,-1.9124231,-10.37762,-7.084468
12168302,-1.0130932,-10.813513,-7.204219
12168312,0.26105714,-11.159594,-6.4330225
12168322,0.9136999,-8.998089,-4.564907
12168331,-0.05867798,-9.939331,-6.5216384
12168341,-0.25506958,-11.761941,-8.638836
12168351,1.541195,-8.686736,-7.491621
12168361,2.254911,-3.8068836,-7.3119946
12168371,1.7280066,-2.5650659,-8.727451
12168381,0.8143066,-3.0716126,-8.040081
12168391,-0.732876,-5.5097423,-6.697672
12168400,-1.8034497,-8.646021,-6.8138304
12168410,-1.6178356,-10.11297,-7.2149963
12168420,-1.3388159,-10.304571,-8.207732
12168430,-1.1579919,-9.872271,-7.3347473
12168440,-0.7220984,-9.48308,-6.8533483
12168450,-0.3412903,-9.377699,-5.7300844
12168460,-0.4179309,-9.110654,-4.2583447
12168469,-1.8034497,-8.425678,-4.142186
12168479,-3.0979578,-8.384963,-6.314469
12168489,-3.2213013,-7.052135,-5.606741
12168499,-3.497926,-5.154082,-5.508545
12168509,-4.414021,-5.464237,-6.4234424
12168519,-5.5097423,-6.0103016,-8.563393
12168529,-5.380411,-5.7300844,-9.326206
12168538,-5.5851855,-6.2234583,-9.663904
12168548,-5.8402553,-7.6616673,-9.695039
12168558,-5.334906,-9.695039,-9.626781
12168568,-4.252357,-10.823093,-9.879456
12168578,-2.5938063,-10.881771,-8.764574
12168621,-1.3244458,-9.83395,-7.521559
12168631,-1.348396,-8.495134,-7.266489
12168641,-1.7998571,-7.68442,-6.7503624
12168651,-2.2381458,-7.699988,-5.290598
12168661,-2.1794677,-8.590935,-2.6273365
12168671,-1.9232007,-9.667497,1.2202624
12168681,-1.7818946,-13.609698,0.7316785
12168690,-0.4670288,-13.952187,-3.8344262
12168700,-0.34967285,-10.484198,-7.1072206
12168710,-1.0442286,-8.254435,-7.7359133
12168720,-0.60354495,-5.987549,-4.4978466
12168730,0.23830444,-4.763694,-0.93765014
12168740,-1.0861413,-6.835386,-0.4394861
12168750,-3.2248938,-10.908116,-0.50774413
12168759,-3.429668,-13.293556,0.05388794
12168769,-3.0764027,-10.684182,1.8106347
12168779,-3.5134935,-6.892866,-0.085023195
12168789,-2.842888,-8.105944,-4.3050475
12168799,-0.60354495,-12.034973,-3.8751416
12168809,0.6370752,-11.33922,0.09101074
12168819,-1.2406201,-8.696316,4.008065
12168828,-3.8775365,-11.429033,2.830913
12168838,-5.090614,-10.663824,3.3015344
12168848,-5.364844,-6.9826794,5.3600535
12168858,-4.8175817,-8.483159,0.19279908
12168868,-2.842888,-9.102272,-0.96399534
12168878,-0.5879773,-8.525072,0.7424561
12168888,0.62031007,-9.541758,0.7688013
12168897,0.25506958,-7.36708,2.4764502
12168907,-1.9746937,-4.387676,4.160149
12168917,-4.942123,-3.685935,3.378175
12168927,-6.1911254,-4.1948767,1.653761
12168937,-4.4583287,-5.4319043,1.5759228
12168947,-1.8669177,-7.085665,0.50774413
12168957,-0.3293152,-8.28078,0.9029224
12168966,0.6550378,-8.865165,2.7363098
12168976,0.8693921,-8.402926,4.198469
12168986,0.031135254,-8.132289,2.9806018
12168996,-1.1496093,-7.8101587,0.9735754
12169006,-1.893263,-7.4197707,-1.096919
12169016,-1.7423767,-7.7766285,-2.3459215
12169026,-1.1735595,-8.152646,-1.726809
12169035,-0.8813672,-8.440049,-0.7244934
12169045,-1.1244617,-9.629176,-1.1220666
12169055,-1.5711328,-11.352392,-2.264491
12169065,-1.1915222,-11.570339,-3.0967603
12169079,-1.1831397,-9.589658,-4.1002736
12169088,-1.6777111,-9.295071,-4.008065
12169098,-1.4370117,-8.595725,-3.1985486
12169108,-1.6896863,-8.340655,-4.242777
12169118,-2.2237756,-8.695118,-5.0966015
12169128,-2.5734484,-8.729846,-3.7553906
12169138,-3.0296998,-9.340576,-3.4332604
12169148,-3.326682,-10.0207615,-4.623585
12169157,-3.378175,-10.10339,-5.901328
12169167,-3.0368848,-9.690249,-5.019961
12169177,-2.3758593,-9.654324,-4.6894484
12169187,-1.6573535,-9.426797,-5.645061
12169197,-0.9089099,-8.868757,-6.2402234
12169207,0.10897339,-7.563472,-5.8486376
12169217,0.5185217,-6.422245,-6.0833497
12169226,0.5340893,-6.8018556,-6.1623855
12169236,0.47660887,-6.7479677,-5.1552796
12169246,0.008382568,-7.2090087,-4.162544
12169256,-0.88974977,-6.6078587,-3.5865417
12169266,-1.5986755,-5.379214,-4.1517663
12169276,-1.6381934,-4.1218286,-5.310956
12169286,-0.9089099,-3.766168,-9.333391
12169295,-0.026345216,-4.3469605,-12.566668
12169305,1.7675244,-3.138673,-12.287647
12169315,1.6190332,-4.2080493,-12.55589
12169325,0.27782226,-6.502478,-11.772718
12169335,-1.4645544,-9.534573,-9.296268
12169345,-3.3470397,-12.755874,-6.270161
12169355,-5.7468495,-13.461207,-5.2510805
12169364,-7.7921963,-11.7439785,-4.90979
12169374,-7.2928343,-9.186097,-7.6963954
12169384,-5.259463,-7.380253,-9.742939
12169394,-4.012855,-6.7611403,-9.473499
12169404,-4.29427,-7.212601,-8.365803
12169414,-4.140989,-8.174202,-8.957373
12169424,-2.6728418,-8.456814,-10.481803
12169433,-0.9136999,-7.877219,-11.209888
12169443,-0.60354495,-7.9107494,-9.667497
12169453,-1.583108,-8.083191,-8.460406
12169463,-2.1183949,-6.859336,-10.381212
12169473,-1.9315833,-3.3326697,-10.04591
12169483,-0.5987549,0.16765137,-10.427915
12169493,0.37482056,-2.701582,-13.956976
12169502,1.3567786,-6.046227,-11.049422
12169512,0.920885,-8.982521,-7.9574523
12169522,-0.82867676,-11.109298,-7.580237
12169532,-1.8082397,-12.032578,-7.380253
12169542,-2.1650977,-13.066029,-7.836504
12169552,-2.6680517,-13.373789,-7.141948
12169562,-2.8656409,-13.7629795,-7.7862086
12169571,-3.5398388,-9.365724,-7.7622585
12169581,-4.3924656,-1.8669177,-7.019802
12169591,-4.7517185,1.8262024,-8.55022
12169601,-3.0967603,-1.407074,-7.848479
12169611,0.010777588,-5.795947,-5.144502
12169621,1.1579919,-9.263935,-3.4129028
12169630,-0.20477417,-12.082873,-3.9709425
12169640,-1.2645704,-12.899575,-5.290598
12169650,-1.6226257,-12.885205,-5.437892
12169660,-1.5615528,-12.30082,-3.6775525
12169670,-1.5004797,-12.203822,-4.1661363
12169680,-0.7735913,-9.804012,-3.2308815
12169690,-1.1735595,-5.3384986,-1.6082556
12169699,-1.6896863,-3.6428246,-2.2070105
12169709,-1.1340418,-4.0607557,-2.3878345
12169719,-0.80233157,-4.070336,-0.9304651
12169729,-0.8945398,-6.7335973,-2.9674292
12169739,-0.5173242,-10.437495,-3.4129028
12169749,-0.17124389,-12.038566,-0.99752563
12169759,-1.1747571,-12.782219,1.8788928
12169768,-3.36141,-11.523637,2.9135413
12169778,-4.975653,-9.484278,0.88735473
12169788,-5.2882032,-7.2102065,-1.3711487
12169798,-4.2643323,-5.9911413,-2.75068
12169808,-2.635719,-5.8294773,-2.7925928
12169818,-1.1867322,-6.42943,-3.0344896
12169828,-0.07185058,-7.9670324,-2.9398866
12169837,-0.15208374,-9.267529,-2.0932472
12169847,-1.0873389,-10.3931875,-1.7962646
12169857,-2.4417224,-11.6314125,-1.6944764
12169874,-3.1087353,-11.514056,-1.155597
12169884,-3.5554066,-11.393108,-1.959126
12169893,-3.2692018,-8.883127,-1.9531385
12169903,-2.4441175,-7.1682935,-2.4357347
12169913,-1.585503,-6.6868944,-1.6501684
12169923,-1.1939173,-6.815028,-1.1639795
12169933,-1.1951147,-7.205416,-0.81789917
12169943,-1.2178674,-7.5419164,-0.36164796
12169953,-1.5220349,-6.827003,0.04670288
12169962,-2.2453308,-3.9601648,-0.8107141
12169972,-2.3734643,-0.6274951,-3.1602283
12169982,-1.3316308,-1.9746937,-8.717871
12169992,1.3495935,-3.1063404,-8.55501
12170002,2.494413,-5.6833816,-8.031698
12170012,2.1243823,-6.532416,-6.702462
12170022,0.78915894,-7.350315,-9.508227
12170031,-0.47660887,-8.151449,-13.028906
12170041,-1.111289,-7.4221654,-12.287647
12170051,-1.1352392,-7.6389146,-12.549902
12170061,-0.24189697,-7.9766126,-13.310321
12170071,0.62390256,-7.6029897,-13.389357
12170081,0.07903565,-7.801776,-11.565549
12170090,-1.9758911,-8.32868,-6.678512
12170100,-4.694238,-8.703501,-6.284531
12170110,-4.9361353,-3.3111145,-8.640033
12170120,-5.344486,-1.0466236,-12.166699
12170130,-6.100115,-0.2969824,-12.576247
12170140,-6.006709,-3.1051428,-12.661271
12170150,-5.997129,-5.461842,-9.678274
12170159,-6.5503783,-7.2509217,-9.707014
12170169,-5.1864147,-5.788762,-8.241262
12170179,-3.3494349,-5.2043777,-9.696237
12170189,-3.2284863,-6.5384035,-9.826765
12170199,-3.8823266,-8.137079,-9.341774
12170209,-3.67396,-8.962163,-10.548863
12170219,-3.0811927,-6.9874697,-10.621912
12170228,-3.2476466,-6.086942,-10.1261425
12170241,-3.5374439,-8.326285,-9.121432
12170251,-3.1566358,-7.428153,-6.301296
12170261,-3.5865417,-4.925358,-6.6581545
12170271,-3.4715807,-3.9529798,-8.788525
12170281,-2.2321582,-4.9277525,-10.1824255
12170291,-0.6586304,-5.562433,-10.220746
12170301,-0.09340576,-4.028423,-9.333391
12170310,-0.31734008,-1.3711487,-9.821975
12170320,-0.47062135,-1.8681152,-12.9678335
12170330,0.3065625,-0.40116578,-11.34401
12170340,-0.16166382,0.9017249,-11.729609
12170350,-0.7220984,1.2789404,-10.474618
12170360,0.50774413,1.7591418,-11.335628
12170370,1.5735278,2.0752845,-12.997771
12170379,0.18800904,-0.014370117,-11.603869
12170389,-1.1532019,-4.6403503,-9.418414
12170399,-1.6525635,-7.989785,-9.319021
12170409,-2.8045678,-7.652087,-7.719148
12170419,-4.877457,-3.7733533,-9.19448
12170429,-5.53489,1.1053015,-11.94516
12170439,-4.8451247,-0.86579955,-12.849279
12170448,-3.9158568,-3.8260436,-10.160871
12170458,-3.8883142,-7.8005786,-8.943003
12170468,-3.7134778,-9.966874,-6.9994445
12170478,-3.1674132,-9.340576,-8.766969
12170488,-4.399651,-7.021,-9.645941
12170498,-5.0726514,-6.700067,-11.837384
12170507,-4.4343786,-8.316706,-8.91067
12170517,-3.321892,-8.469987,-6.0318565
12170527,-3.9673498,-5.81391,-5.628296
12170537,-5.8198977,-3.0488598,-7.556287
12170547,-6.4485903,-1.3208532,-9.060359
12170557,-5.1313295,-2.7794201,-11.25779
12170567,-3.7949085,-5.3624487,-11.355985
12170576,-2.738705,-1.5998731,-8.196955
12170586,-2.1674926,0.87178713,-12.478052
12170596,-0.676593,-0.0981958,-12.461287
12170606,0.07783814,1.1735595,-11.539204
12170616,0.55324954,1.0262659,-13.977334
12170626,0.5017566,0.5376819,-12.293635
12170636,-0.22273682,-1.8681152,-10.311756
12170645,-2.3519092,-5.3145485,-8.720266
12170655,-3.810476,-7.5395217,-10.328522
12170665,-4.733756,-5.4750147,-11.173964
12170675,-4.9540977,-3.0740075,-12.6445055
12170685,-5.0163684,-3.3398547,-10.77639
12170695,-4.785249,-4.4954515,-10.435101
12170705,-5.170847,-5.157675,-10.500963
12170714,-5.3504734,-7.0078273,-8.146659
12170724,-4.566105,-8.647218,-6.695277
12170734,-3.3961377,-8.248447,-7.0880604
12170744,-4.380491,-6.8114357,-9.419612
12170754,-5.344486,-7.6904078,-11.468551
12170764,-4.374503,-8.698711,-7.97781
12170774,-2.9853919,-7.867639,-4.9600854
12170783,-2.9937744,-5.732479,-5.8402553
12170793,-4.164939,-3.1925611,-7.571854
12170803,-4.390071,-2.818938,-9.799222
12170813,-2.4788451,-4.639153,-11.923605
12170823,-1.1124866,-3.9170544,-10.47342
12170833,-0.24548951,-1.4142591,-10.79555
12170843,-0.085023195,1.5651453,-11.33922
12170852,-0.043110352,0.70174074,-12.880415
12170862,0.5400769,0.41314086,-14.179713
12170872,0.89932984,0.0981958,-13.895904
12170882,1.22625,-2.3626869,-13.716277
12170892,0.6251001,-3.4703834,-11.509266
12170902,1.0753638,-5.53968,-12.787009
12170912,1.1663746,-5.588778,-9.9644785
12170921,-0.58558226,-4.416416,-5.4678297
12170931,-2.7375073,-1.9603235,-3.4596057
12170941,-6.0498195,-1.6501684,-5.0894165
12170951,-6.6282167,-5.637876,-4.4427614
12170961,-5.301376,-10.882969,-4.2391844
12170971,-4.205654,-13.7055,-5.863008
12170981,-2.5638685,-12.178675,-7.6556797
12170990,-2.15911,-9.586065,-9.88185
12171000,-3.2404613,-9.695039,-9.398057
12171010,-3.937412,-9.708212,-7.0892577
12171020,-4.4571314,-9.971663,-4.893025
12171030,-4.64514,-10.503358,-3.6320472
12171040,-4.7397437,-10.740465,-4.206852
12171050,-4.0607557,-10.814711,-6.5946865
12171059,-3.0943651,-11.636203,-8.046068
12171069,-2.8057654,-11.205099,-7.1048255
12171079,-2.550696,-11.984677,-5.412744
12171089,-2.3076012,-11.71883,-5.85223
12171099,-2.1339624,-12.00743,-5.637876
12171109,-1.2717553,-13.269606,-6.051017
12171119,-0.46104127,-13.655204,-5.6486535
12171128,-0.35326537,-12.269685,-3.6452198
12171138,-0.82268924,-10.662627,-2.941084
12171148,-1.4370117,-9.520203,-4.1541615
12171158,-1.8800904,-9.043593,-5.7372694
12171168,-2.1878502,-9.558523,-6.2498035
12171178,-2.027384,-9.291478,-3.8799317
12171188,-2.5650659,-9.404044,0.0
12171197,-3.6895275,-10.75723,7.150331
12171207,-5.019961,-14.834751,5.798342
12171217,-5.854625,-13.52707,-1.5543677
12171227,-6.774313,-9.384884,-2.6955945
12171237,-7.3539076,-6.4821205,-0.18681152
12171247,-7.6149645,-3.9314246,1.7495618
12171257,-7.3000197,-2.8907886,-0.81310916
12171266,-5.82828,-3.0692174,-2.6716442
12171276,-3.885919,-2.6321266,-0.91849
12171286,-2.1016297,-3.561394,-0.05508545
12171296,-1.0705737,-4.572092,0.068258055
12171306,-0.6885681,-4.580475,0.74485105
12171316,-1.299298,-4.196074,1.4429992
12171326,-1.9255958,-3.685935,1.9878662
12171335,-2.1579125,-3.4188905,1.7076489
12171345,-2.6764343,-2.8967762,3.2871642
12171355,-2.6512866,-2.6884093,5.764812
12171365,-2.1567152,-2.6009912,3.4488282
12171375,-0.6490503,-3.9278321,2.581831
12171385,0.41314086,-7.7059755,3.08239
12171395,0.5161267,-8.868757,4.726571
12171404,0.8262817,-7.543114,9.408834
12171414,1.8273998,-9.096284,5.9073157
12171424,1.961521,-8.590935,6.7264123
12171434,-0.6646179,-7.8568616,6.575526
12171444,-2.6584716,-8.074808,6.2665687
12171454,-2.990182,-7.8879967,7.4389305
12171472,-2.7099645,-7.3575,8.243657
12171482,-2.1483326,-6.964717,7.740703
12171492,-1.5172448,-5.788762,6.546786
12171502,-1.9232007,-3.6967127,3.6116896
12171512,-2.081272,-1.5256275,1.4932947
12171522,-1.583108,0.07903565,3.0057495
12171532,-2.9231215,-1.0047107,1.8190173
12171541,-5.974376,-2.0142114,1.5364051
12171551,-7.230564,-3.0943651,0.69455564
12171561,-4.079916,-7.4197707,0.068258055
12171571,0.852627,-12.20023,2.4896228
12171581,4.8475194,-14.904206,3.7733533
12171591,5.5540504,-14.588064,3.2608192
12171601,4.093088,-12.797787,-0.41433838
12171610,1.1783496,-11.67093,-3.4045203
12171620,-0.89334226,-12.018208,-1.101709
12171630,-4.8666797,-10.461445,8.080796
12171640,-8.400531,-8.850795,7.013815
12171650,-8.141869,-7.7275305,2.9710217
12171660,-5.9492283,-8.8460045,0.5879773
12171670,-3.0524523,-9.818382,1.9603235
12171679,-0.7496411,-11.287727,2.818938
12171689,0.5676196,-12.6373205,2.3614893
12171699,0.8681946,-12.340338,1.9699036
12171709,-0.43110353,-11.158396,1.8309925
12171719,-2.7003846,-9.542955,1.3675561
12171729,-3.9290295,-9.182505,-0.5388794
12171739,-3.8966968,-9.286688,-2.1710851
12171748,-2.9877868,-9.22322,-2.581831
12171758,-1.3040881,-9.048384,-1.8357825
12171768,0.47421387,-9.341774,-1.0801538
12171778,0.96160036,-9.588461,-0.30296996
12171788,0.8813672,-9.1693325,-0.20836669
12171798,-0.04790039,-7.884404,-0.80592406
12171808,-1.5591577,-7.0186048,-1.8250049
12171821,-2.4117846,-6.843768,-3.3997302
12171831,-2.330354,-8.164621,-6.0270667
12171841,-1.5555652,-7.2904396,-4.805607
12171851,-0.6334827,-9.429192,-4.30864
12171861,-0.41433838,-10.629097,-3.6140845
12171871,-1.0717713,-11.908037,-2.591411
12171881,-0.7137158,-9.7393465,-0.29578492
12171891,-1.4274316,-10.584789,-2.1100123
12171900,-3.06802,-9.472302,-3.4608033
12171910,-3.551814,-8.236472,-4.9289503
12171920,-3.0799952,-7.4341407,-7.7538757
12171930,-2.1004322,-7.169491,-9.748927
12171940,-0.53648436,-7.812554,-9.849518
12171950,0.8310718,-9.090297,-8.434061
12171960,0.81191164,-11.697275,-7.4485106
12171969,0.28740233,-12.212205,-5.567223
12171979,-1.0717713,-9.83395,-3.36141
12171989,-2.5854235,-8.691525,-4.472699
12171999,-2.8728259,-8.681946,-5.8079224
12172009,-2.4225624,-7.667655,-5.210365
12172019,-1.7076489,-10.538086,-8.560997
12172029,0.039517824,-11.981085,-10.527308
12172038,2.1902454,-6.940767,-7.7993813
12172048,2.8716285,-2.567461,-6.929989
12172058,2.3459215,0.07544312,-7.486831
12172068,0.25027955,-2.6021888,-7.7754307
12172078,-2.2764661,-7.162306,-10.000404
12172088,-4.1936793,-7.5934095,-8.460406
12172098,-4.3050475,-5.5528526,-7.843689
12172107,-2.8105555,-4.042793,-8.558602
12172117,-1.3986914,-4.7601013,-10.977572
12172127,-1.5555652,-4.5840673,-10.9703865
12172137,-2.535128,-6.284531,-11.399096
12172147,-3.1207104,-8.074808,-7.8448863
12172157,-2.6668541,-7.492819,-5.2187476
12172167,-2.76984,-7.806566,-6.023474
12172176,-2.5027955,-7.5598793,-7.6472974
12172186,-2.029779,-6.9024463,-9.772877
12172196,-2.081272,-5.4091516,-9.346563
12172206,-2.8644433,-4.728966,-8.529862
12172216,-3.9457946,-6.043832,-8.392148
12172226,-4.3385777,-6.6246243,-7.573052
12172236,-4.59724,-7.3982153,-7.4832387
12172245,-4.3685155,-8.1071415,-5.5217175
12172255,-3.9146595,-7.98739,-4.0044727
12172265,-3.321892,-8.79571,-4.829557
12172275,-2.9219239,-11.148816,-4.2739124
12172285,-2.4740553,-11.557167,-3.8487964
12172295,-2.9758117,-11.099718,-4.3697133
12172305,-3.37578,-12.024196,-4.9529004
12172314,-2.6393116,-11.933185,-4.7385464
12172324,-2.1004322,-13.477972,-6.605464
12172338,-0.8693921,-12.331956,-6.6090565
12172348,-0.23950195,-11.596684,-6.5132556
12172358,0.66940796,-10.535691,-4.9744554
12172368,0.7209009,-9.245973,-2.3602917
12172378,0.4790039,-7.597002,0.34009278
12172388,-1.5196398,-6.8808913,-0.6514453
12172397,-3.8535864,-7.1587133,-2.9937744
12172407,-5.2917957,-8.211325,-2.3267615
12172417,-5.508545,-9.529782,-2.955454
12172427,-4.501439,-10.928474,-4.3421702
12172437,-2.9925768,-10.98356,-2.4812403
12172447,-2.0046313,-9.369316,-1.1460168
12172457,-1.3232483,-8.802895,-1.045426
12172466,-1.5052698,-8.678353,-1.8609302
12172476,-1.785487,-9.047186,-3.2308815
12172486,-2.003434,-10.667417,-1.2094848
12172496,-3.1494508,-8.055648,2.0561242
12172506,-4.2511597,-7.726333,2.0237916
12172516,-5.81391,-3.1626234,4.981641
12172526,-7.150331,-0.9340576,4.2008643
12172535,-7.507189,-2.5459058,1.5388
12172545,-5.384004,-5.2678456,-0.104183346
12172555,-2.8728259,-8.369396,0.74485105
12172565,-1.0322534,-9.0639515,5.259463
12172575,-0.04430786,-9.108259,4.7277684
12172585,-0.09580078,-8.968151,1.8992505
12172595,-0.8562195,-7.4568934,0.8430469
12172604,-1.4286292,-6.4713426,-1.2022998
12172614,-1.663341,-6.8629284,-2.591411
12172624,-1.1987072,-7.5287437,-1.4920971
12172634,-1.0466236,-8.661588,0.13651611
12172644,-1.6908838,-9.986034,0.7652087
12172654,-2.339934,-9.3309965,-1.597478
12172664,-2.618954,-11.214679,-7.042555
12172673,-0.9699829,-8.788525,-5.2965856
12172683,-0.6825806,-7.1347632,-5.124144
12172693,-1.3316308,-5.7312818,-6.13125
12172703,-2.2884412,-5.4235215,-5.7851696
12172713,-3.4260755,-6.587501,-4.059558
12172723,-4.0332127,-8.8388195,-3.2117212
12172733,-4.29906,-8.898695,-3.7074902
12172742,-4.5780797,-8.580157,-7.042555
12172752,-4.2296047,-8.418493,-7.8867993
12172762,-3.1985486,-8.745414,-10.368039
12172772,-2.3171813,-9.3944645,-11.03146
12172784,-2.123185,-9.078321,-9.698631
12172794,-2.6141639,-8.109536,-7.933502
12172804,-3.0716126,-6.974297,-6.6401916
12172814,-3.2404613,-5.9216857,-6.382727
12172824,-3.1111305,-5.7360716,-7.0329747
12172834,-2.4010072,-5.6630235,-8.984916
12172843,-1.5579602,-5.8438478,-10.758428
12172853,-1.1124866,-6.149213,-10.490186
12172863,-1.0095007,-6.979087,-10.502161
12172873,-1.3759388,-7.5934095,-10.017169
12172883,-2.503993,-8.341853,-9.667497
12172893,-3.1602283,-7.749086,-8.820857
12172903,-3.5997143,-7.3982153,-8.182584
12172912,-4.106261,-7.3419323,-8.458012
12172922,-4.3541455,-6.7671275,-8.250842
12172932,-4.3218126,-6.0402393,-7.171886
12172942,-4.758904,-6.5575633,-6.671327
12172952,-4.5984373,-6.659352,-6.603069
12172962,-4.3589354,-7.003037,-7.1168003
12172972,-4.211642,-7.3994126,-7.374265
12172981,-3.9996827,-8.6280575,-8.367001
12172991,-3.7613783,-8.062833,-7.914342
12173001,-3.7877233,-5.825885,-6.547983
12173011,-4.942123,-4.3146276,-5.9396486
12173021,-5.379214,-4.4834766,-6.795868
12173031,-5.2678456,-6.404282,-7.310797
12173041,-4.731361,-8.214917,-6.1611876
12173050,-4.2032595,-9.091495,-4.0320153
12173060,-3.979325,-9.461525,-3.8188586
12173070,-3.5817518,-9.911788,-5.140909
12173080,-2.445315,-8.92504,-5.5169277
12173090,-1.6405884,-7.500004,-5.2750306
12173100,-1.3208532,-6.549181,-4.311035
12173110,-1.4022839,-6.199508,-2.5171654
12173119,-1.7902771,-6.9898643,-1.3352234
12173129,-1.8130298,-7.980205,0.40595582
12173139,-2.1435425,-8.86277,2.3854394
12173149,-1.7280066,-9.598041,3.9469922
12173159,-2.5997937,-11.181149,2.43813
12173169,-3.4476306,-9.633966,3.7062926
12173179,-4.1829014,-8.235274,3.0572424
12173188,-4.940925,-7.8029737,1.1567944
12173198,-4.8822474,-7.4197707,0.7113208
12173208,-4.0320153,-7.7514806,0.76640624
12173218,-2.830913,-8.430469,0.98195803
12173228,-1.8597326,-9.154963,1.1352392
12173238,-2.0417542,-9.129814,1.1735595
12173248,-3.4428406,-8.725056,0.60354495
12173257,-5.466632,-8.53585,0.43828857
12173267,-7.0066295,-8.55022,0.086220704
12173277,-7.7814183,-8.816067,0.5173242
12173287,-8.087981,-8.903485,0.9855505
12173297,-7.507189,-9.020841,0.864602
12173307,-6.325247,-8.754993,0.8250842
12173317,-5.17444,-8.738229,1.1747571
12173326,-4.5217967,-8.274793,0.99992067
12173336,-4.9217653,-8.202942,0.6262976
12173346,-5.247488,-8.423284,1.1076965
12173356,-5.421127,-8.740623,0.8801697
12173366,-5.3241286,-8.641231,1.1496093
12173376,-4.387676,-8.533455,1.7926722
12173386,-4.1685314,-7.9921803,2.4980054
12173396,-4.9217653,-7.444918,2.8680358
12173412,-5.6558385,-6.9611244,3.102748
12173422,-6.2174706,-6.470145,3.4919386
12173432,-5.9863515,-6.411467,3.0237122
12173441,-4.9720607,-6.7132397,2.6524842
12173451,-4.1170387,-7.0245924,2.6728418
12173461,-3.8751416,-7.098838,2.569856
12173471,-4.0392003,-7.2245765,2.8716285
12173481,-4.5864625,-7.701185,2.9758117
12173491,-5.459447,-8.028106,2.7087672
12173501,-6.1324477,-8.213719,2.3099964
12173510,-6.347999,-8.090376,2.2752686
12173520,-6.316864,-7.756271,2.1016297
12173530,-5.660629,-7.5023985,1.9315833
12173540,-5.077441,-7.458091,1.84656
12173550,-4.8990126,-6.8749037,2.0680993
12173560,-5.2426977,-6.253396,2.7087672
12173570,-5.210365,-6.791078,1.9339783
12173579,-5.557643,-7.100035,1.7387842
12173589,-5.647456,-7.876022,0.864602
12173599,-5.7851696,-7.599397,1.2322376
12173609,-5.3684363,-6.5443907,1.8753003
12173619,-3.8655615,-6.9922595,3.4356556
12173629,-3.558999,-8.543035,2.638114
12173639,-3.5122962,-7.5119786,4.2739124
12173648,-3.514691,-6.4641576,3.5015185
12173658,-4.3445654,-5.795947,3.4608033
12173668,-4.4738965,-7.2640944,1.3723462
12173678,-4.357738,-9.078321,-0.11855347
12173688,-4.4415636,-9.590856,1.5591577
12173698,-4.1242237,-10.036329,1.9339783
12173708,-3.3350646,-9.656719,0.9927356
12173717,-2.5471032,-8.25204,1.4789245
12173727,-1.7519568,-6.8138304,2.1758752
12173737,-1.3184582,-5.466632,2.1782703
12173747,-1.0047107,-5.8785753,0.069455564
12173757,-1.099314,-8.426876,-2.5950036
12173767,-1.1208692,-10.311756,-3.1865735
12173777,-1.3603711,-12.355906,-1.1184741
12173786,-2.0597167,-11.0194845,2.9075537
12173796,-3.0907726,-9.259146,3.1566358
12173806,-3.69791,-7.8592567,0.2826123
12173816,-2.8716285,-6.3851223,-1.7998571
12173826,-1.4334192,-6.3048887,-3.7601807
12173836,0.36284545,-5.932463,-4.003275
12173846,1.6681311,-6.937174,-3.7973034
12173855,2.718347,-7.6425076,-3.333867
12173865,2.814148,-7.507189,-3.241659
12173875,1.8537451,-7.010222,-3.9074743
12173885,0.69575316,-6.4641576,-4.8894324
12173895,0.014370117,-7.0689,-6.617439
12173905,-0.19399658,-7.9718227,-5.9492283
12173915,-0.18561402,-8.127499,-3.1602283
12173924,-1.2717553,-7.0401597,-2.9566517
12173934,-2.8919861,-9.002878,-6.7623377
12173944,-3.0500574,-10.753637,-7.2509217
12173954,-3.0165272,-11.175161,-7.3922276
12173964,-3.551814,-10.186018,-7.7466908
12173974,-3.3913476,-7.813751,-8.096363
12173984,-2.6955945,-6.495293,-9.243578
12173993,-1.6561561,-5.8175025,-10.166858
12174003,-0.9520203,-5.591173,-11.412268
12174013,-1.0202783,-5.9707837,-11.431428
12174023,-1.1208692,-6.9611244,-10.023157
12174033,-1.6393908,-8.743019,-8.529862
12174043,-2.403402,-8.868757,-6.5743284
12174053,-3.417693,-7.508386,-5.3923864
12174062,-4.047583,-5.6726036,-6.7276096
12174072,-4.414021,-4.8175817,-8.814869
12174082,-4.1373963,-4.2882824,-10.496173
12174092,-3.7577856,-4.4080334,-10.48779
12174106,-3.1278956,-5.309758,-10.6255045
12174116,-2.6045837,-6.204298,-10.2878065
12174126,-2.1854553,-6.8725085,-9.598041
12174136,-2.6464965,-7.4952135,-9.3309965
12174146,-2.955454,-7.914342,-8.986114
12174155,-3.251239,-7.692803,-8.378976
12174165,-3.6428246,-7.2066135,-8.545429
12174175,-4.022435,-6.671327,-8.8951025
12174185,-3.7996986,-5.6582336,-8.680748
12174195,-3.549419,-4.988826,-8.842412
12174205,-2.9889843,-5.139712,-8.450827
12174215,-2.46687,-6.485713,-7.819739
12174224,-2.4584875,-7.770641,-6.771918
12174234,-2.4932153,-8.56938,-6.094127
12174244,-2.5207582,-8.703501,-6.0905347
12174254,-2.6680517,-8.145461,-6.597081
12174264,-2.9590466,-7.4473133,-7.32397
12174274,-2.950664,-6.8473606,-8.206534
12174284,-2.74589,-6.7695227,-8.765772
12174293,-2.2992187,-6.9096313,-8.618478
12174303,-1.9196081,-6.9335814,-8.935818
12174313,-1.5555652,-5.579198,-8.695118
12174323,-1.8262024,-3.5949242,-7.9454775
12174333,-2.4117846,-2.3207738,-7.276069
12174343,-3.0105395,-1.8082397,-8.061636
12174353,-3.194956,-2.9087512,-9.869876
12174362,-3.0249097,-4.763694,-10.1824255
12174372,-2.1734803,-5.605543,-9.611214
12174382,-1.663341,-5.7193065,-9.623188
12174392,-1.839375,-5.476212,-9.76689
12174402,-2.020199,-5.452262,-9.843531
12174412,-2.13516,-5.243895,-10.098599
12174422,-2.095642,-4.878655,-10.186018
12174431,-2.0573218,-4.5277843,-10.164463
12174441,-1.9914588,-4.5888577,-11.177556
12174451,-2.2165906,-4.63077,-11.212284
12174461,-2.1579125,-4.2200246,-10.796748
12174471,-2.1782703,-4.4343786,-10.6817875
12174481,-2.577041,-4.8547044,-10.211165
12174491,-2.6620643,-5.3373013,-9.569301
12174500,-2.530338,-5.4235215,-9.226812
12174510,-2.5375233,-5.271438,-9.248368
12174520,-2.6536818,-4.87626,-9.730965
12174530,-2.650089,-4.470304,-9.794433
12174540,-2.7267296,-4.436774,-9.707014
12174550,-2.6021888,-4.6978307,-9.705816
12174559,-2.5327332,-5.127737,-9.3309965
12174569,-2.6117687,-5.670209,-8.88193
12174579,-2.6249413,-5.999524,-8.546627
12174589,-2.6788294,-6.270161,-8.244855
12174599,-2.8357031,-6.3551846,-7.796986
12174609,-2.811753,-6.119275,-7.005432
12174619,-2.8177404,-6.1156826,-6.4006896
12174629,-2.7147546,-6.0617943,-7.03537
12174638,-2.3734643,-5.982759,-7.826924
12174648,-2.2752686,-6.084547,-8.3957405
12174658,-2.0585194,-6.2653713,-8.941806
12174668,-2.066902,-6.4557753,-8.868757
12174678,-1.9136206,-6.540798,-8.534652
12174688,-1.653761,-6.413862,-8.437654
12174698,-1.651366,-6.2521987,-8.490344
12174707,-1.5807129,-6.062992,-8.33347
12174717,-1.4274316,-6.065387,-8.231682
12174727,-1.3064831,-6.470145,-8.022118
12174737,-1.4298266,-7.067703,-8.255632
12174747,-1.5890955,-7.4030056,-8.327483
12174757,-1.729204,-7.5347314,-8.255632
12174766,-1.8022522,-7.5227566,-8.235274
12174776,-1.7950672,-7.379055,-8.258027
12174786,-1.7507592,-7.242539,-8.259225
12174796,-1.5711328,-7.04974,-8.279583
12174806,-1.3304334,-7.036567,-8.238867
12174816,-1.3268409,-7.0078273,-7.8616514
12174826,-1.3016931,-7.155121,-7.6389146
12174835,-1.663341,-7.0509377,-7.836504
12174845,-1.9531385,-7.09285,-8.307125
12174855,-2.0680993,-7.115603,-8.447234
12174865,-2.186653,-7.211404,-8.183782
12174875,-2.1686902,-7.3515124,-7.7059755
12174885,-1.9124231,-7.33834,-7.197034
12174895,-1.7160316,-7.294032,-6.7324
12174904,-1.6226257,-7.3910303,-6.3743443
12174914,-1.6058606,-7.6053843,-6.668932
12174924,-1.6657361,-8.013736,-7.3000197
12174934,-1.7016613,-7.9287124,-7.4401283
12174944,-1.7411792,-7.7933936,-7.3982153
12174954,-1.7962646,-7.701185,-7.266489
12174964,-1.8872753,-7.3191795,-7.0736904
12174973,-1.6896863,-7.2736745,-6.9623218
12174983,-1.4274316,-7.4329433,-6.8066454
12174993,-1.2202624,-7.462881,-6.8401756
12175003,-1.0298584,-7.345525,-6.9611244
12175013,-1.1172767,-7.516769,-7.228169
12175023,-1.1915222,-7.5981994,-7.2341566
12175033,-1.3891113,-7.325167,-7.0186048
12175042,-1.419049,-7.345525,-7.0018396
12175052,-1.3663586,-7.325167,-7.0557275
12175062,-1.4334192,-7.1706886,-6.955137
12175072,-1.4106665,-7.1455407,-6.715635
12175082,-1.5531702,-6.915619,-6.9994445
12175092,-1.648971,-6.9024463,-7.389833
12175102,-1.4885046,-6.7192273,-7.7430983
12175111,-1.2921131,-6.604266,-7.8879967
12175121,-1.2921131,-6.2426186,-7.6472974
12175131,-1.3699511,-6.1587925,-7.9742174
12175141,-1.4956897,-6.680907,-8.471184
12175151,-1.6813037,-7.315587,-8.423284
12175161,-1.6322058,-7.644902,-7.862849
12175171,-1.7842896,-7.801776,-7.465276
12175180,-2.0237916,-7.6688523,-7.33834
12175190,-1.9232007,-7.021,-7.1275783
12175200,-1.5795153,-6.4821205,-7.0868626
12175210,-1.2657678,-6.3839245,-7.573052
12175220,-0.85502195,-6.5012803,-7.789801
12175230,-0.7867639,-7.162306,-7.3048096
12175240,-0.81670165,-7.6149645,-6.998247
12175249,-1.3076806,-7.8891945,-6.910829
12175259,-1.8681152,-8.020921,-6.963519
12175269,-1.9926562,-8.049661,-7.149133
12175279,-1.8776953,-8.097561,-7.274872
12175289,-1.7100439,-7.8891945,-7.4401283
12175299,-1.3543836,-7.68442,-7.1706886
12175309,-1.096919,-7.611372,-7.084468
12175318,-1.2597803,-7.926317,-7.115603
12175328,-1.4477893,-7.940687,-6.9036436
12175338,-1.6082556,-7.919132,-6.8006577
12175348,-2.0213964,-8.048463,-7.106023
12175358,-2.1387525,-8.026908,-7.2173915
12175368,-2.0848646,-7.97302,-7.3850427
12175378,-1.9998413,-7.7742333,-7.369475
12175387,-1.9279907,-7.6724453,-7.3371425
12175397,-1.5208374,-7.3778577,-7.2976246
12175407,-1.6178356,-7.325167,-7.179071
12175417,-1.7280066,-7.3910303,-7.129973
12175427,-1.956731,-7.7299256,-7.2389464
12175437,-2.203418,-7.8329115,-7.2904396
12175447,-2.2680836,-7.8472815,-7.4736586
12175456,-2.4081922,-7.635322,-7.699988
12175466,-2.2441332,-7.397018,-7.8939843
12175476,-2.0657043,-7.247329,-8.161029
12175486,-2.1052222,-7.171886,-8.356223
12175496,-2.1842577,-6.9455566,-8.3191
12175506,-2.327959,-6.660549,-7.9718227
12175516,-2.4848328,-6.338419,-7.652087
12175525,-2.6632617,-6.013894,-7.5131764
12175535,-2.9171338,-6.009104,-8.087981
12175545,-2.8764184,-6.1743603,-8.778944
12175555,-2.757865,-6.004314,-9.342971
12175565,-2.5027955,-5.597161,-9.801618
12175575,-2.2728736,-5.2498827,-9.942924
12175585,-2.1315675,-5.039121,-9.922565
12175594,-2.1639001,-4.946913,-9.774075
12175604,-1.8441651,-4.685856,-9.359736
12175614,-1.7435743,-4.780459,-9.3872795
12175624,-1.4250367,-5.0989966,-9.86748
12175634,-1.0514135,-5.3528686,-9.918973
12175644,-0.80592406,-5.4810023,-10.0698595
12175654,-0.71850586,-5.391189,-10.019565
12175663,-0.7819739,-5.142107,-10.024354
12175673,-0.8430469,-4.62119,-9.940529
12175683,-0.9364526,-4.0811133,-9.601633
12175693,-0.80472654,-3.7709582,-9.524993
12175703,-0.7604187,-3.7482057,-9.923763
12175713,-0.37601808,-3.9338195,-10.613529
12175723,-0.23950195,-4.155359,-10.551258
12175732,-0.2945874,-4.460724,-10.692565
12175742,-0.35925293,-4.998406,-10.962005
12175752,-0.76640624,-5.0558863,-10.548863
12175762,-1.0574012,-4.8403344,-9.975256
12175772,-1.3364209,-4.3541455,-9.616003
12175782,-1.6705261,-3.8931043,-9.85311
12175792,-1.3268409,-4.3565407,-10.41115
12175801,-0.51971924,-6.3060865,-10.665022
12175811,0.66821045,-9.498648,-10.085427
12175821,1.3651612,-12.056528,-7.8796144
12175831,0.5652246,-12.202624,-6.6557593
12175841,-0.58558226,-9.893826,-8.156239
12175851,-1.7687219,-6.774313,-9.399254
12175861,-2.450105,-4.4128237,-10.162067
12175871,-2.999762,-3.2213013,-10.147697
12175880,-3.114723,-3.046465,-10.008786
12175890,-2.8931837,-3.8907092,-9.832752
12175900,-2.381847,-5.415139,-9.613608
12175910,-1.7591418,-7.123986,-8.5717745
12175920,-1.5483801,-8.513097,-8.412506
12175930,-1.7747095,-9.360934,-8.123906
12175939,-1.890868,-9.303453,-8.186176
12175949,-1.9675086,-8.666378,-8.648416
12175959,-2.0525317,-7.458091,-9.350156
12175969,-1.717229,-6.1671753,-10.174043
12175979,-1.0442286,-4.9229627,-10.947635
12175989,0.12933105,-3.8895118,-11.152409
12175999,1.1220666,-3.7685633,-10.387199
12176009,1.7938696,-4.0104604,-9.083112
12176018,2.379452,-5.892946,-7.6329274
12176028,2.1794677,-7.5203614,-6.187533
12176038,1.3088782,-9.207653,-4.5146117
12176048,0.3903882,-10.350077,-3.378175
12176058,-0.32452515,-11.099718,-3.4129028
12176068,-0.77718383,-10.558444,-3.8200562
12176078,-1.0514135,-10.328522,-4.60203
12176087,-0.5783972,-9.044791,-4.9696655
12176097,-0.12573853,-7.408993,-4.29427
12176107,-0.11855347,-6.2893214,-4.2739124
12176117,-0.11735596,-5.2498827,-4.475094
12176127,-0.10538086,-5.2510805,-3.305127
12176137,-0.23471192,-4.5074267,-1.8836828
12176147,-0.79993653,-6.5036755,-1.0035132
12176156,-1.3891113,-8.0999565,1.8130298
12176166,-1.8729053,-9.370514,2.1674926
12176176,-1.6118481,-10.260263,2.1627026
12176186,-1.3735437,-10.582394,2.6081762
12176196,-1.3495935,-10.584789,2.1052222
12176206,-1.0645862,-10.401569,1.2298425
12176216,-0.4670288,-9.807605,1.5507752
12176225,0.0371228,-9.42081,1.5627502
12176235,-0.08981323,-9.551338,1.5807129
12176245,-0.7244934,-9.028027,1.8705102
12176255,-1.7327967,-8.637638,2.0764818
12176265,-2.3459215,-8.329878,2.0944445
12176275,-2.6321266,-8.309521,2.3135889
12176285,-2.45729,-8.138276,2.278861
12176294,-2.278861,-8.053253,2.3698719
12176304,-2.102827,-7.9299097,2.7255323
12176314,-1.8836828,-7.6940002,2.9566517
12176324,-1.890868,-7.6245446,3.1243029
12176334,-1.9950513,-7.589817,3.0153296
12176344,-2.4405248,-7.5203614,3.194956
12176354,-3.0057495,-7.7514806,3.182981
12176363,-3.2608192,-8.171806,2.9327013
12176373,-3.2272887,-8.648416,2.7866051
12176383,-2.9374914,-8.994495,2.3147864
12176393,-2.6620643,-9.16574,2.259701
12176403,-2.6033862,-9.128617,2.4273522
12176413,-2.8464806,-9.025631,2.5614734
12176423,-3.6643798,-8.892708,2.7207422
12176432,-4.3289976,-8.9585705,2.6165588
12176442,-4.766089,-9.18011,2.4177723
12176452,-4.853507,-9.505833,3.018922
12176462,-4.8427296,-9.382489,3.2560291
12176472,-4.435576,-8.97294,3.6967127
12176482,-3.9505847,-8.110734,4.2080493
12176492,-3.6021094,-7.2461314,4.223617
12176501,-3.5039136,-6.4988856,3.5901344
12176511,-3.5182836,-5.967191,3.7242553
12176521,-3.3039293,-6.018684,3.8799317
12176531,-3.2033386,-6.4006896,4.014053
12176541,-3.1362782,-6.730005,4.223617
12176551,-3.026107,-7.0018396,4.237987
12176561,-3.0249097,-7.2293663,3.9338195
12176570,-2.7315197,-7.274872,3.7973034
12176580,-2.8357031,-7.03537,3.781736
12176590,-2.8177404,-6.7611403,3.685935
12176600,-2.6644592,-6.932384,3.5829492
12176610,-2.572251,-7.179071,3.9290295
12176620,-2.806963,-7.291637,4.079916
12176630,-2.9135413,-7.310797,4.3541455
12176639,-3.0404773,-7.1946387,4.5277843
12176649,-3.0895753,-6.9659142,4.4978466
12176659,-3.138673,-6.934779,4.7325587
12176669,-2.931504,-7.05932,4.622388
12176679,-3.1278956,-7.1024303,4.4128237
12176689,-3.2680042,-6.988667,4.5613146
12176699,-3.5039136,-6.963519,4.315825
12176708,-3.873944,-6.922804,4.436774
12176718,-4.022435,-6.509663,5.0989966
12176728,-3.8799317,-6.690487,4.4715014
12176738,-3.429668,-7.0090246,3.9901025
12176748,-3.1590307,-6.8341885,4.135001
12176758,-3.1757958,-6.412665,4.731361
12176768,-3.2871642,-6.3180614,4.176914
12176777,-3.117118,-6.4881077,4.435576
12176787,-3.2404613,-6.6078587,5.229525
12176797,-3.3518298,-6.7599425,5.909711
12176807,-2.818938,-6.9826794,5.2319202
12176817,-2.3543043,-6.730005,4.749324
12176827,-1.8657203,-6.697672,4.218827
12176837,-1.8190173,-6.4737377,4.003275
12176846,-2.0597167,-6.636599,3.7565882
12176856,-2.623744,-6.9683094,3.6080968
12176866,-3.05844,-6.7994604,3.861969
12176876,-3.2093263,-6.9024463,3.7194653
12176886,-3.046465,-7.267687,3.737428
12176896,-2.9865894,-7.7047777,3.7793407
12176906,-3.1590307,-7.709568,4.030818
12176940,-3.5721717,-7.3371425,4.580475
12176950,-3.6955152,-7.0629125,5.264253
12176959,-3.7158728,-6.1444225,5.003196
12176969,-3.7949085,-4.9061975,4.768484
12176979,-3.9948926,-4.4020457,2.9219239
12176989,-3.913462,-4.670288,2.1136048
12176999,-3.906277,-5.0487013,2.3698719
12177009,-3.7110827,-5.4953723,3.730243
12177019,-3.5087037,-5.576803,4.8582973
12177028,-3.0368848,-5.9923387,4.1924815
12177038,-3.0033545,-6.638994,4.2978625
12177048,-3.9014869,-7.066505,4.963678
12177058,-4.792434,-7.620952,4.4810815
12177068,-4.8547044,-8.618478,3.234474
12177078,-4.687053,-9.339378,3.473976
12177088,-4.4954515,-9.590856,3.6021094
12177097,-3.9194496,-9.2256155,2.8357031
12177107,-3.0835876,-8.320298,2.210603
12177117,-2.4656725,-7.5023985,1.6010705
12177127,-1.9447559,-6.894064,0.9424402
12177137,-1.8729053,-6.692882,0.07783814
12177147,-2.1627026,-7.94907,-0.97237796
12177157,-1.9255958,-10.186018,-1.4178516
12177166,-1.8441651,-11.618239,-0.14250366
12177176,-2.098037,-12.111614,0.54726195
12177186,-1.9124231,-12.245735,-0.069455564
12177196,-1.463357,-11.486514,-0.11855347
12177206,-0.7819739,-10.183623,0.016765136
12177216,-0.30776,-9.46392,-0.39517823
12177226,-0.16166382,-8.505912,-1.2466077
12177235,-0.11136841,-7.7921963,-1.9399658
12177245,-0.17603393,-7.715555,-2.7722352
12177255,-0.015567627,-7.5299416,-3.2380664
12177265,-0.21315674,-7.212601,-3.0201197
12177275,-0.41074586,-6.973099,-3.3745825
12177285,-0.39757323,-6.929989,-4.023633
12177295,-0.09220825,-7.077283,-4.7373486
12177304,0.16765137,-7.498806,-5.109774
12177314,0.20477417,-7.437733,-5.1229467
12177324,0.20477417,-7.2018237,-5.3504734
12177334,0.10538086,-6.565946,-5.891748
12177344,-0.10897339,-6.541996,-7.1658983
12177354,-0.3065625,-8.113129,-7.6496925
12177364,-0.44786865,-8.662786,-5.5935683
12177373,-0.9855505,-8.88672,-4.4882665
12177383,-2.13516,-9.131012,-5.277426
12177393,-2.9494665,-9.347761,-6.0103016
12177403,-2.9374914,-8.93462,-6.3456044
12177413,-2.8057654,-8.691525,-7.1443434
12177423,-2.6644592,-8.646021,-7.5347314
12177433,-2.618954,-8.0580435,-7.8400965
12177442,-2.5291407,-7.8149486,-8.0017605
12177452,-2.337539,-7.5514965,-8.192164
12177462,-2.6488917,-7.325167,-8.805289
12177472,-2.809358,-7.3215747,-9.399254
12177482,-2.7410998,-7.3766603,-9.360934
12177492,-2.906356,-7.4149804,-9.141789
12177502,-3.0392797,-6.868916,-8.929831
12177511,-3.0883777,-6.2258534,-9.260343
12177526,-2.9686267,-5.845045,-9.724977
12177536,-2.9327013,-6.109695,-9.784852
12177546,-2.830913,-6.3683567,-8.916657
12177556,-3.0500574,-6.6569567,-8.013736
12177566,-3.08239,-6.8952613,-7.6640625
12177576,-2.767445,-6.7898803,-8.159832
12177586,-2.6081762,-6.508466,-8.302335
12177595,-2.7135572,-6.1695704,-8.30473
12177605,-2.933899,-5.971981,-8.305927
12177615,-3.0787976,-5.8833656,-8.370593
12177625,-2.9841943,-5.8007374,-8.461604
12177635,-2.941084,-5.964796,-8.532257
12177645,-3.0249097,-6.2893214,-8.18977
12177655,-3.0296998,-6.2102857,-8.018525
12177664,-3.2404613,-5.6582336,-8.012538
12177674,-3.4033227,-5.4390893,-8.511899
12177684,-3.661985,-5.277426,-8.892708
12177694,-3.6380346,-5.195995,-8.926238
12177704,-3.8559813,-4.9540977,-8.841214
12177714,-3.873944,-4.8810496,-8.6280575
12177724,-3.8344262,-5.23671,-8.776549
12177733,-3.7673657,-5.53968,-8.663983
12177743,-3.6919227,-5.9073157,-8.874744
12177753,-3.612887,-6.0330544,-8.681946
12177763,-3.6643798,-6.018684,-8.474776
12177773,-3.5949242,-5.7288866,-8.387359
12177783,-3.3578174,-5.708529,-8.675959
12177793,-3.37578,-5.684579,-8.926238
12177802,-3.178191,-5.630691,-9.008866
12177812,-3.1566358,-5.6726036,-9.1849
12177822,-3.2380664,-5.5468655,-9.22801
12177832,-3.2775843,-5.4247193,-9.325008
12177842,-3.3530273,-5.412744,-9.412427
12177852,-3.2272887,-5.48699,-9.140592
12177862,-3.2572265,-5.5312977,-9.081914
12177871,-3.150648,-5.4319043,-9.154963
12177881,-2.9638367,-5.4331017,-9.590856
12177891,-2.9075537,-5.572013,-9.691446
12177901,-2.8488758,-5.6259007,-9.471105
12177911,-2.9015663,-5.503755,-9.432784
12177921,-2.9770093,-5.605543,-9.456735
12177931,-2.9327013,-5.3361034,-8.82445
12177940,-2.9686267,-5.2570677,-8.856782
12177950,-2.9099488,-5.3768187,-8.812474
12177960,-2.894381,-5.380411,-8.778944
12177970,-2.9003687,-5.2510805,-8.722661
12177980,-2.8883936,-4.980443,-8.551417
12177990,-2.689607,-4.942123,-8.788525
12178000,-2.5602758,-5.2343154,-9.159752
12178009,-2.5004003,-5.5312977,-9.172925
12178019,-2.2680836,-5.53489,-8.842412
12178029,-2.2980213,-5.5636306,-8.903485
12178039,-2.2968237,-5.4977674,-9.29028
12178049,-2.2465284,-5.2043777,-9.339378
12178059,-2.1052222,-4.5158095,-9.344169
12178069,-2.147135,-4.216432,-9.777667
12178078,-2.5806336,-4.179309,-9.780063
12178088,-3.1614258,-4.5696974,-9.443562
12178098,-3.5314562,-5.0103807,-9.035212
12178108,-3.5697765,-5.283413,-8.229287
12178118,-3.5673816,-4.8235693,-7.67484
12178128,-2.9865894,-3.3865576,-7.932305
12178138,-2.9734168,-2.015409,-9.164542
12178147,-3.2356713,-1.2597803,-10.508148
12178157,-3.0776,-1.5807129,-11.498488
12178167,-3.1674132,-3.0057495,-12.003838
12178177,-3.150648,-4.902605,-12.149934
12178187,-2.7949877,-6.091732,-11.906839
12178197,-2.1243823,-6.1791506,-11.1320505
12178207,-1.8154248,-5.701344,-10.753637
12178216,-1.6992663,-4.980443,-10.187216
12178226,-1.9208057,-4.087101,-9.798025
12178236,-2.3758593,-3.67396,-9.994416
12178246,-2.7399023,-3.6895275,-10.499765
12178256,-2.7231371,-4.0906935,-10.897339
12178266,-2.2201831,-4.5229945,-10.448273
12178276,-1.6753162,-5.4738173,-11.467354
12178285,-0.9807605,-6.7527575,-10.717712
12178295,-0.17603393,-6.819818,-5.9204884
12178305,-0.35206786,-6.9048414,-5.315746
12178315,-0.9735754,-6.077362,-6.910829
12178325,-1.4645544,-4.89063,-8.23767
12178335,-1.7591418,-4.8894324,-6.534811
12178345,-2.227368,-5.484595,-4.693041
12178354,-3.051255,-6.199508,-6.4330225
12178364,-3.3566198,-5.366041,-8.248447
12178374,-3.2500415,-4.3565407,-10.257869
12178384,-3.2680042,-4.733756,-11.236234
12178394,-3.4200878,-5.229525,-10.964399
12178404,-3.493136,-5.388794,-10.620714
12178414,-3.3123121,-5.483397,-10.44468
12178423,-3.06323,-5.4462743,-9.804012
12178433,-2.7913952,-4.6104126,-10.38241
12178443,-2.6177564,-4.2080493,-11.991863
12178453,-2.2213807,-3.5793567,-11.5823145
12178463,-1.8166223,-3.251239,-10.469828
12178473,-1.6597486,-4.0008802,-9.929751
12178483,-1.353186,-5.316943,-10.164463
12178492,-0.8143066,-6.221063,-9.905801
12178502,-0.3161426,-6.1120896,-8.630453
12178512,-0.43589357,-6.6090565,-7.460486
12178522,-0.75203615,-6.8880763,-6.9874697
12178532,-1.233435,-7.8736267,-7.6005945
12178542,-1.4789245,-8.413704,-7.860454
12178552,-1.8585352,-7.9646373,-7.6712475
12178562,-2.3243666,-7.423363,-8.246052
12178571,-2.8656409,-7.96344,-9.001681
12178581,-2.9171338,-8.242459,-8.738229
12178591,-3.150648,-8.729846,-8.019723
12178601,-3.6799476,-8.6843405,-6.1623855
12178611,-4.790039,-7.7670484,-4.643943
12178621,-5.960006,-7.2928343,-6.5863037
12178631,-6.312074,-8.63165,-11.142828
12178640,-4.946913,-7.176676,-12.63253
12178650,-2.6488917,-4.357738,-11.588302
12178660,-0.37362304,-4.605623,-9.868678
12178670,1.2442126,-6.1540027,-6.8234105
12178680,1.5208374,-6.6354017,-2.3064039
12178690,-0.15208374,-8.608898,0.49457154
12178699,-2.1171973,-11.615845,-1.1939173
12178709,-2.513573,-11.809841,-2.6955945
12178719,-1.9196081,-10.427915,-4.00567
12178729,-0.7807764,-7.547904,-4.2858872
12178739,0.3161426,-6.0737696,-4.54934
12178749,1.4441968,-5.3504734,-4.719386
12178759,1.3292358,-7.7622585,-4.205654
12178769,0.2945874,-8.005353,-1.5639478
12178778,-2.1004322,-11.190729,-3.4572108
12178788,-3.0332923,-10.571616,-2.6704469
12178798,-3.7553906,-9.860295,-2.518363
12178808,-3.8272412,-8.541837,-2.0920496
12178818,-2.7087672,-8.904682,-4.30385
12178828,-0.979563,-8.499925,-3.3530273
12178838,0.21076173,-8.799302,-1.9399658
12178847,0.5484595,-9.871073,-1.035846
12178857,0.5903723,-10.332114,-0.13052857
12178867,-0.23710693,-9.17532,-0.40835083
12178877,-0.87657714,-8.787327,-1.9806812
12178887,-0.74365354,-8.349038,0.30416748
12178897,0.41433838,-6.6354017,3.3841627
12178907,0.9352551,-6.652167,2.166295
12178916,1.3364209,-6.180348,2.626139
12178926,1.648971,-6.468948,4.2930727
12178936,1.5867004,-8.29036,4.8990126
12178946,0.9735754,-8.8879175,4.4667115
12178956,-0.123343505,-9.022038,3.436853
12178966,-1.4274316,-7.828121,3.3063245
12178976,-2.2129982,-6.5360084,3.1985486
12178985,-2.6405091,-6.2330384,2.3531067
12178995,-2.5363257,-6.478528,2.1698878
12179005,-2.0728893,-7.021,2.5782385
12179015,-1.9435583,-7.7179503,2.581831
12179025,-2.4069946,-7.514374,2.142345
12179035,-2.5147705,-7.4964113,2.6009912
12179045,-3.0165272,-7.5131764,2.0896544
12179054,-2.7135572,-8.522677,3.138673
12179064,-3.3530273,-10.111773,1.8860779
12179074,-2.9782069,-12.097243,0.30057496
12179084,-2.5027955,-14.627582,-3.2117212
12179094,-3.0308971,-15.459851,-2.0237916
12179104,-6.3360243,-12.412189,2.692002
12179114,-10.560839,-9.978848,4.188889
12179123,-11.745175,-8.654403,2.8057654
12179133,-9.159752,-7.3634877,2.3435266
12179143,-5.3947816,-6.8473606,1.5902929
12179153,-2.5938063,-6.7120423,1.7938696
12179163,-1.0214758,-7.2796617,1.6597486
12179173,-0.9089099,-7.425758,1.8812878
12179183,-2.1686902,-7.2413416,2.3447242
12179205,-5.2870054,-6.6282167,3.7733533
12179215,-8.632848,-5.7755895,5.0427136
12179224,-8.5574045,-7.317982,3.610492
12179234,-7.8640466,-6.9036436,4.0332127
12179244,-6.143225,-7.1144056,4.5708947
12179254,-4.223617,-7.1072206,4.5984373
12179264,-3.0057495,-7.0557275,4.0044727
12179274,-2.7878027,-6.570736,3.8440063
12179283,-3.998485,-6.1863356,3.7841308
12179293,-4.918173,-5.973179,5.356461
12179303,-4.6619053,-6.565946,3.3422499
12179313,-3.490741,-6.4174547,4.4200087
12179323,-2.5542884,-13.4169,-2.7913952
12179333,-4.1829014,-10.433903,6.483318
12179343,-10.511741,2.003434,16.317268
12179353,-6.716832,-9.972861,3.354225
12179362,-2.4249573,-12.4756565,-7.3143897
12179372,1.839375,-1.9076331,9.651929
12179382,-1.5016773,-5.2426977,4.28469
12179392,-3.9996827,-7.961045,1.3364209
12179402,-3.5649865,-6.187533,4.9864306
12179412,-6.388715,-8.431666,3.0991552
12179422,-5.5636306,-17.581839,-3.3518298
12179431,-6.502478,-5.955216,6.7551527
12179441,-5.0259485,-2.4632776,9.8519125
12179451,-3.4081128,-12.043356,-3.2727942
12179461,-1.6334033,-8.289163,0.9915381
12179471,-0.79035646,-5.1313295,7.579039
12179481,-3.9002893,-4.3852806,2.1878502
12179490,-2.5339308,-7.6712475,4.6128078
12179500,-2.3602917,-8.514295,0.0059875487
12179510,-1.8788928,-8.683144,3.065625
12179520,-3.8164637,-8.804091,4.5780797
12179530,-4.870272,-9.214838,3.8835242
12179540,-4.9061975,-8.0999565,6.156398
12179550,-4.148174,-7.3934255,6.5791187
12179560,-1.9651135,-9.075927,4.5277843
12179569,0.25985962,-9.369316,-0.5041516
12179579,1.6717236,-6.094127,4.6475353
12179589,1.2813355,-1.6848962,8.440049
12179599,-0.2215393,-0.5760022,5.380411
12179609,-1.284928,-1.6118481,0.77718383
12179619,-0.7209009,-4.6523256,-3.561394
12179629,0.21674927,-6.2246556,-4.3924656
12179638,1.0298584,-9.601633,-4.7133985
12179648,1.2466077,-11.5260315,-3.1446607
12179658,1.2454102,-10.568024,-0.22752686
12179668,1.4453943,-9.263935,1.0813513
12179678,1.0585986,-6.5575633,1.3076806
12179688,-0.082628176,-4.8415318,-0.24668701
12179698,-0.71730834,-3.598517,-3.018922
12179707,-0.9340576,-3.1003528,-5.4678297
12179717,-0.43110353,-3.4811609,-7.7131605
12179727,0.41314086,-6.8820887,-10.741663
12179737,1.6465759,-9.501042,-7.408993
12179747,1.3352234,-10.879376,-6.3156667
12179757,0.25506958,-10.903326,-5.6151233
12179767,-0.49097902,-9.689052,-7.4688683
12179776,-1.0442286,-7.619755,-7.5538917
12179786,-2.2141955,-4.572092,-6.356382
12179796,-3.4033227,-2.494413,-7.587422
12179806,-3.6416273,-2.3974144,-11.102113
12179816,-3.5697765,-3.6871326,-15.318545
12179826,-3.2596216,-6.6797094,-17.8405
12179836,-3.8931043,-8.776549,-16.215479
12179845,-4.421206,-10.720107,-12.166699
12179855,-5.4510646,-12.389436,-6.3539867
12179865,-6.701265,-9.9153805,-0.81789917
12179882,-7.870034,-8.828042,-5.6785913
12179892,-6.2162733,-8.149054,-10.68538
12179902,-3.3973353,-7.0150123,-13.516293
12179911,-1.6130457,-6.309679,-12.478052
12179921,-1.0130932,-6.199508,-8.666378
12179931,-2.222578,-7.3203773,-8.228089
12179941,-3.3123121,-8.231682,-9.484278
12179951,-4.29906,-8.7334385,-9.744137
12179961,-4.106261,-9.211246,-8.309521
12179971,-3.3602123,-8.681946,-7.988588
12179980,-2.13516,-6.9144216,-8.867559
12179990,-1.4142591,-5.4390893,-9.983639
12180000,-1.1855347,-4.968468,-9.84832
12180010,-1.7040564,-5.7097263,-9.691446
12180020,-3.4093103,-5.039121,-9.250763
12180030,-4.6499305,-5.4319043,-11.639795
12180040,-4.5050316,-6.5575633,-11.154803
12180049,-3.8475988,-6.973099,-8.828042
12180059,-3.6727624,-7.4341407,-8.331076
12180069,-3.3111145,-9.453142,-8.217312
12180079,-2.8536658,-7.186256,-5.309758
12180089,-2.4788451,-5.685776,-7.884404
12180099,-1.2322376,-6.540798,-3.7925134
12180109,-0.9460327,-5.5756054,-3.7625756
12180118,-0.6370752,-7.249724,-6.8629284
12180128,-0.17962646,-8.165819,-4.6714854
12180138,-0.4778064,-8.186176,-4.188889
12180148,-1.348396,-8.222102,-6.8581386
12180158,-1.8130298,-7.085665,-8.115523
12180168,-2.1806653,-5.84265,-9.51182
12180178,-2.6788294,-5.0870214,-10.115365
12180187,-2.6021888,-4.8235693,-10.277029
12180197,-2.6021888,-4.3074427,-11.039843
12180207,-2.5147705,-4.7133985,-11.111693
12180217,-1.959126,-4.5792775,-9.747729
12180227,-1.7998571,-5.093009,-9.314231
12180237,-1.7627344,-7.146738,-10.033935
12180247,-0.88855225,-6.786288,-6.5719337
12180257,-0.8466394,-9.430389,-8.424481
12180266,0.023950195,-11.699671,-7.149133
12180276,0.14968872,-4.1948767,-4.296665
12180286,-1.035846,-1.7747095,-7.580237
12180296,-1.0717713,-5.2283278,-7.3371425
12180306,-0.14370117,-6.991062,-6.324049
12180316,-1.8285974,-7.5395217,-7.1455407
12180326,-3.241659,-6.15041,-8.156239
12180335,-3.6428246,-6.3743443,-10.631492
12180345,-2.9817994,-6.0126967,-11.726016
12180355,-2.8728259,-4.501439,-11.451786
12180365,-2.7446923,-3.1578333,-10.589579
12180375,-2.2980213,-3.2368689,-10.566826
12180385,-2.039359,-4.4954515,-10.663824
12180394,-1.8022522,-5.874983,-9.992022
12180404,-1.583108,-6.9503465,-8.683144
12180414,-1.9375708,-8.109536,-7.3287597
12180424,-2.5878186,-8.393346,-6.2965064
12180434,-3.1686108,-7.702383,-5.8642054
12180444,-3.3985326,-6.894064,-6.3959
12180454,-3.0907726,-6.807843,-6.9659142
12180464,-2.4081922,-7.749086,-7.7538757
12180473,-1.8130298,-7.2102065,-6.8042507
12180483,-1.848955,-6.4354177,-7.174281
12180493,-1.2945081,-6.514453,-8.268805
12180503,-0.65264285,-6.308481,-8.3191
12180513,-0.4778064,-6.7551527,-7.9909825
12180523,-0.73407346,-6.9120264,-6.627019
12180533,-1.7136365,-7.564669,-5.9540186
12180542,-2.9111462,-7.332352,-6.4186525
12180552,-4.0176454,-7.345525,-7.874824
12180562,-4.3709106,-6.6557593,-9.11784
12180572,-4.0116577,-5.1229467,-9.916578
12180582,-3.3482373,-3.6308496,-10.166858
12180592,-2.205813,-3.7601807,-10.896141
12180602,-1.5124549,-4.6427455,-11.134446
12180611,-1.0095007,-5.4259167,-10.146501
12180621,-0.47301635,-6.285729,-9.479487
12180631,-0.13412109,-6.998247,-8.884325
12180641,-0.33650026,-8.417296,-8.196955
12180651,-0.8430469,-9.205257,-5.8175025
12180661,-1.7663269,-8.841214,-4.9600854
12180671,-2.826123,-8.131091,-7.0317774
12180680,-2.1674926,-6.963519,-9.928554
12180690,-0.79394895,-5.50136,-10.41115
12180700,0.069455564,-4.9133825,-9.637559
12180710,0.28859985,-5.9695864,-8.8963
12180720,0.124541014,-7.5850267,-7.8233314
12180730,0.10897339,-8.423284,-7.110813
12180740,0.043110352,-8.284372,-6.849756
12180749,-0.086220704,-7.6461,-7.1024303
12180759,-0.23590942,-6.773115,-8.090376
12180769,-0.22273682,-6.0665846,-8.668774
12180779,-0.552052,-5.669011,-8.704699
12180789,-1.1400293,-5.960006,-8.522677
12180799,-1.7016613,-6.5048733,-7.970625
12180809,-2.0513341,-7.03058,-7.5658665
12180818,-2.2848487,-7.4616833,-7.853269
12180828,-2.2884412,-7.4413257,-7.8400965
12180838,-2.1830604,-6.9287915,-7.97781
12180848,-2.2309606,-6.5132556,-8.33347
12180858,-2.1387525,-6.3623695,-8.648416
12180868,-2.1842577,-6.3551846,-8.635242
12180878,-2.203418,-6.516848,-8.66518
12180887,-2.2992187,-6.941964,-8.498727
12180897,-2.3315516,-7.176676,-8.235274
12180907,-2.1962328,-7.32397,-8.055648
12180917,-2.071692,-7.1898484,-7.892787
12180927,-1.9902612,-7.094048,-7.9718227
12180937,-1.959126,-6.8820887,-7.95386
12180947,-1.9399658,-6.739585,-8.018525
12180956,-2.032174,-6.4917006,-7.96823
12180966,-2.0824695,-6.666537,-8.067623
12180976,-1.9423609,-6.75635,-7.9933777
12180986,-1.9447559,-6.900051,-7.8317137
12180996,-1.8309925,-7.0090246,-7.588619
12181006,-1.9854712,-7.284452,-7.5203614
12181016,-1.9722986,-7.423363,-7.315587
12181025,-1.9399658,-7.3682775,-7.122788
12181035,-1.9782861,-7.306007,-7.195836
12181045,-2.0633094,-7.296427,-7.2952294
12181055,-1.9627185,-7.252119,-7.3778577
12181065,-1.8693128,-7.1874537,-7.3119946
12181075,-1.7483642,-7.0964427,-7.261699
12181085,-1.6669335,-7.167096,-7.1144056
12181094,-1.5998731,-7.1611085,-7.2066135
12181104,-1.6525635,-7.32397,-7.115603
12181114,-1.7184265,-7.538324,-6.915619
12181124,-1.6825012,-7.6616673,-7.0413575
12181134,-1.663341,-7.5910144,-7.2389464
12181144,-1.5998731,-7.580237,-7.261699
12181154,-1.407074,-7.5395217,-7.4341407
12181163,-1.275348,-7.555089,-7.5107813
12181173,-1.2406201,-7.771838,-7.620952
12181183,-1.289718,-7.8796144,-7.747888
12181193,-1.2705579,-7.916737,-7.6149645
12181203,-1.2430152,-7.740703,-7.7862086
12181213,-1.1412268,-7.3994126,-7.7670484
12181223,-0.852627,-7.1599107,-7.828121
12181232,-0.7041357,-7.203021,-7.7047777
12181242,-0.60354495,-7.411388,-7.484436
12181252,-0.6095325,-7.6245446,-7.2221813
12181262,-0.7484436,-7.6784325,-7.310797
12181272,-0.7220984,-7.2245765,-7.33834
12181282,-0.7424561,-6.678512,-7.406598
12181292,-0.6442602,-5.684579,-6.798263
12181301,-0.59755737,-5.290598,-6.3372216
12181311,-0.20716919,-5.52052,-5.78996
12181321,0.09460327,-5.8809705,-5.940846
12181331,0.1353186,-6.1911254,-6.030659
12181341,-0.027542725,-6.565946,-6.5360084
12181351,-0.26704466,-7.1706886,-6.925199
12181361,-0.80592406,-7.515571,-7.4784484
12181370,-1.2621753,-7.6904078,-7.9299097
12181380,-1.3843213,-7.662865,-8.321495
12181390,-1.3579761,-7.6053843,-8.580157
12181400,-1.111289,-8.014933,-8.389753
12181410,-0.8095166,-8.171806,-8.102351
12181420,-0.6622229,-8.220904,-8.013736
12181430,-0.60713744,-8.078401,-8.419691
12181439,-0.6322852,-7.7538757,-8.911868
12181449,-0.6610254,-7.2173915,-9.321416
12181459,-0.6813831,-6.957532,-9.510623
12181469,-0.90531737,-7.1072206,-9.125025
12181479,-1.0514135,-7.1898484,-8.040081
12181489,-1.5447876,-7.570657,-7.4544983
12181499,-1.8214123,-8.01613,-7.0186048
12181508,-2.039359,-8.040081,-6.2869263
12181518,-2.323169,-8.284372,-6.067782
12181528,-2.0800745,-8.453221,-5.879773
12181538,-1.712439,-8.460406,-6.1791506
12181548,-1.4825171,-8.468789,-6.667734
12181558,-1.3843213,-9.020841,-6.7324
12181568,-1.2969031,-9.560918,-6.2809386
12181577,-1.1579919,-10.068662,-6.171965
12181587,-1.3747412,-10.383607,-6.1348424
12181597,-1.4813195,-10.237511,-5.78996
12181607,-1.5699353,-9.941726,-5.2558703
12181617,-1.7627344,-9.82916,-4.64514
12181627,-1.9890637,-10.274633,-4.64514
12181637,-1.6034656,-10.311756,-4.467909
12181646,-1.353186,-10.3512745,-4.132606
12181656,-0.9951306,-10.250684,-3.8679566
12181666,-0.8981323,-10.40636,-3.685935
12181676,-0.6514453,-10.41594,-2.76984
12181686,-0.7592212,-10.814711,-2.3435266
12181696,-0.82747924,-10.866203,-1.2046949
12181706,-1.2358301,-10.953622,-0.57001466
12181716,-1.3723462,-10.915301,-0.05987549
12181725,-1.4609619,-10.763218,0.53049684
12181735,-1.0166858,-10.957214,0.57480466
12181745,-0.45265868,-10.859018,0.59156984
12181755,0.19040406,-10.34888,0.2802173
12181765,0.5065466,-9.565708,-0.2802173
12181775,0.7137158,-7.6377172,0.48259643
12181784,0.36284545,-5.8785753,1.1184741
12181794,-0.50774413,-5.0175657,1.5112573
12181804,-0.9663904,-5.527705,2.4069946
12181814,-0.94842774,-6.8581386,3.5482213
12181824,-0.613125,-7.9670324,3.9074743
12181834,-0.65623534,-8.158634,4.460724
12181844,-1.1472144,-7.562274,4.5158095
12181853,-1.53401,-6.7611403,4.0811133
12181863,-1.3112732,-6.192323,4.012855
12181873,-0.9568103,-6.0318565,4.1517663
12181883,-0.69455564,-6.1983104,4.352948
12181893,-0.6885681,-6.547983,4.5445495
12181903,-0.66940796,-6.6306114,4.5936475
12181913,-0.80472654,-6.610254,4.764891
12181923,-0.9627979,-6.446195,4.946913
12181932,-0.91250247,-6.199508,4.792434
12181942,-0.7532337,-5.9528213,4.9768505
12181952,-0.6119275,-5.6462584,4.8415318
12181962,-0.74006104,-5.3361034,4.6595106
12181972,-0.6251001,-5.3684363,4.502637
12181982,-0.4071533,-5.5169277,4.8918276
12181991,-0.3412903,-5.948031,5.061874
12182001,-0.34847534,-6.325247,5.6079383
12182011,-0.6215076,-6.500083,5.749244
12182021,-1.0154883,-6.4497876,5.6330857
12182031,-1.047821,-5.9228835,5.430707
12182041,-0.8957373,-5.795947,5.356461
12182051,-0.70653075,-5.696554,5.5025573
12182061,-0.6538403,-5.7444544,5.572013
12182070,-0.671803,-5.901328,5.8342676
12182080,-1.0083032,-6.053412,5.846243
12182090,-1.2022998,-6.013894,5.931266
12182100,-1.3304334,-6.0222764,6.0977197
12182110,-1.1771522,-6.079757,6.170768
12182120,-1.0023156,-6.133645,6.301296
12182130,-1.0154883,-6.10251,6.292914
12182139,-1.2226574,-5.931266,6.358777
12182149,-1.3016931,-5.8091197,6.243816
12182159,-1.3591735,-5.5935683,6.222261
12182169,-1.1316468,-5.484595,6.309679
12182179,-1.1987072,-5.5684204,6.325247
12182189,-1.108894,-5.5660253,6.45338
12182199,-1.1029065,-5.5097423,6.4497876
12182208,-1.1424243,-5.476212,6.4988856
12182218,-1.3687537,-5.2343154,6.563551
12182228,-1.9962487,-5.139712,-3.8943017
12182238,0.09340576,-5.403164,12.014615
12182248,-0.8586145,-6.676117,4.3637257
12182258,-1.2945081,-7.103628,7.841294
12182267,-1.8118323,-6.974297,7.5694594
12182277,-1.2705579,-6.138435,7.1635036
12182287,-1.4956897,-4.812792,6.7204247
12182297,-3.206931,-3.1734009,4.059558
12182307,-1.4573693,-3.4679883,5.5636306
12182317,-0.59635985,-4.355343,6.085745
12182327,-0.8981323,-5.6366787,6.492898
12182336,-1.3376184,-6.2162733,6.8258057
12182346,-1.5627502,-6.239026,6.9096313
12182356,-1.6705261,-5.940846,6.8258057
12182366,-1.5747254,-5.5372853,6.546786
12182376,-1.287323,-5.205575,6.357579
12182386,-1.0645862,-4.8666797,6.3539867
