67445371,-4.8235693,-3.8799317,6.7335973
67445381,-4.6966333,-3.7206628,6.6473765
67445390,-4.493057,-3.5122962,6.370752
67445489,-3.4620008,-4.91458,5.5899754
67445499,-3.4608033,-4.643943,4.855902
67445509,-3.3242872,-4.287085,4.0631504
67445519,-3.2165112,-3.9877076,3.9565723
67445529,-3.2332764,-4.1541615,4.4583287
67445538,-3.4835558,-4.7229786,4.7672863
67445548,-3.4883459,-4.9696655,4.912185
67445558,-3.6895275,-4.9576902,4.848717
67445568,-4.0332127,-5.0498986,4.071533
67445578,-3.9721398,-4.981641,3.075205
67445588,-3.7949085,-4.851112,2.743495
67445598,-3.4308655,-4.580475,2.5614734
67445607,-3.2320788,-4.3768983,2.2261705
67445617,-3.4009278,-4.3792934,1.9519409
67445627,-3.4188905,-4.6187954,1.6357983
67445637,-3.4117053,-5.1612673,1.6561561
67445647,-3.4620008,-6.0905347,0.83825684
67445657,-3.4188905,-6.7671275,0.3927832
67445667,-3.436853,-7.6892104,0.74006104
67445677,-3.6260595,-8.523874,1.1208692
67445686,-3.6512072,-9.090297,0.87178713
67445696,-3.4141004,-9.333391,1.0071057
67445706,-3.1063404,-9.756112,0.15567628
67445716,-3.2284863,-10.502161,-1.0394385
67445726,-3.5757642,-10.735675,-2.3147864
67445736,-3.9613624,-10.923684,-3.5530114
67445746,-4.364923,-10.971584,-4.9624805
67445755,-4.6152024,-10.239906,-5.0846267
67445765,-4.077521,-10.169253,-3.3997302
67445775,-3.2692018,-10.365644,-3.2308815
67445785,-2.8129504,-10.705737,-5.0738487
67445795,-3.7805383,-11.297307,-6.991062
67445805,-6.1911254,-12.450509,-6.6377964
67445815,-6.6701293,-12.169094,-3.5063086
67445825,-9.364527,-15.787969,2.830913
67445834,-3.7949085,-13.645624,0.6430628
67445844,-1.7363892,-8.683144,-0.27303222
67445854,-4.637955,-4.3864784,-1.0789562
67445864,-5.6666164,-4.1026683,-2.123185
67445874,-4.3421702,-6.4893055,-5.1924024
67445884,-2.4848328,-6.701265,-5.8474402
67445894,-2.4010072,-12.133169,-9.572893
67445904,-4.6187954,-11.508069,-6.709647
67445913,-0.88974977,-8.531059,-9.629176
67445923,-3.0811927,-8.228089,-7.6341248
67445933,-3.4081128,-9.821975,-2.1830604
67445943,-0.13771363,-8.34784,0.88974977
67445953,1.4825171,-5.133724,4.6319675
67445963,2.7614574,-5.686974,4.870272
67445973,0.5269043,-8.122708,2.0489392
67445982,-3.617677,-9.430389,1.1771522
67445992,-5.043911,-8.612491,-0.8909473
67446007,-4.416416,-7.098838,-0.18920654
67446017,-2.1004322,-5.6582336,-1.9267932
67446027,-2.3483167,-5.4115467,-4.8163843
67446036,-5.9192905,-7.5419164,-8.278385
67446046,-11.061398,-7.1168003,-11.333233
67446056,-10.43989,-1.7615368,-15.68618
67446066,-14.251564,-5.2259326,-12.840898
67446076,-4.5349693,-5.9516234,-17.900375
67446086,-9.241183,-10.0135765,-24.969276
67446096,-9.172925,-7.1263804,-20.025955
67446105,-6.037844,-5.4893847,-17.841698
67446115,-5.779182,-6.551576,-12.721147
67446125,-4.2787023,-7.3024144,-14.231206
67446135,-3.6428246,-5.724097,-14.222823
67446145,-3.8212538,-5.8007374,-15.822697
67446155,-7.2640944,-4.3385777,-14.982044
67446165,-4.5122166,-1.9076331,-2.1100123
67446175,-1.585503,-4.150569,7.9861927
67446184,1.7423767,-9.538165,17.180672
67446194,0.7807764,-11.3008995,7.876022
67446204,-4.2799,-8.808882,4.9457154
67446214,-12.602592,-6.4162574,1.162782
67446224,-11.528426,-3.7853284,0.019160157
67446234,-3.7158728,-0.43589357,-2.403402
67446244,-3.319497,-1.3962964,-5.703739
67446254,-3.258424,-0.8298743,-9.18011
67446263,-5.540878,-3.8835242,-19.545753
67446273,-15.336508,-4.2032595,-15.70055
67446283,-6.0953245,-7.0389624,-25.989555
67446293,-7.946675,-7.6101747,-21.809048
67446303,-5.836663,-7.436536,-17.90756
67446313,-6.074967,-9.298663,-14.547349
67446325,-3.864364,-8.686736,-11.159594
67446335,-2.0561242,-6.3863196,-13.186977
67446344,-5.070256,-3.9122643,-15.4933815
67446354,-4.4738965,-3.2955468,-12.119996
67446364,-2.6955945,-5.6749988,-2.3387365
67446374,-1.9938538,-6.763535,10.043514
67446384,-2.5902135,-9.16095,20.367247
67446394,4.88584,-9.965676,6.3048887
67446404,-0.85142946,-6.9778895,2.2489233
67446414,-11.412268,-4.6247826,0.7759863
67446423,-14.098283,-4.599635,-1.956731
67446433,-9.374106,-5.4750147,-3.2871642
67446443,-2.990182,-6.1132874,-3.0740075
67446453,-2.6057813,-4.780459,-9.80042
67446463,-5.332511,-4.575685,-12.604988
67446473,-9.2256155,-2.9566517,-18.297949
67446483,-14.368919,-3.869154,-25.899742
67446492,-12.797787,-6.5192432,-23.60651
67446502,0.2969824,-6.170768,-16.809444
67446512,-6.509663,-11.505673,-15.064672
67446522,-10.6746025,-12.103231,-6.690487
67446532,-2.999762,-10.654244,-9.750125
67446542,-2.818938,-6.2474084,-15.664625
67446552,-6.211483,0.3197351,-13.577366
67446562,-4.925358,2.186653,-3.681145
67446571,-2.8464806,-4.575685,8.885523
67446581,-1.8034497,-8.235274,19.434385
67446591,6.2725563,-7.732321,8.098759
67446601,0.32692015,-8.363408,2.75068
67446611,-9.0639515,-6.901249,0.88735473
67446621,-11.267369,-3.6955152,-4.6331654
67446631,-6.3863196,-1.6693286,-8.455616
67446641,-4.470304,-5.4798045,-9.153765
67446650,-5.3552637,-8.5574045,-5.3708315
67446660,-3.6116896,-6.4006896,-3.9278321
67446670,-3.9505847,-4.164939,-7.244934
67446680,-8.708291,-4.7325587,-4.764891
67446690,-8.169412,-5.670209,-5.3121533
67446700,-9.283095,-10.427915,-6.45817
67446710,-3.6871326,-10.063872,-3.8092785
67446719,-8.510702,-13.055251,-8.805289
67446729,-11.231444,-13.46959,-12.593013
67446739,-10.615924,-13.159435,-12.760664
67446749,-11.933185,-12.715158,-12.439732
67446759,-4.7553115,-9.938133,-7.286847
67446769,-4.287085,-8.85798,-0.19758911
67446779,-4.5062294,-3.171006,1.5244299
67446789,-5.170847,-1.9782861,0.40236327
67446798,-9.987231,-4.006868,6.7527575
67446808,-2.9853919,-14.458733,14.179713
67446818,-2.4513025,-8.92504,-7.9119473
67446830,-5.4630394,-8.643625,1.5232325
67446840,-0.05867798,-18.737434,-9.152567
67446850,-11.714041,-22.813759,-1.2022998
67446860,-6.495293,-1.6813037,1.1472144
67446870,-3.3721876,5.1552796,0.66342044
67446880,-5.4893847,3.558999,2.5578809
67446890,-3.1326857,1.6334033,4.4511437
67446899,-3.178191,0.06346802,4.0559654
67446909,-15.910114,16.179554,12.031381
67446919,9.528585,-12.753479,24.754921
67446929,-18.1291,-19.50025,22.011427
67446939,-9.83874,-23.052063,3.0728102
67446949,-10.207573,15.069463,-3.3578174
67446959,-5.1229467,16.21069,-0.79514647
67446969,7.7838135,13.662389,9.139395
67446978,-18.493143,-36.981495,20.227137
67446988,-0.87657714,-7.203021,-1.7160316
67446998,-7.298822,-21.700075,2.9602442
67447008,-9.910591,-17.217796,0.3903882
67447018,-15.305372,4.418811,1.5256275
67447028,7.316785,15.458653,-3.6404297
67447038,-9.183702,5.7612195,0.4670288
67447047,-17.575851,-6.894064,4.348158
67447057,-4.230802,-8.57896,9.638756
67447067,-0.26105714,-6.7132397,5.466632
67447077,-3.7961059,-7.6389146,2.6488917
67447087,8.004155,-5.0642686,-1.3028907
67447097,-20.61034,-14.997612,3.838019
67447107,-1.3962964,-13.086387,8.111931
67447117,9.375304,-7.653285,-0.67898804
67447126,-3.6080968,4.172124,24.381298
67447136,-1.7411792,-18.69193,-3.3386571
67447146,-3.5937269,-7.389833,-21.025877
67447156,-7.97302,5.4582496,-3.070415
67447166,-3.4009278,-14.437178,0.2323169
67447176,-0.37721556,-5.9516234,-0.082628176
67447186,-8.787327,-12.275673,6.573131
67447195,-9.095087,-20.527712,2.2920337
67447205,-5.4115467,-4.164939,12.971426
67447215,2.0237916,-1.5076648,-1.8753003
67447225,-4.0607557,-5.660629,4.169729
67447235,0.11975098,-9.866283,8.93462
67447245,-11.870914,-16.371157,9.754914
67447255,-5.5899754,7.0221972,-0.6119275
67447265,-7.437733,15.978373,0.7819739
67447274,-6.356382,3.8954992,-0.71730834
67447284,-7.916737,-6.9671116,2.7482848
67447294,-6.627019,-15.302978,-2.4752526
67447304,-3.378175,-16.142431,-8.92025
67447314,-3.1039453,-8.350236,-10.251881
67447324,-4.940925,-1.4561719,-10.814711
67447334,-4.4259963,-0.74365354,-12.55589
67447343,-4.4810815,-1.7687219,-9.491463
67447353,-6.3935046,-5.124144,-9.116642
67447363,-4.5457473,-7.8891945,-12.242143
67447373,-3.241659,-9.172925,-9.352551
67447383,-3.3123121,-10.496173,-7.843689
67447393,-2.523153,-10.957214,-9.471105
67447403,-2.9147387,-10.45426,-10.546469
67447413,-3.6955152,-10.051897,-11.93558
67447422,-1.7938696,-9.698631,-12.529545
67447432,0.72928345,-9.7956295,-12.505594
67447442,1.3663586,-9.946516,-12.763059
67447452,0.8981323,-10.195599,-13.22889
67447462,0.5340893,-10.278226,-13.339062
67447472,0.9891431,-10.267448,-12.694801
67447482,0.20956421,-10.227931,-11.181149
67447491,-0.2969824,-9.59325,-9.299861
67447501,-0.7759863,-9.2328005,-8.284372
67447511,-1.4944922,-9.625584,-7.96823
67447521,-2.4716601,-9.410031,-7.852072
67447531,-3.9266346,-7.232959,-6.6090565
67447541,-4.5349693,-4.797224,-5.7372694
67447557,-4.5565248,-4.5469446,-6.2150755
67447567,-2.9350965,-5.464237,-6.836583
67447577,-1.1807446,-5.7217016,-6.091732
67447587,-2.254911,-8.580157,-8.248447
67447597,-4.877457,-8.952583,-6.6701293
67447607,-4.855902,-6.9850745,-8.6771555
67447617,-6.309679,-3.68354,-8.145461
67447626,-4.1194334,-1.033451,-9.748927
67447636,-2.8369007,1.1364368,-9.726174
67447646,-3.145858,-2.884801,-11.024275
67447656,-3.0165272,-2.6405091,-13.727055
67447666,-3.4141004,0.22752686,-14.755715
67447676,-3.4129028,-0.5125342,-12.895983
67447686,-3.150648,-2.8512707,-13.186977
67447695,-1.411864,-1.348396,-12.376264
67447705,-2.882406,-2.3734643,-11.43502
67447715,-1.4585669,-4.770879,-20.59597
67447725,-3.7230577,-0.27422974,-2.7399023
67447735,-1.1184741,-7.4125853,-8.199349
67447745,-3.7709582,-12.988191,-3.754193
67447755,-0.29219237,-7.0150123,-3.3650024
67447765,-2.6716442,-4.91937,-3.119513
67447774,-2.4393275,-5.987549,-7.562274
67447784,-2.1279747,-5.835465,-7.719148
67447794,-3.5601966,-11.048225,-0.60833496
67447804,-0.59755737,-17.794994,-1.4885046
67447814,-3.514691,-11.908037,-11.8002615
67447824,-3.3745825,10.96919,-25.139322
67447834,-10.037527,19.084713,-21.751568
67447844,-7.203021,-2.8955786,-1.2981006
67447853,-5.9348583,-19.6679,-4.790039
67447863,-5.7384667,-7.682025,-10.0698595
67447873,-7.155121,2.3758593,-11.281739
67447883,-15.518529,3.3518298,-17.77344
67447893,-10.5692215,-1.6465759,-20.728893
67447903,-3.9242394,-0.6370752,-19.402054
67447913,-9.590856,-5.247488,-9.713001
67447922,-6.177953,-3.6045043,-6.4988856
67447932,-4.0954833,-3.7733533,-4.7816563
67447942,-3.9996827,-5.7660093,-7.2952294
67447952,-3.7745507,-4.694238,-14.182108
67447962,-5.478607,-1.299298,-17.647701
67447972,-16.243023,-4.172124,-11.759546
67447982,-8.751401,-5.8222923,-18.241667
67447992,-4.364923,-4.317023,-11.62782
67448001,-7.7670484,-7.890392,-11.181149
67448011,-3.9098694,-6.9946547,-5.572013
67448021,-1.0514135,-4.2152343,6.6844997
67448031,8.25204,-12.027788,8.869955
67448041,-0.26225463,-19.531384,0.07664063
67448051,-0.6251001,-10.911709,2.2656884
67448061,-1.353186,-3.7122803,-0.5185217
67448070,-3.0596375,-4.2499623,0.068258055
67448080,-2.2201831,-6.2150755,-2.5075855
67448090,-3.197351,-6.8533483,-3.4356556
67448100,-5.2486854,-5.81391,-7.3491173
67448110,-4.6331654,-1.9172131,-10.73328
67448120,-5.2067723,0.5029541,-9.048384
67448130,-4.0823107,-0.42272094,-4.2296047
67448140,-1.1388317,-7.2856493,-10.601554
67448149,-4.167334,-10.584789,-17.53274
67448162,-10.039922,-4.7792616,-24.705824
67448172,-13.723462,8.563393,-35.439102
67448182,-13.622871,14.38808,-25.439898
67448192,-3.178191,0.30895752,-13.940211
67448202,-1.6298108,-11.255394,-9.679471
67448212,-4.4655137,-16.01789,-8.703501
67448221,-3.4332604,-13.700709,-10.763218
67448231,-2.8812084,-10.624307,-12.142749
67448241,-5.0989966,-9.410031,-11.225456
67448251,-9.296268,-8.667576,-11.821816
67448261,-5.774392,-1.5483801,-5.237908
67448271,-3.2739916,3.4212854,-8.259225
67448281,-5.1552796,1.0202783,-9.793235
67448291,-7.699988,-5.0163684,-3.984115
67448300,-4.8020144,-5.101392,-0.86220706
67448310,-4.93374,-3.0440698,4.925358
67448320,-1.531615,-2.290836,9.054371
67448330,-0.39517823,-7.597002,7.862849
67448340,-0.7843689,-11.396701,3.5865417
67448350,-3.4895434,-11.296109,-0.14489868
67448360,-6.1204724,-6.617439,1.9196081
67448369,-5.4271145,-2.0405567,-0.0023950196
67448379,-5.987549,-1.1687695,-3.4212854
67448389,-5.9612036,-3.8068836,-4.7469287
67448399,-6.852151,-6.685697,-2.3028114
67448409,-4.0751257,-3.39015,-8.32868
67448419,-8.616083,-0.07903565,-12.31519
67448429,-11.9691105,-0.53528684,-18.978134
67448439,-12.561877,-5.853428,-19.470312
67448448,-13.671969,-13.948594,-23.477179
67448458,-9.178912,-13.555811,-17.324373
67448468,-7.965835,-13.595328,-13.559403
67448478,-3.8919067,-10.32972,-11.721226
67448488,-3.3673975,-5.6666164,-16.275354
67448498,-5.301376,-3.1398706,-9.474697
67448508,-8.0436735,-3.3410523,-17.159117
67448517,-4.5517344,-5.2630553,-15.70055
67448527,-5.603148,-6.9623218,-15.215559
67448537,-8.926238,-3.8919067,-5.718109
67448547,-5.708529,-1.3855188,-0.70772827
67448557,-3.9242394,-3.66917,11.346405
67448567,-1.3711487,-11.917617,31.359188
67448577,5.273833,-13.856385,14.281502
67448587,-0.9508228,-10.516531,6.979087
67448599,-11.682905,-7.1539235,2.3650818
67448609,-8.687933,-1.0825489,4.5637097
67448619,-5.0283437,1.1124866,-6.5012803
67448629,-4.912185,-2.3902295,-12.266092
67448639,-6.284531,-6.2498035,-14.582076
67448649,-8.66518,-6.73719,-19.523003
67448659,-15.787969,-7.129973,-19.272722
67448669,-11.712843,-5.2007847,-17.276474
67448678,-3.6751575,-6.577921,-20.886965
67448688,-6.695277,-7.2640944,-13.489947
67448698,-5.4893847,-6.4917006,-13.832436
67448708,-6.156398,-7.33834,-14.377302
67448718,-7.5107813,-7.523954,-18.3219
67448728,-6.817423,-6.1623855,-18.92305
67448738,-8.102351,-3.8847218,-13.962964
67448748,-4.084706,-3.434458,-8.236472
67448757,-3.732638,-2.7147546,5.931266
67448767,1.0238708,-8.157436,12.870835
67448777,-0.24548951,-9.305848,14.464721
67448787,1.1220666,-1.9196081,11.545192
67448797,-2.7973828,0.89932984,3.4069152
67448807,-11.6314125,-2.3459215,3.6871326
67448817,-9.644744,-4.4595265,5.0666637
67448826,-4.846322,-5.3193383,-0.10538086
67448836,-4.7517185,-5.660629,-10.226733
67448846,-6.4653554,-6.715635,-17.908758
67448856,-13.583353,-4.1218286,-16.747173
67448866,-15.223942,-9.47829,-21.152813
67448876,-5.149292,-10.948832,-17.742304
67448886,-7.514374,-12.682826,-18.64403
67448896,-5.769602,-8.30473,-17.749489
67448905,-6.1073,-6.070177,-19.669098
67448915,-4.8355446,-4.1122484,-13.851596
67448925,-3.8200562,-3.5793567,-10.20398
67448935,-3.2356713,-5.6270986,-11.640992
67448945,-4.277505,-7.1850586,-6.0977197
67448955,-4.663103,-5.154082,-0.26105714
67448965,-1.4717395,-2.3614893,3.549419
67448975,-1.3998889,-5.2810183,19.664309
67448984,3.0009594,-6.6892896,7.509584
67448994,-0.45984375,-7.3539076,2.5399182
67449004,-10.41594,-6.692882,0.4155359
67449014,-12.563075,-3.6092944,-1.6310083
67449024,-7.179071,-0.68497556,-10.18482
67449034,-4.5457473,-2.8057654,-13.072017
67449044,-5.259463,-6.1300526,-14.820381
67449053,-4.9792457,-5.158872,-19.730171
67449063,-12.462484,-6.546786,-25.950037
67449073,-8.268805,-3.3889527,-18.030905
67449083,2.0213964,-3.9386096,-18.131495
67449093,-4.663103,-7.7909985,-15.694563
67449103,-7.812554,-8.407716,-6.495293
67449113,-2.4333398,-7.0952454,-7.507189
67449123,-4.446354,-8.321495,-17.004639
67449132,-7.04974,-5.83786,-13.007351
67449142,-3.3350646,-0.49576905,-2.137555
67449152,-0.5041516,-6.3180614,4.1050634
67449162,-1.648971,-11.27216,20.615131
67449172,3.2799792,-13.888719,2.3483167
67449182,-4.2511597,-9.423204,-0.5161267
67449192,-14.577287,-6.6701293,-4.27032
67449201,-12.761862,-4.8978148,-6.149213
67449211,-4.7253737,-3.7709582,-2.8369007
67449221,-3.1841784,-5.965994,-3.1865735
67449231,-2.3734643,-6.955137,3.432063
67449241,-0.69096315,-5.5121374,-4.701423
67449257,-8.213719,-6.1743603,-4.6008325
67449267,-11.715238,-6.3994923,-6.9826794
67449277,-9.623188,-5.4402866,-3.06323
67449287,-5.1433043,-8.436457,-4.740941
67449296,-8.120314,-12.86365,-7.260502
67449306,-8.84361,-12.711566,-9.930948
67449316,-9.22801,-13.130694,-13.8755455
67449326,-9.157357,-12.246932,-12.191847
67449336,-6.9335814,-12.563075,-10.303374
67449346,-6.1132874,-10.436297,-6.2007055
67449356,-12.015813,-7.0964427,0.7747888
67449366,-3.0440698,-9.217233,8.835227
67449375,0.6490503,-8.687933,11.419453
67449385,-5.9588084,-13.79651,-3.9002893
67449395,-4.2367897,-1.3196558,-22.614971
67449405,-3.6751575,-22.647305,-3.8775365
67449415,-5.1480947,-6.2737536,7.380253
67449425,-1.7447717,13.798905,1.4178516
67449435,-1.3004956,7.5538917,25.63629
67449444,-4.8594947,0.64665526,-1.8142273
67449454,-15.134129,11.115286,-6.8413734
67449464,0.8825647,-38.655617,24.629183
67449474,-1.3376184,-6.866521,-5.127737
67449484,-5.706134,-17.755478,3.6416273
67449494,-5.696554,-9.006471,5.603148
67449504,0.008382568,-1.4549744,3.2105236
67449514,-5.0487013,-10.793156,3.8452039
67449523,-0.4921765,3.9913,-0.6969507
67449533,-6.971902,12.203822,0.5041516
67449543,1.3184582,5.5169277,0.5137317
67449553,-6.8389783,-10.711725,2.7303224
67449563,-25.339306,-26.157206,4.7325587
67449573,-17.514778,-5.8654027,3.8404138
67449583,-1.3376184,17.185463,12.578643
67449592,10.197993,11.40149,2.7614574
67449602,13.449232,-9.129814,-4.4643164
67449612,-36.097733,-21.29771,2.1818628
67449622,2.3626869,-1.3268409,6.051017
67449632,-1.7100439,-13.721066,11.545192
67449642,-1.6393908,1.7962646,9.1693325
67449652,4.1829014,-7.721543,7.195836
67449662,-2.3016138,-20.41874,-9.296268
67449671,-7.9083543,-7.094048,0.21555176
67449681,-2.034569,-7.113208,1.5819104
67449691,-11.087743,-10.300979,2.0549269
67449701,-8.814869,-8.60291,-1.9627185
67449711,-8.616083,-5.019961,4.780459
67449721,-0.7005432,1.5364051,4.4152184
67449731,-5.358856,0.53169435,1.9483484
67449741,-4.7840514,-0.23590942,0.7364685
67449750,-6.6425867,-4.8594947,-3.9098694
67449760,-9.557325,-9.703422,-1.651366
67449770,-7.37187,-5.9863515,0.33410522
67449780,-5.3480787,-1.8992505,-2.0070264
67449790,-2.8764184,-1.8262024,-5.3037705
67449800,-5.53968,-10.059082,-5.4043617
67449810,-6.2965064,-15.481406,-0.72928345
67449819,-4.5074267,-10.09381,-7.420968
67449829,-5.9145007,-4.4128237,-6.309679
67449839,-6.3515916,-8.618478,-4.6654983
67449849,-4.9385304,-7.425758,-8.087981
67449859,-3.3422499,-6.564749,-6.595884
67449869,-1.3723462,-10.209969,-9.073531
67449879,-3.7170703,-14.891034,-9.172925
67449889,-3.2081287,-15.250287,-7.155121
67449898,-5.046306,-15.507751,-7.430548
67449908,-5.295388,-13.654006,-5.892946
67449918,-3.9972875,-11.587105,-4.57329
67449928,-3.06323,-10.230326,-3.441643
67449938,-2.6680517,-9.818382,-1.7435743
67449948,-2.7087672,-9.854308,-0.4179309
67449958,-2.9961693,-9.861493,-0.05149292
67449967,-3.681145,-10.032737,1.2322376
67449977,-4.57329,-10.667417,0.9508228
67449987,-5.591173,-10.148895,1.6381934
67450002,-5.400769,-9.50224,2.8452833
67450012,-4.3780956,-10.120155,1.2885205
67450022,-3.8811293,-11.304492,0.2945874
67450032,-4.078718,-11.237432,2.8249254
67450042,-5.2977834,-12.860058,4.648733
67450052,-6.4569726,-14.076727,3.864364
67450062,-6.314469,-14.161751,4.169729
67450072,-6.3515916,-15.445481,2.0920496
67450081,-9.560918,-16.299305,-1.3352234
67450091,-12.505594,-6.8485584,-2.5734484
67450101,-8.940608,5.7097263,4.2032595
67450111,-4.181704,3.817661,2.9650342
67450121,-6.2665687,-2.5686584,-2.2872436
67450131,-14.8251705,-0.2203418,-2.3566992
67450141,-9.424402,13.562996,-8.29515
67450150,-1.6501684,20.508553,-8.387359
67450160,0.5281018,7.9514647,-3.4476306
67450170,-6.0246716,-11.6385975,-1.0669812
67450180,-0.18082398,-27.03019,7.0221972
67450190,-12.943883,-30.110186,5.4965696
67450200,-15.651453,-16.559166,2.9794042
67450210,-5.140909,-0.9699829,-1.2430152
67450220,6.9683094,8.722661,-4.905
67450229,1.411864,22.04855,-9.414822
67450239,-5.292993,8.128696,1.2442126
67450249,-13.213323,-2.2920337,1.8896704
67450259,-9.655521,-2.0824695,3.8631666
67450269,-7.5610766,-2.071692,3.1470556
67450279,0.3556604,-2.6129663,-7.6880126
67450289,-2.1219873,-1.6645386,-0.6706055
67450298,-13.585749,0.8478369,8.341853
67450308,-10.773995,1.9699036,7.8245287
67450318,-9.655521,0.41194335,0.8861572
67450328,-3.739823,-2.2944288,0.26105714
67450338,-5.3768187,-8.762179,-0.45625123
67450348,-6.753955,-12.554692,0.45864624
67450358,-5.618716,-10.876981,0.08981323
67450368,-4.8966174,-9.695039,-1.4897021
67450377,-3.6284547,-9.601633,-0.9472302
67450387,-0.432301,-12.099639,1.8190173
67450397,0.17603393,-9.968071,-1.1783496
67450407,-0.27901977,-11.8637295,-3.182981
67450417,0.73048097,-13.536651,-3.7841308
67450427,0.97477293,-15.3245325,-4.7912364
67450437,0.2838098,-15.204782,-5.7827744
67450446,-1.8537451,-15.792759,-6.4090724
67450456,-2.7027795,-16.47534,-5.86181
67450466,-3.2332764,-16.246614,-4.7936316
67450476,-3.2644117,-13.642032,-2.682422
67450486,-2.5399182,-9.81958,-3.864364
67450496,-2.3315516,-8.496332,-5.367239
67450506,-3.1326857,-10.76681,-3.4679883
67450516,-2.2381458,-10.783575,0.92328
67450525,-4.103866,-9.987231,1.1172767
67450535,-7.2018237,-7.9107494,-1.3675561
67450545,-8.610095,-5.603148,-4.7469287
67450555,-7.7502832,-4.6654983,-3.4596057
67450565,-10.987152,-0.08741821,-9.911788
67450575,-11.268567,-4.8379393,-4.758904
67450589,-3.7829332,-8.89151,-3.1698084
67450599,-4.012855,-10.987152,-5.989944
67450609,-9.077124,-10.667417,-8.956176
67450618,-9.702224,-8.716674,-14.44077
67450628,-8.960965,-7.505991,-12.634926
67450638,-7.66526,-8.254435,-6.492898
67450648,-7.437733,-6.8341885,-12.939093
67450658,-5.2283278,-5.3289185,-13.551021
67450668,-5.825885,-2.962639,-8.123906
67450678,-4.287085,-2.0213964,-8.091574
67450688,-4.023633,-2.692002,-1.6561561
67450697,-4.301455,-4.7672863,14.371315
67450707,2.525548,-9.587263,15.504159
67450717,3.9362147,-10.215956,6.156398
67450727,-3.6260595,-9.308244,10.300979
67450737,-10.157278,-5.8198977,4.572092
67450747,-8.013736,-3.9122643,0.20836669
67450757,-3.37099,-4.1302114,0.029937744
67450767,-1.2058923,-5.6019506,-10.732082
67450776,-4.8666797,-5.8965383,-13.7066965
67450786,-11.700868,-5.133724,-20.139719
67450796,-19.830761,-2.8608508,-17.129179
67450806,-12.741504,-1.6250207,-17.743502
67450816,-3.2727942,-6.5372057,-22.626947
67450826,-8.353828,-10.437495,-18.088385
67450836,-5.80433,-6.986272,-15.781981
67450845,-9.372909,-5.670209,-14.95091
67450855,-7.476053,-8.63644,-15.596367
67450865,-5.3612514,-9.170529,-12.337943
67450875,-5.449867,-6.589896,-13.130694
67450885,-7.9275146,-4.637955,-8.389753
67450895,-3.810476,-3.187771,-1.2046949
67450905,-2.550696,-6.6653395,6.3156667
67450915,3.0416749,-6.508466,10.832673
67450924,2.9327013,-2.8907886,8.456814
67450934,-3.6943176,1.0310559,8.103549
67450944,-12.952266,-7.4808435,2.034569
67450954,-12.425362,-6.6210313,7.65089
67450967,-4.2655296,-4.3960586,-1.9866687
67450976,-4.0906935,-4.7840514,-3.9661524
67450986,-5.173242,-4.684658,-13.954581
67450996,-7.818541,1.0442286,-21.51446
67451006,-13.54144,3.2919543,-18.785336
67451016,-12.755874,-10.447075,-24.239992
67451026,-3.9529798,-16.128061,-18.059645
67451036,-1.956731,-13.7534,-20.324135
67451045,-3.3673975,-8.1634245,-17.844093
67451055,-8.104746,-5.870193,-13.348641
67451065,-3.7098854,-6.1959157,-14.513819
67451075,-3.8332288,-6.108497,-10.128537
67451085,-2.8716285,-6.2330384,-6.773115
67451095,-4.4331813,-6.6330066,1.1100916
67451105,-1.472937,-9.406439,10.874586
67451115,1.6705261,-6.749165,19.197279
67451124,2.931504,-2.3722668,6.7826953
67451134,-5.654641,-2.9195287,4.4331813
67451144,-13.248051,-1.6848962,0.6825806
67451154,-10.951227,-2.6632617,-3.7565882
67451164,-6.2234583,-5.6259007,-6.5455885
67451174,-3.7925134,-7.423363,-10.672207
67451184,-3.2440538,-6.6844997,-17.401014
67451194,-8.678353,-5.938451,-23.295158
67451203,-12.264895,-4.7840514,-29.524603
67451213,-13.612094,-8.357421,-28.834837
67451223,-3.9122643,-10.247091,-16.027472
67451233,-8.274793,-16.45139,-8.830437
67451243,-5.2415004,-13.818066,-4.8403344
67451253,-1.0813513,-7.169491,-0.4287085
67451263,-8.212522,-4.2858872,-18.283579
67451272,-5.2259326,-0.43469605,-9.174122
67451282,2.3854394,0.7472461,24.4771
67451294,4.639153,-2.6273365,14.603632
67451304,-3.2404613,-11.317665,4.7086086
67451314,-6.2785435,-8.346643,9.020841
67451324,-3.2404613,-2.5710535,1.1064991
67451334,-5.7767873,-1.6058606,-4.28469
67451344,-6.234236,-3.1722033,-6.9922595
67451354,-6.4162574,-7.3539076,-9.053174
67451363,-6.6629443,-12.390634,-8.63165
67451373,-2.945874,-11.985875,-3.5805542
67451383,-0.7089258,-6.5060706,-6.276149
67451393,-6.194718,-2.689607,-4.5301795
67451403,-8.825647,-3.2236962,-7.9670324
67451413,-10.874586,-7.862849,-6.854546
67451423,-3.490741,-9.181308,-4.3864784
67451433,-7.94907,-16.815432,-8.322693
67451442,-8.405321,-15.975978,-8.596923
67451452,-8.919053,-15.944842,-11.486514
67451462,-9.427995,-12.139156,-12.269685
67451472,-6.187533,-10.819501,-9.596844
67451482,-7.012617,-11.739188,-4.764891
67451492,-5.5935683,-9.0639515,-3.3817675
67451502,-9.956097,-0.305365,-1.2957056
67451512,-1.1496093,-1.4717395,-1.9543359
67451521,-0.6215076,-11.4697485,24.327412
67451531,-3.006947,4.461921,-11.121273
67451541,-4.883445,-20.936064,-11.467354
67451551,-13.716277,-20.536095,4.191284
67451561,10.722503,-0.89334226,23.802902
67451571,-6.6797094,3.97693,-2.9566517
67451581,-3.4763708,5.0798364,-0.34967285
67451591,-4.821174,3.676355,0.2586621
67451601,-4.8175817,1.6417859,2.205813
67451611,-14.715,18.313517,-8.531059
67451621,-3.5853443,-36.18994,34.181717
67451631,-10.965597,-24.101082,7.467671
67451640,-7.2736745,-26.320066,-5.6486535
67451650,8.32868,-6.595884,-9.528585
67451660,-23.903492,-0.0371228,15.839461
67451670,11.209888,3.2596216,0.0371228
67451680,-11.784694,-13.277988,10.206376
67451690,-6.939569,5.210365,-6.218668
67451700,-10.859018,9.24238,4.350553
67451710,-8.140672,-2.9710217,-3.3135095
67451719,-8.084389,-8.822055,5.151687
67451729,-13.740227,-12.615766,18.67277
67451739,-3.2572265,2.8979735,-4.6906457
67451749,17.072897,-9.617201,7.573052
67451759,-14.103072,-22.264101,-14.802418
67451769,-20.0535,2.9015663,12.955858
67451779,3.171006,2.1615052,2.8680358
67451788,-2.410587,-12.226575,10.2387085
67451798,14.766493,-12.832515,-0.21794678
67451808,-22.15872,-2.9099488,28.061247
67451818,22.937101,-21.045036,5.5312977
67451828,-20.003202,-7.4461155,-9.787248
67451838,-4.778064,-3.9541771,0.7268884
67451848,-2.7327173,-7.5359287,1.5579602
67451858,-4.040398,-3.4476306,5.471422
67451867,-10.745255,-5.994734,20.03913
67451877,4.7445335,8.423284,-3.046465
67451887,-3.3242872,3.6775525,-0.37003052
67451897,-4.174519,-2.1100123,1.7627344
67451907,-15.183227,-16.101717,6.7335973
67451917,-7.056925,-16.501684,2.13995
67451927,1.7507592,-6.0833497,-8.6136875
67451936,-0.65743285,-3.0404773,-5.4702244
67451946,-0.21315674,-4.0392003,-8.453221
67451956,-1.0921289,-1.8537451,-10.842254
67451966,-7.662865,-3.561394,-9.721384
67451976,-10.684182,-8.922646,-9.152567
67451986,-7.780221,-14.604829,-2.9746141
67451996,-8.173004,-20.537292,2.4980054
67452006,-6.4078746,-14.342574,1.2322376
67452015,-4.702621,-10.413545,-2.081272
67452025,-3.129093,-13.813275,-3.5326538
67452035,-4.687053,-3.2500415,-1.1520044
67452045,-3.5242712,3.7721558,-2.6668541
67452055,-4.2104445,3.0859826,-6.3300366
67452065,-3.9398072,0.086220704,-11.827804
67452075,-7.115603,-3.8140686,-14.594051
67452084,-6.046227,-8.081993,-15.621515
67452094,-8.393346,-14.990427,-8.808882
67452104,-1.959126,-12.345128,-11.284135
67452114,-0.50894165,-8.200547,-12.84449
67452124,0.6286926,-14.947317,-13.630056
67452134,2.8907886,-17.065712,-8.383766
67452144,3.0859826,-9.79084,-5.407954
67452154,1.6549585,1.3172607,-8.899893
67452163,-2.9530592,5.692961,-13.220508
67452173,-4.9912205,3.3697925,-12.8624525
67452183,-3.314707,-0.8083191,-11.099718
67452193,-3.0404773,-8.640033,-5.557643
67452203,-2.899171,-7.892787,-3.1470556
67452213,-5.540878,-2.198628,-6.7335973
67452223,-2.5471032,2.1686902,-14.103072
67452232,-7.1934414,-3.3458424,-12.412189
67452242,-5.022356,-6.9383717,-8.996891
67452252,-1.1448194,-4.736151,-12.596605
67452262,-1.7387842,-4.355343,-11.218271
67452272,-1.8741028,-0.859812,-11.049422
67452282,-2.2465284,1.4585669,-8.931027
67452292,-1.7603394,3.7050953,-15.640675
67452302,-1.1807446,4.132606,-21.484522
67452311,-6.321654,-8.53585,-10.405163
67452321,-5.8654027,-15.7676115,-5.315746
67452331,-3.1686108,-12.481645,-6.8234105
67452341,-2.506388,-2.8177404,-11.170371
67452351,-2.0561242,1.3160633,-14.493461
67452361,-1.4465919,1.4573693,-14.68626
67452371,-0.4263135,0.32572266,-13.439652
67452380,-0.6598279,-1.7208215,-12.686419
67452390,-1.2454102,-3.8044884,-11.232641
67452400,-1.5112573,-4.398453,-10.468631
67452410,-3.002157,-3.7637732,-9.486672
67452420,-2.525548,-2.325564,-9.495055
67452430,-1.6501684,-1.9842737,-9.286688
67452440,-2.0513341,-1.7363892,-9.461525
67452450,-2.880011,-1.3950989,-10.230326
67452459,-3.1638207,-0.20357665,-10.375225
67452469,-2.5147705,0.96519285,-10.856624
67452479,-1.0130932,2.3447242,-12.725936
67452489,0.42152345,1.3603711,-14.010864
67452499,1.3052857,0.36164796,-12.143947
67452509,0.49097902,-1.959126,-10.814711
67452519,-0.27662477,-1.890868,-10.497371
67452528,-1.726809,-2.3267615,-11.230247
67452538,-2.76026,-2.14953,-10.630294
67452548,-2.6668541,0.36164796,-9.392069
67452558,-3.4751732,0.7472461,-7.0018396
67452568,-6.023474,0.017962646,-8.210127
67452578,-5.8857603,0.7652087,-7.4664736
67452588,-4.4715014,-2.0704944,-7.34313
67452598,-2.994972,-3.66917,-8.92504
67452607,-1.7495618,-3.9002893,-10.71412
67452617,-1.3292358,-2.9231215,-10.166858
67452627,-1.9220031,-2.941084,-11.138039
67452637,-1.9794836,-2.6524842,-11.917617
67452647,-1.6058606,-1.902843,-11.0901375
67452657,-1.1388317,-3.5601966,-6.690487
67452667,-1.0250684,-9.612411,-7.1072206
67452676,-0.25147706,-8.485554,-10.424322
67452686,0.16525635,-10.98356,-1.9543359
67452696,-3.6308496,-15.811919,-6.1851377
67452706,-15.417938,-7.060518,-13.703104
67452716,-3.410508,6.436615,-20.593575
67452726,-0.80233157,8.84361,-15.63828
67452736,0.7101233,8.150251,-17.820143
67452746,-3.3697925,-5.9049206,-11.547586
67452755,-4.3948607,-12.064911,-7.6413097
67452765,-2.9159362,-15.415544,-9.19927
67452775,-1.9208057,-16.726816,-2.4417224
67452785,-1.3244458,-19.538568,-15.386803
67452795,-8.546627,-3.0871801,-6.133645
67452805,0.53169435,-7.3778577,-11.096126
67452815,-11.32485,-13.434862,-2.5578809
67452824,-11.5188465,-18.873951,4.9720607
67452834,3.812871,0.23710693,-14.820381
67452844,-9.748927,-0.80472654,-4.461921
67452854,-6.1228676,-10.200388,-0.5676196
67452864,-8.380174,-5.9049206,-8.472382
67452874,-2.999762,-1.8669177,-5.046306
67452884,-6.0414367,-15.845449,4.4882665
67452894,-5.435497,-19.544558,16.524437
67452903,-4.2391844,-15.391593,5.6630235
67452913,0.20836669,1.9267932,-5.4630394
67452923,3.2129188,9.47829,-5.3768187
67452933,-4.3062453,9.661509,-9.360934
67452943,-9.942924,8.338261,-4.543352
67452953,-5.84265,3.747008,-0.75562865
67452963,-8.813672,-14.643149,10.675799
67452973,-6.100115,-32.80578,14.615606
67452982,-3.427273,-18.38896,7.625742
67452992,-3.359015,-9.443562,3.117118
67453002,-3.6823425,-11.11289,0.9663904
67453012,-1.653761,-10.265054,1.8513501
67453022,-6.2354336,-13.183385,4.1661363
67453032,-5.5995555,-0.3568579,1.595083
67453042,-1.8968555,5.4462743,4.1314087
67453052,-3.0392797,6.1599903,4.902605
67453061,-2.2357507,5.349276,6.2150755
67453071,4.26074,2.7422974,11.042237
67453081,-0.46223876,1.6346009,-12.758269
67453091,-0.10538086,-16.038248,-12.456496
67453101,-6.1791506,-19.403252,18.488354
67453111,-2.381847,12.297228,5.2355127
67453121,-0.6442602,21.698877,14.494658
67453130,-7.4054003,-38.655617,27.652895
67453140,7.260502,6.314469,-3.4452355
67453150,-17.18666,-21.355192,2.1219873
67453160,8.216114,-5.7217016,-0.04550537
67453170,-10.20398,-15.010785,1.8848804
67453180,-5.229525,8.443642,-0.9448352
67453190,1.9112256,10.785971,2.9650342
67453200,-10.243499,3.5003211,-1.5100598
67453209,-15.434704,-4.7960267,-0.21315674
67453219,-9.9010105,-7.460486,2.4872277
67453229,-5.195995,-1.5819104,4.2727146
67453239,-0.5340893,-3.7697608,11.668535
67453249,9.217233,-3.239264,-0.6262976
67453259,3.6536024,-9.685459,-14.829961
67453269,-26.9296,-5.3408937,12.904366
67453278,0.7592212,-15.38321,10.08902
67453288,4.167334,-10.922486,9.951306
67453298,-4.9229627,-4.946913,11.037448
67453308,2.2189856,5.5875807,-12.195439
67453318,-11.766731,8.743019,18.695522
67453328,2.5219555,-12.184662,-11.371552
67453338,-13.298346,-1.2909155,7.9119473
67453348,-0.29219237,-2.7351122,-14.040802
67453357,-4.6175976,-3.7038977,-5.6007533
67453367,-7.682025,-18.685942,-14.880257
67453377,-10.490186,-20.671413,-2.9794042
67453387,-3.4212854,-17.58543,-8.378976
67453397,-0.4790039,-2.2812562,-7.026987
67453407,-2.6273365,-3.0572424,-9.855505
67453417,-3.4967284,-8.49274,-9.244776
67453427,-5.083429,-17.721947,-7.5538917
67453436,-3.8464015,-19.38409,-4.4954515
67453446,-0.9735754,-15.905325,-5.5301
67453456,-0.41433838,-11.767928,-6.9778895
67453466,-0.53289187,-10.199191,-9.267529
67453476,-0.95321774,-10.620714,-9.479487
67453486,-1.6777111,-10.056687,-9.774075
67453496,-1.9651135,-8.796906,-10.202784
67453506,-2.74589,-8.720266,-10.603949
67453515,-3.0344896,-8.735834,-10.5129385
67453525,-2.4513025,-7.1898484,-10.860216
67453535,-2.6560767,-6.239026,-11.966715
67453545,-2.0010388,-6.2569885,-13.456417
67453555,-2.6153612,-9.988429,-12.86844
67453565,-5.2702403,-12.692406,-5.157675
67453575,-5.1876125,-12.915143,1.3675561
67453584,-2.1854553,-10.15129,5.060676
67453610,-3.3350646,-8.279583,4.2020617
67453620,-4.006868,-7.8233314,4.4571314
67453630,-3.2500415,-9.069939,3.6332445
67453640,-4.132606,-11.826607,0.2574646
67453650,-5.9588084,-12.337943,2.1770728
67453660,-8.220904,-7.7909985,1.1148816
67453670,-13.6575985,-5.691764,-12.832515
67453680,-7.484436,-1.8070422,-15.04192
67453689,-6.149213,-5.126539,-13.682747
67453699,-4.0439906,-8.404123,-14.36413
67453709,-5.367239,-10.158475,-13.747412
67453719,-7.010222,-7.8089614,-12.740307
67453729,-7.282057,-4.367318,-10.536888
67453739,-4.1194334,-4.085903,-12.195439
67453749,-4.0368056,-5.1109715,-11.053015
67453758,-4.366121,-4.2810974,-10.856624
67453768,-6.0198817,-3.373385,-12.346326
67453778,-4.5038342,-3.0811927,-9.057964
67453788,-2.933899,-7.4329433,-4.5684996
67453798,-4.863087,-13.850398,-2.7734327
67453808,-2.5279431,-10.509346,1.9387683
67453818,-0.7484436,-8.558602,3.0225146
67453828,0.41194335,-8.537047,-5.7193065
67453837,-3.3087194,-9.073531,-1.6405884
67453847,-8.90109,-7.770641,0.17363891
67453857,-10.596764,-3.222499,-0.26824218
67453867,-7.7981834,-0.75083864,-0.034727782
67453877,-2.838098,-0.7256909,9.19448
67453887,2.9362938,-3.661985,-2.311194
67453897,0.58198977,-5.285808,-2.626139
67453907,-5.691764,-7.465276,-5.8498354
67453916,-10.15129,-4.740941,-15.852634
67453926,-16.559166,0.032332763,-21.804258
67453936,-14.29707,2.8883936,-20.720512
67453946,0.05628296,-1.3543836,-26.33803
67453956,-4.3960586,-4.3768983,-19.300264
67453966,-4.829557,-6.0474243,-19.485878
67453976,-8.305927,-9.55014,-14.897021
67453985,-6.018684,-11.509266,-13.390554
67453995,-3.4308655,-9.80521,-14.303057
67454005,-1.971101,-4.605623,-17.547112
67454015,-5.271438,-0.41673338,-9.448352
67454025,-6.098917,-4.6547203,5.8342676
67454035,-0.9316626,-13.076807,14.709012
67454045,5.322931,-11.785892,16.486116
67454055,4.0751257,-11.821816,1.9639161
67454064,-7.501201,-9.413624,4.023633
67454074,-16.227455,-4.6894484,-0.14250366
67454084,-11.824211,0.3436853,-0.81550413
67454094,-3.3578174,0.4670288,-3.05365
67454104,-1.1771522,-3.5158887,-11.982283
67454114,-4.1781116,-8.31431,-14.956897
67454124,-9.342971,-6.8329906,-15.0012045
67454134,-20.016376,-6.3671594,-16.053816
67454143,-2.6249413,-5.421127,-26.522446
67454153,-3.026107,-5.740862,-19.418818
67454163,-3.786526,-5.811515,-17.846489
67454173,-10.220746,-9.308244,-14.239589
67454183,-7.2736745,-9.50224,-10.360854
67454193,-3.822451,-7.4101906,-13.227693
67454203,-3.1578333,-2.6464965,-18.978134
67454212,-11.0266695,2.4117846,-14.4311905
67454222,-5.788762,-2.8620484,3.9625597
67454232,0.19758911,-13.489947,10.775193
67454242,-0.04790039,-14.404845,25.249493
67454252,5.4175344,-7.9287124,3.7589831
67454262,-1.6621436,-4.780459,-0.5508545
67454272,-12.964241,-2.650089,1.834585
67454282,-11.98827,0.4682263,-3.182981
67454291,-8.747808,-1.4202466,-0.9927356
67454301,-4.454736,-6.4102697,1.3064831
67454311,0.39757323,-4.7062135,2.9877868
67454321,-1.4621594,-6.949149,-14.370117
67454331,-10.038724,-8.570578,-13.470787
67454341,-17.179476,-4.646338,-20.945642
67454351,-13.124707,-2.0477417,-24.119043
67454361,-0.8813672,0.22752686,-23.278393
67454370,-5.498965,-5.372029,-19.099083
67454380,-5.918093,-11.5823145,-13.452825
67454390,-5.8438478,-14.41203,-7.0245924
67454400,-2.3064039,-10.872191,-8.123906
67454410,-2.4764502,-4.008065,-9.509425
67454420,-1.968706,-1.3004956,-15.299385
67454430,-5.5384827,-0.53289187,-14.98923
67454440,-6.436615,-5.7133193,0.56881714
67454449,-1.2981006,-12.663666,16.937578
67454459,4.155359,-11.175161,18.273998
67454469,4.28948,-9.187295,-3.5805542
67454479,-4.174519,-8.717871,0.91489744
67454489,-13.639636,-3.8631666,-2.9853919
67454499,-12.92113,-0.3065625,-5.1995873
67454509,-6.3360243,-1.4022839,1.0502161
67454518,-1.353186,-3.2799792,-0.82867676
67454528,-1.3939013,-7.413783,-8.378976
67454538,-5.158872,-9.198072,-10.493778
67454548,-10.081835,-6.8880763,-17.494421
67454558,-14.9449215,-4.811594,-22.11561
67454568,-7.388635,-4.6810656,-23.340662
67454578,-5.3217335,-7.7682457,-22.084475
67454588,-4.8187795,-10.21835,-12.642111
67454597,-7.316785,-12.590618,-5.0187635
67454607,-3.7194653,-10.922486,-6.6246243
67454617,-0.4035608,-5.7073317,-13.694721
67454627,-2.1710851,-0.120948486,-16.550783
67454643,-7.0233946,1.3519886,-14.243181
67454653,-7.028185,-4.731361,-4.0667434
67454662,-2.4417224,-11.691288,5.2750306
67454672,-2.535128,-11.760743,16.956738
67454682,3.0979578,-9.897418,3.4643958
67454692,-0.27662477,-6.988667,2.7231371
67454702,-8.787327,-6.9132237,1.6214283
67454712,-14.838344,-5.50615,-1.6262183
67454722,-8.878338,-3.4883459,-2.1243823
67454732,-3.06323,-3.359015,1.4334192
67454741,0.2838098,-3.2356713,-1.6549585
67454751,-1.4358143,-4.6331654,-7.0796776
67454761,-4.7612987,-7.7993813,-10.354867
67454771,-9.552535,-5.5660253,-16.293318
67454781,-14.8251705,-3.9853125,-21.313278
67454791,-10.710527,-6.2031007,-22.945484
67454801,-5.5456676,-7.1587133,-20.76482
67454810,-6.0031166,-6.6138463,-16.969912
67454820,-6.8389783,-7.9251194,-11.187137
67454830,-5.437892,-9.839938,-5.3193383
67454840,-2.4680676,-10.323731,-8.898695
67454850,-1.7890795,-4.7205834,-13.467195
67454860,-5.051096,2.0010388,-15.744859
67454870,-5.767207,2.3459215,-0.92567503
67454880,-1.8824854,-7.028185,14.385685
67454889,3.5386415,-11.4697485,19.708616
67454899,4.2020617,-12.50799,2.43813
67454909,-2.5590785,-10.10339,1.8190173
67454919,-13.149855,-5.579198,-1.9459534
67454929,-12.6936035,-1.4765296,-6.925199
67454939,-7.818541,-3.3518298,-5.4342995
67454949,-3.6092944,-8.00655,1.5052698
67454958,-0.613125,-8.199349,0.98794556
67454968,-2.6321266,-7.149133,-5.5372853
67454978,-5.7121215,-6.2965064,-7.874824
67454988,-9.198072,-3.817661,-6.73719
67454998,-12.523557,-3.849994,-8.023315
67455008,-4.269122,-4.6175976,-10.853031
67455018,-9.304651,-13.196558,-14.754518
67455028,-8.108338,-9.059161,-11.773916
67455037,-6.0330544,-5.9444385,-9.9010105
67455047,-6.41506,-7.476053,-10.965597
67455057,-6.3180614,-7.6377172,-10.627899
67455067,-6.1276574,-8.799302,-9.133407
67455077,-5.5097423,-9.678274,-7.822134
67455087,-5.1061816,-9.200467,-6.333629
67455097,-5.3217335,-8.95378,-5.764812
67455106,-5.9001307,-9.541758,-4.853507
67455116,-5.7217016,-9.703422,-3.6512072
67455126,-5.9516234,-8.919053,-1.9375708
67455136,-6.277346,-8.413704,-1.1567944
67455151,-5.322931,-7.6233473,-0.920885
67455161,-4.6654983,-6.4485903,-1.6801062
67455171,-5.548063,-6.213878,-1.2382251
67455181,-5.925278,-6.786288,-0.6286926
67455191,-6.12167,-8.187374,-0.068258055
67455200,-6.0953245,-9.105865,4.6666956
67455210,-6.8006577,-9.832752,9.637559
67455220,-8.173004,-12.485237,1.7375866
67455230,-4.57329,-14.795233,4.364923
67455240,-4.822372,-4.4595265,-0.5161267
67455250,-2.8165429,4.877457,-2.0752845
67455260,-6.358777,4.780459,-0.61073
67455269,-4.0511756,-3.4404457,3.0165272
67455279,-4.2906775,-3.0440698,4.28948
67455289,-5.364844,-5.7456517,5.20318
67455299,-6.3468018,-8.909472,6.819818
67455309,-12.410992,1.8944604,-15.6550455
67455319,-9.095087,-9.832752,26.651777
67455329,-0.7496411,-15.499369,4.3792934
67455339,-1.8621277,-8.396938,6.788683
67455348,-1.4645544,-2.8488758,3.0129347
67455358,-8.450827,-3.2009437,7.2569094
67455368,-7.1120105,-6.9287915,3.4500256
67455378,-4.9277525,-1.1831397,-6.539601
67455388,-6.173163,14.438375,1.0023156
67455398,1.597478,3.0392797,2.7830126
67455408,-7.7790236,-21.076172,-0.7807764
67455417,-25.542883,-20.852238,2.1016297
67455427,-7.084468,-1.5687377,6.1552
67455437,-1.5938855,7.773036,2.0525317
67455447,-0.80233157,7.1287756,3.302732
67455457,-11.99785,7.5467067,18.493143
67455467,-0.5041516,-0.7807764,11.480526
67455477,10.104588,-11.952345,2.76984
67455487,3.1722033,-26.14643,-22.10603
67455496,-29.652737,-8.365803,10.309361
67455506,-6.0342517,-7.147936,2.6572742
67455516,-0.22992188,-12.484039,4.5708947
67455526,-4.667893,-5.628296,10.056687
67455536,0.48499146,0.62031007,7.04495
67455546,-10.589579,12.178675,6.7120423
67455556,-0.96040285,8.281978,7.4712634
67455565,0.5879773,-2.274071,1.7016613
67455575,-6.9695067,-6.4426026,-6.3276415
67455585,-9.152567,-2.450105,1.1076965
67455595,-5.5468655,-17.586628,2.9243188
67455605,-7.8664417,-21.49051,-3.8140686
67455615,-8.704699,-21.31807,-6.8389783
67455625,-5.3756213,-20.612736,-2.1040246
67455635,-2.1219873,-10.018367,-1.895658
67455644,-4.8091993,-4.343368,-2.0237916
67455654,-2.642904,-0.6993457,-2.4812403
67455664,-11.249407,-6.6749196,-3.2811768
67455674,-2.9542565,-1.299298,-0.34847534
67455684,-2.3782544,-3.9996827,-2.8668385
67455694,-5.380411,-7.7526784,-2.7638526
67455704,-6.6892896,-10.128537,-1.1735595
67455713,-6.2893214,-8.647218,-1.9914588
67455723,-4.381688,-6.922804,-4.8283596
67455733,-3.558999,-8.85798,-5.6438637
67455743,-3.026107,-10.981165,-5.5780005
67455753,-3.1590307,-10.845846,-6.876101
67455763,-3.612887,-9.068742,-7.841294
67455773,-3.0871801,-8.656798,-9.675879
67455783,-2.5051904,-9.381291,-9.188493
67455792,-1.8285974,-10.982362,-8.794512
67455802,-1.4968872,-12.042158,-8.020921
67455812,-1.5986755,-11.999048,-6.74198
67455822,-1.9351758,-11.5823145,-4.926555
67455837,-2.4093897,-10.485395,-3.9074743
67455847,-2.3531067,-9.353748,-5.031936
67455857,-2.4680676,-8.673563,-6.045029
67455866,-2.5734484,-8.592133,-6.356382
67455876,-3.0716126,-10.172846,-7.0401597
67455886,-2.9542565,-11.336825,-7.0796776
67455896,-3.1350806,-11.278147,-8.654403
67455906,-2.3710694,-9.850716,-13.48396
67455916,-3.8487964,-6.192323,-1.5100598
67455926,-12.842094,-8.916657,13.615686
67455936,-13.737832,-5.0259485,5.085824
67455945,-7.425758,-4.567302,-4.479884
67455955,-4.387676,-7.401808,-1.84656
67455965,-3.3111145,-9.408834,-5.254673
67455975,-4.3349853,-9.972861,-7.707173
67455985,-3.9924974,-9.022038,-10.47342
67455995,-3.7769458,-6.8808913,-9.513018
67456005,-2.6213489,-5.2846107,-7.303612
67456014,-3.1961536,-6.4006896,-2.8524683
67456024,-4.085903,-9.461525,-1.9842737
67456034,-4.1541615,-11.185939,-2.8740234
67456044,-4.538562,-11.009905,-3.4009278
67456054,-4.3373804,-8.623268,-5.4821997
67456064,-3.849994,-5.773195,-6.285729
67456074,-3.7757483,-6.1180773,-6.2246556
67456084,-1.233435,-4.404441,-9.624386
67456093,-4.2583447,-5.6414685,-1.3040881
67456103,-3.822451,-4.477489,-4.502637
67456113,-3.1757958,-4.2499623,-5.466632
67456123,-3.0776,-4.199667,-5.964796
67456133,-3.1518457,-3.9541771,-6.6868944
67456143,-3.5853443,-3.8416114,-6.643784
67456153,-4.0116577,-4.9936156,-5.909711
67456162,-4.006868,-6.7455726,-4.7792616
67456172,-3.6440222,-8.0305,-4.2248144
67456182,-3.2033386,-8.437654,-4.92416
67456194,-2.6788294,-8.698711,-6.2593837
67456204,-2.955454,-10.2949915,-2.7219398
67456214,-1.0705737,-7.611372,-5.052294
67456224,0.9448352,-3.9098694,-10.061477
67456234,-7.4904237,-8.630453,-3.817661
67456244,-9.910591,-10.947635,-4.5960426
67456254,-7.777826,-11.111693,-7.7035804
67456263,-3.427273,-6.6186366,-9.962084
67456273,-4.230802,-5.310956,-7.5035963
67456283,-3.4069152,-6.4090724,-9.899814
67456293,-5.190007,-8.491542,-2.1842577
67456303,-4.54934,-10.589579,-7.188651
67456313,-4.0092626,-7.8245287,0.52091676
67456323,-4.9205675,-6.617439,1.6010705
67456333,-2.4069946,-5.449867,-6.6114516
67456342,-2.7410998,-3.7074902,-7.3419323
67456352,-12.011023,-5.415139,-3.7338355
67456362,-12.158317,-6.6246243,-9.423204
67456372,-9.933344,-6.7623377,-6.540798
67456382,-6.821016,-5.769602,-7.149133
67456392,-7.95386,-6.7551527,-9.365724
67456402,-7.36229,-4.2739124,-8.863967
67456411,-5.1289344,-2.3543043,-10.564431
67456421,-6.307284,-3.4260755,-8.960965
67456431,-7.3586974,-3.2883618,-10.514135
67456441,-6.4162574,-5.5217175,-10.516531
67456451,-5.9588084,-6.253396,-9.689052
67456461,-7.0820727,-5.22713,-9.697434
67456471,-8.562195,-4.8283596,-8.780142
67456481,-8.450827,-5.2870054,-8.692723
67456490,-7.3000197,-6.6066613,-5.8654027
67456500,-4.3709106,-8.369396,-5.635481
67456510,-5.5360875,-9.144184,-3.114723
67456520,-3.265609,-5.20797,-19.224821
67456530,-10.274633,-3.7038977,-10.97398
67456540,-9.254355,-4.6882505,-13.6013155
67456550,-6.734795,-6.500083,-12.275673
67456559,-5.295388,-6.365962,-14.97965
67456569,-4.199667,-2.7027795,-3.549419
67456579,-4.805607,1.6561561,-4.7517185
67456589,-7.4568934,-6.947952,-3.6452198
67456599,-6.2174706,-16.524437,5.154082
67456609,-1.3340259,-21.185144,9.029223
67456619,-3.0332923,-10.067465,12.052936
67456629,-5.3899913,0.6334827,11.474539
67456638,-3.8763392,0.023950195,3.661985
67456648,-6.3180614,-4.2415795,3.429668
67456658,-5.764812,-4.5349693,3.8583765
67456668,-4.0008802,-5.997129,-0.35087037
67456678,-3.9290295,-7.100035,-4.387676
67456688,-5.1504893,-8.808882,-9.27591
67456698,-6.525231,-7.220984,-15.730488
67456707,-8.556208,-3.2201037,-20.506157
67456717,-11.830199,-1.6022681,-20.63429
67456727,-10.023157,-4.6499305,-20.02835
67456737,-2.8452833,-7.970625,-18.721869
67456747,-2.5004003,-10.648257,-18.72546
67456757,-3.3530273,-9.595646,-15.021563
67456767,-5.6582336,-7.629335,-17.059725
67456777,-5.316943,-3.2213013,-14.556929
67456786,-5.706134,-1.1723621,-11.365565
67456796,-2.9219239,-3.2835717,-11.830199
67456806,-4.6104126,-6.349197,-7.6856174
67456816,-5.3049684,-7.676038,2.286046
67456826,-3.0668225,-11.135643,9.320218
67456836,3.3697925,-8.384963,14.331797
67456846,2.5842261,-8.020921,2.339934
67456855,-6.1204724,-7.699988,3.5578015
67456865,-16.326849,-7.05932,-0.07783814
67456875,-11.430231,-3.7434156,-0.31494507
67456885,-5.484595,-2.5590785,-0.21555176
67456895,-2.203418,-2.4393275,-0.4778064
67456905,-1.6908838,-5.4965696,-12.759466
67456919,-5.694159,-6.8066454,-14.475498
67456929,-9.340576,-3.0787976,-18.196161
67456939,-13.699512,-0.10178833,-19.342178
67456948,-7.579039,-3.0847852,-22.768253
67456958,-4.087101,-7.084468,-21.622236
67456968,-2.5387206,-8.590935,-17.961449
67456978,-5.190007,-9.986034,-11.760743
67456988,-6.3959,-10.340497,-9.352551
67456998,-2.325564,-7.8496766,-11.066188
67457008,-2.6788294,-3.185376,-11.044633
67457018,-5.80433,-4.126619,-9.022038
67457027,-4.3589354,-8.996891,-5.078639
67457037,-1.421444,-13.639636,5.5025573
67457047,0.62390256,-7.5610766,19.405645
67457057,3.8020935,-5.8091197,-2.147135
67457067,-1.5962806,-5.9121056,4.1709266
67457077,-9.598041,-4.9936156,-1.2466077
67457087,-12.989388,-3.6631823,-1.8944604
67457096,-9.262738,-4.4200087,-2.0848646
67457106,-5.6953564,-7.6245446,-1.7962646
67457116,-2.44771,-9.660312,-5.532495
67457126,-1.2657678,-6.253396,-15.215559
67457136,-4.834347,-2.6464965,-17.925524
67457146,-7.9933777,-0.5185217,-21.132454
67457156,-11.020682,0.025147704,-25.142916
67457166,-6.2234583,-0.013172608,-18.957777
67457175,-5.5372853,-11.193124,-18.053658
67457185,-4.367318,-16.726816,-7.3766603
67457195,-2.3770568,-14.996415,-3.530259
67457205,-3.5506165,-7.6245446,-6.3982944
67457215,-2.1698878,-1.4717395,-11.654165
67457225,-2.8201356,0.4921765,-13.188175
67457235,-3.861969,-1.5555652,-5.1624646
67457245,-4.169729,-9.643546,3.1757958
67457254,0.99992067,-12.069701,11.8493595
67457264,2.5710535,-8.447234,0.74485105
67457274,-1.0035132,-9.251961,-0.7137158
67457284,-8.450827,-5.3756213,-4.4511437
67457294,-11.219469,-2.3638842,-7.9011693
67457304,-8.187374,-3.793711,-5.197192
67457314,-5.1672544,-7.5227566,-3.4332604
67457323,-3.2895594,-10.0770445,-2.515968
67457333,-3.1961536,-9.069939,-1.3519886
67457343,-2.2585034,-5.3049684,-7.538324
67457353,-4.7373486,-2.499203,-10.797946
67457363,-7.486831,-0.4263135,-8.82445
67457373,-9.80042,-6.0546093,-8.580157
67457383,-6.358777,-10.323731,-8.212522
67457393,-6.2809386,-13.631253,-8.096363
67457402,-4.003275,-12.872032,-9.068742
67457412,-6.0055113,-13.270803,-7.477251
67457422,-6.5048733,-12.246932,-11.573932
67457432,-6.211483,-8.993299,-10.2458935
67457442,-5.874983,-7.1311707,-10.397977
67457452,-6.4988856,-7.613767,-4.9612827
67457462,-5.325326,-8.743019,-4.1146436
67457471,-5.2917957,-8.080796,4.125421
67457481,-5.6726036,-9.369316,1.9926562
67457497,-5.85223,-5.076244,2.638114
67457506,-6.7431774,-5.3049684,6.4797254
67457516,-1.4130615,-6.349197,3.4967284
67457526,0.015567627,-13.172607,14.208453
67457536,-10.196795,-17.338743,-4.0463853
67457546,-2.0549269,0.80592406,-2.5471032
67457556,-6.1468177,-6.5994763,-23.478376
67457566,-6.9263964,-16.933985,5.0019984
67457575,-6.763535,0.15447876,6.9599266
67457585,-9.611214,17.378262,-7.5598793
67457595,-1.9351758,-21.736,11.99785
67457605,-9.139395,-14.196478,-0.43828857
67457615,-1.1496093,-0.24429199,5.8510327
67457625,-0.081430666,-2.5447083,-15.980768
67457635,-10.311756,-2.1100123,20.539688
67457645,-4.6032276,-21.453388,-1.1304492
67457654,-2.4417224,4.58766,9.825567
67457664,6.030659,-8.986114,2.8859985
67457674,-10.227931,-17.143549,7.643705
67457684,-6.100115,-17.713564,3.7074902
67457694,-13.220508,1.7842896,-8.790919
67457704,0.17124389,18.998493,2.4357347
67457714,0.5939648,10.74286,-4.9457154
67457724,-14.419215,-4.3685155,4.1397915
67457733,-17.890797,-19.636765,11.542797
67457743,-4.319418,-8.061636,7.9287124
67457753,4.3050475,0.8466394,11.909235
67457763,2.6213489,-5.0067883,-11.778706
67457773,-18.909876,-6.998247,5.6630235
67457783,0.6550378,-0.4155359,5.6749988
67457793,-0.61073,-7.9131446,6.0977197
67457802,-2.7614574,-10.457852,14.996415
67457812,0.45026368,-4.1948767,-11.487711
67457822,-11.640992,-13.074411,4.8091993
67457832,-3.9290295,-13.941409,9.303453
67457842,-2.757865,-3.0344896,13.499528
67457852,-2.943479,9.836346,0.26704466
67457862,-0.44547364,6.404282,3.838019
67457872,5.670209,-11.861334,-7.5514965
67457881,-5.210365,-11.65177,-3.4045203
67457891,-6.700067,-9.168135,3.305127
67457901,-4.437971,-14.517411,5.373226
67457911,-3.685935,-11.11289,-4.084706
67457921,-5.0942063,0.39757323,-3.2799792
67457931,-10.741663,1.0909314,-4.5864625
67457941,-10.75244,-9.974059,-1.8561401
67457950,-7.3143897,-16.84537,3.4212854
67457960,-3.6967127,-14.250366,4.963678
67457970,-2.7710376,-10.386003,4.2391844
67457980,-3.725453,-7.8951817,3.1578333
67457990,-5.1109715,-5.9420433,2.9075537
67458000,-6.199508,-4.1218286,5.1217494
67458010,-6.541996,-5.134922,2.9662316
67458020,-8.728649,-3.6595898,4.831952
67458029,-7.0389624,-2.0609143,2.5375233
67458039,-7.1730833,-3.0225146,0.06346802
67458049,-6.7264123,-5.476212,-0.9927356
67458059,-6.004314,-6.156398,-2.1112096
67458069,-5.109774,-4.8870373,-2.2537134
67458079,-4.4415636,-4.1290135,-1.4849122
67458089,-6.2474084,-6.067782,-0.5017566
67458099,-8.168214,-9.565708,1.3723462
67458108,-7.110813,-13.328283,1.4920971
67458118,-6.382727,-15.778389,2.0657043
67458128,-5.860613,-16.193924,2.2980213
67458143,-5.0570836,-15.172449,2.3315516
67458153,-4.5325747,-13.715079,2.7123597
67458163,-4.29906,-12.418177,3.1051428
67458172,-4.452341,-11.427835,3.7434156
67458182,-4.8080015,-10.247091,4.315825
67458192,-5.2355127,-9.44955,4.7062135
67458202,-5.7564297,-8.253238,4.778064
67458212,-6.021079,-6.910829,4.5217967
67458222,-6.421047,-6.0713744,3.8895118
67458232,-6.7671275,-5.612728,3.5853443
67458241,-7.38145,-5.4606447,3.781736
67458251,-7.2078114,-6.309679,5.6726036
67458261,-9.190887,-9.465117,5.7312818
67458271,-9.675879,-9.850716,4.667893
67458281,-8.344248,-7.34792,4.7181883
67458291,-13.1283,-2.0405567,-0.043110352
67458301,-16.742384,9.363329,-3.566184
67458311,-11.818224,20.84625,-6.307284
67458320,3.4033227,23.200554,-7.5514965
67458330,7.5419164,10.668614,-2.4788451
67458340,0.52570677,-1.4418018,2.8524683
67458350,-7.3610926,-11.191926,6.2031007
67458360,-15.65744,-16.055014,5.8330703
67458370,-15.942448,-12.713962,2.034569
67458380,-11.315269,-6.377937,1.1855347
67458389,-5.356461,-5.395979,3.8811293
67458399,-5.0822315,-18.49434,9.885443
67458409,-9.283095,-25.815916,10.687775
67458419,-12.567865,-11.717633,5.116959
67458429,-7.425758,0.9364526,0.1353186
67458439,-1.1244617,11.908037,-8.441246
67458449,-1.6717236,24.38609,-8.32868
67458459,-3.1063404,6.74198,-2.1603076
67458468,-13.754597,-11.408675,5.0307384
67458478,-12.803775,-9.212442,7.4712634
67458488,-7.8808117,-1.2801379,5.403164
67458498,-7.6736426,-1.9495459,4.8894324
67458508,-10.934462,-6.605464,7.459288
67458518,-11.761941,-5.3241286,-2.6716442
67458528,-2.618954,1.9806812,-1.6956738
67458538,3.6955152,-1.4370117,1.113684
67458547,-10.662627,-2.4752526,-5.6654186
67458557,-2.550696,-5.7288866,6.3204565
67458567,-9.42081,-9.416019,3.0991552
67458577,-6.2593837,-1.5507752,4.7050157
67458587,0.19399658,-1.2513977,3.7745507
67458597,-1.3591735,-3.2380664,-3.0476623
67458607,-2.8333082,-4.0655456,1.8549427
67458616,-0.22393432,-5.572013,2.8572583
67458626,-3.7362304,-5.5899754,3.478766
67458636,-3.8835242,-7.2317615,2.1758752
67458646,-3.9637573,-8.436457,2.3950195
67458656,-4.014053,-8.249645,2.699187
67458666,-3.2955468,-8.361013,3.0392797
67458676,-3.3673975,-8.907078,3.923042
67458685,-2.6393116,-9.847123,4.6906457
67458695,-2.9327013,-10.748848,3.878734
67458705,-1.6681311,-10.938054,3.747008
67458715,-1.5447876,-11.247012,4.101471
67458725,-0.42511597,-10.609937,4.0200405
67458735,-1.9232007,-11.775113,1.4609619
67458745,-3.1087353,-12.215797,0.7101233
67458755,-2.5962012,-11.076965,1.4418018
67458764,-1.0705737,-10.279424,1.3759388
67458774,-1.9483484,-8.931027,0.62031007
67458784,-2.9171338,-7.2904396,0.6274951
67458794,-2.5638685,-9.244776,1.7771045
67458809,-3.9026842,-13.330679,2.2094054
67458819,-4.439169,-15.088623,4.143384
67458828,-3.2189062,-13.349839,3.849994
67458838,-4.446354,-10.375225,2.4081922
67458848,-6.6330066,-9.029223,0.5448669
67458858,-8.260423,-5.901328,2.8333082
67458868,-3.5326538,-5.2498827,3.5554066
67458878,-2.999762,-5.86181,4.4786863
67458888,-4.333788,-6.671327,-0.25985962
67458898,-5.2810183,-8.158634,1.1460168
67458907,-4.966073,-8.382568,-0.2694397
67458917,-8.049661,-7.028185,-1.4262341
67458927,-7.04974,-8.401729,2.9075537
67458937,-6.1516075,-11.33443,3.6571949
67458947,-6.4665527,-11.278147,5.8390574
67458957,-4.1948767,-8.461604,6.7922754
67458967,-8.33347,0.009580079,-6.312074
67458976,-4.9744554,3.424878,0.04670288
67458986,-10.869796,12.676838,15.355668
67458996,-1.3124707,-29.6707,12.875625
67459006,-11.763139,22.808968,20.725302
67459016,0.8801697,-21.521645,6.5767236
67459026,6.331234,5.5097423,-6.983877
67459036,-24.829168,-26.624235,6.5671434
67459046,4.575685,6.9898643,-2.884801
67459055,-5.604346,-16.011904,0.19758911
67459065,-7.1120105,-1.3208532,1.6190332
67459075,-10.278226,2.6405091,2.8764184
67459085,-2.098037,8.270002,-3.1865735
67459095,-8.758587,-0.9831555,-3.1063404
67459105,-11.502081,-12.087664,10.267448
67459115,-4.62119,-14.034815,6.1683726
67459124,-2.098037,-8.606503,1.5795153
67459134,-17.433348,-3.5901344,4.9648757
67459144,1.8046472,5.22234,7.995773
67459154,-1.8010547,-8.334668,8.701106
67459164,4.2176294,-5.2343154,-0.84065187
67459174,-10.75723,-6.0713744,3.3889527
67459184,0.21674927,-18.294357,20.530107
67459194,5.118157,-22.671255,-8.522677
67459203,-1.7519568,-0.27901977,-0.55803955
67459213,-4.26074,-1.9399658,-11.049422
67459223,-8.57417,-5.9540186,5.781577
67459233,-2.1734803,-11.417058,-1.5304174
67459243,-9.736952,-15.302978,4.54934
67459253,-9.327404,-12.080479,1.595083
67459263,-9.297466,-2.445315,4.9552956
67459272,3.0273046,8.805289,-2.15432
67459282,-4.4834766,7.484436,-0.8310718
67459292,-4.405638,3.432063,1.2885205
67459302,-8.826844,-8.192164,1.3376184
67459312,-7.9837976,-11.942765,-2.6608667
67459322,-6.9132237,-9.083112,-5.981561
67459332,-5.877378,-4.364923,-1.9675086
67459341,-3.4715807,-5.4247193,-7.4880285
67459351,-3.3039293,-3.3123121,-9.697434
67459361,-4.963678,-6.347999,-11.5751295
67459371,-5.144502,-6.2881236,-11.451786
67459381,-4.646338,-5.6893687,-15.081438
67459391,-4.932543,-7.562274,-13.8971
67459401,-1.5663428,-9.081914,-10.390792
67459411,-0.6993457,-12.54152,-15.002402
67459420,-1.4154565,-4.3074427,-21.004322
67459430,-0.55923706,5.757627,-24.513025
67459440,0.86100954,-7.594607,-24.820786
67459450,4.29906,-12.543915,-14.977255
67459460,4.111051,-9.129814,-13.492343
67459470,0.91849,-5.8019347,-12.959451
67459480,-0.7161108,-3.786526,-11.33922
67459489,-2.4189696,-4.0727305,-10.050699
67459499,-4.2763076,-3.2129188,-8.731044
67459509,-5.0594788,-6.2569885,-3.1542406
67459519,-4.4978466,-3.0225146,-4.57329
67459529,-5.1145644,1.2382251,-4.8163843
67459539,-9.147778,-1.5208374,-4.5601172
67459549,-8.060438,-2.0824695,-6.72282
67459559,-7.99697,-3.578159,-10.962005
67459568,-0.7256909,0.38679564,-13.106745
67459578,0.80233157,-5.449867,-21.704865
67459588,-2.9135413,-10.745255,-17.71596
67459598,-0.43469605,-7.6029897,-12.656481
67459608,-0.6993457,-9.364527,-14.386883
67459618,-2.7734327,-7.926317,-13.088781
67459628,-2.262096,-4.651128,-9.898616
67459637,-1.4238391,-3.7949085,-8.358618
67459647,-2.6129663,-2.1195922,-6.861731
67459657,-4.436774,-0.57001466,-6.659352
67459667,-5.3049684,0.96160036,-6.427035
67459677,-5.093009,-0.45744872,-6.7060547
67459687,-3.7517982,-1.3807287,-7.914342
67459697,-1.5088623,-4.878655,-9.036408
67459707,-0.33171022,-7.4544983,-12.285253
67459716,0.58558226,-10.098599,-11.528426
67459726,-0.086220704,-12.888798,-6.725215
67459736,1.0023156,0.7496411,-16.856148
67459746,0.23471192,5.0846267,-12.097243
67459756,-7.467671,-4.125421,-13.822855
67459766,-3.822451,-1.099314,-13.740227
67459776,-2.166295,0.34847534,-12.479249
67459785,-0.11256592,-0.5233118,-10.898537
67459795,-4.851112,-13.139077,1.9639161
67459805,-3.925437,-22.814957,0.49337402
67459815,-2.3267615,-13.371394,-5.3528686
67459825,1.5471826,4.214037,-21.483326
67459835,-3.8775365,19.622395,-21.906046
67459845,-4.728966,19.942131,-25.40517
67459855,-11.191926,-3.2787817,-16.517252
67459864,-11.3571825,-19.788849,-8.446036
67459874,-12.529545,-22.543121,-4.4762917
67459884,-6.319259,-13.19536,-5.134922
67459894,-5.4187317,-5.889353,-14.0899
67459904,-4.7816563,-4.5205994,-1.4082714
67459914,1.2046949,-4.677473,0.9939331
67459924,-4.667893,-5.318141,-1.5938855
67459933,-5.769602,-4.623585,-4.149371
67459943,-6.764733,-5.393584,-5.134922
67459953,-2.9518616,-5.2067723,-0.63587767
67459963,-0.76281375,-6.1276574,-0.8430469
67459973,-0.7652087,-4.3960586,-4.1385937
67459983,-8.458012,-5.726492,-9.406439
67459993,-12.808564,-8.841214,-8.86277
67460003,-4.604425,-6.7276096,-5.461842
67460012,-5.0977993,-4.0260277,-4.884642
67460022,-5.053491,-1.3136683,-8.078401
67460032,-3.1590307,-1.9447559,-17.059725
67460042,-14.224021,-9.9081955,-14.031222
67460052,-8.372989,-14.746136,-13.724659
67460062,-4.287085,-14.900614,-13.958174
67460072,-5.47741,-10.884167,-10.905722
67460081,-5.2283278,-6.898854,-14.360538
67460091,-5.53489,-5.51094,-10.732082
67460101,-5.0008006,-7.9933777,-13.327086
67460111,-3.7314405,-8.235274,-12.742702
67460131,-3.3230896,-4.89542,-9.649533
67460140,-5.670209,-2.3040087,-1.463357
67460150,-6.364764,-5.9588084,10.917697
67460160,-1.9088305,-10.960807,13.246853
67460170,2.4740553,-9.472302,4.2583447
67460180,0.7496411,-3.578159,5.266648
67460190,-7.05453,0.40954834,0.8322693
67460200,-12.324771,0.18561402,-3.0716126
67460210,-7.2006264,-3.1446607,-3.4596057
67460219,-3.0979578,-7.04495,-3.5015185
67460229,-1.1496093,-7.029382,-9.407637
67460239,-1.5399976,-5.0846267,-10.418335
67460249,-5.0475035,-3.2045362,-15.0012045
67460259,-13.451627,-1.9818786,-15.65265
67460269,-12.657679,-4.0092626,-20.782782
67460279,-8.629255,-9.166937,-19.978056
67460288,-4.381688,-9.104667,-14.583274
67460298,-4.0104604,-7.8377013,-14.807208
67460308,-6.7755103,-9.235195,-10.802735
67460318,-7.2066135,-12.783417,-15.144906
67460328,-3.5290613,-7.253317,-12.078083
67460338,-5.5289025,-4.501439,-9.326206
67460348,-5.004393,-2.6596692,-6.4545774
67460358,-3.7074902,-5.3145485,-0.9508228
67460367,-1.5160474,-8.028106,5.8977356
67460377,0.4921765,-5.0977993,19.599642
67460387,3.0320947,-1.597478,1.5615528
67460397,-0.7580237,-2.3459215,2.567461
67460407,-8.743019,-3.1686108,3.317102
67460419,-12.3630905,-2.45729,-0.068258055
67460429,-8.024513,-3.3949401,-1.8477576
67460439,-5.437892,-7.848479,0.74006104
67460449,-2.5075855,-7.597002,-9.754914
67460458,-1.9303857,-3.7038977,-17.240547
67460468,-10.946437,-1.4082714,-16.005915
67460478,-17.603394,-4.233197,-20.99953
67460488,-7.3000197,-8.847202,-25.387207
67460498,-4.998406,-11.788286,-21.643791
67460508,-4.4583287,-10.472223,-16.680113
67460518,-7.715555,-10.40636,-10.656639
67460527,-7.588619,-11.159594,-7.013815
67460537,-3.36141,-10.736873,-8.192164
67460547,-2.193838,-7.683223,-13.543836
67460557,-7.0150123,-4.4894643,-11.173964
67460567,-6.2869263,-2.3710694,0.51013917
67460577,-4.372108,-7.197034,14.855108
67460587,-0.7855664,-9.587263,15.176042
67460596,2.1579125,-8.92025,4.3757005
67460606,-1.1867322,-8.067623,2.4812403
67460616,-8.93462,-3.551814,-1.9543359
67460626,-11.442205,-0.23590942,-8.31431
67460636,-9.020841,-1.1172767,-6.829398
67460646,-5.419929,-5.936056,-5.004393
67460656,-4.040398,-9.402846,-1.1292517
67460666,-1.3100756,-8.278385,-6.6473765
67460675,-3.0356872,-4.8642845,-17.737514
67460685,-6.036647,2.9374914,-20.035536
67460695,-10.17045,3.3410523,-22.698797
67460705,-10.880573,-6.09293,-22.391037
67460717,-1.6118481,-10.15129,-17.126785
67460727,-2.8548632,-11.166779,-14.232404
67460737,-1.9555335,-11.008707,-13.940211
67460747,-4.355343,-9.038804,-12.469669
67460757,-5.612728,-6.8808913,-15.213164
67460766,-5.795947,-3.3566198,-12.943883
67460776,-4.9277525,-2.5578809,-4.477489
67460786,-3.725453,-10.227931,3.0524523
67460796,-0.40835083,-11.569141,14.196478
67460806,1.5136523,-7.9718227,14.338982
67460816,0.8562195,-5.237908,-0.5173242
67460826,-4.763694,-4.533772,1.1520044
67460835,-8.993299,-2.3543043,-4.90021
67460845,-8.868757,-0.42391846,-6.898854
67460855,-6.7192273,-2.2261705,-6.3839245
67460865,-4.6738806,-6.1120896,-3.2452514
67460875,-2.3566992,-8.705896,1.099314
67460885,-2.618954,-7.515571,-11.053015
67460895,-6.6569567,-2.5973988,-13.836028
67460905,-14.039604,0.014370117,-20.000809
67460914,-13.898298,-3.234474,-24.656727
67460924,-3.8200562,-7.298822,-21.253403
67460934,-4.4595265,-10.3512745,-12.284055
67460944,-5.773195,-12.664864,-9.251961
67460954,-8.149054,-12.657679,-6.842571
67460964,-4.8103967,-9.129814,-6.3863196
67460974,-4.4990444,-5.7923546,-6.8138304
67460983,-3.5039136,-5.3133507,-13.989309
67460993,-6.3863196,-3.4200878,-10.722503
67461003,-3.9170544,-2.3099964,-1.3244458
67461013,-3.5601966,-14.021642,-1.7579443
67461023,1.407074,-14.396462,15.492184
67461033,3.446433,-8.836425,6.3767395
67461043,1.3328284,-4.380491,1.9399658
67461055,-2.4489074,-2.290836,-4.132606
67461065,-6.8868785,-2.2309606,-7.6868153
67461075,-6.546786,-4.4571314,-6.617439
67461085,-4.0044727,-6.859336,-4.58766
67461095,-3.3434472,-8.469987,-3.241659
67461104,-1.526825,-8.014933,-0.75682616
67461114,-3.7098854,-7.140751,-4.0894957
67461124,-6.8461633,-3.8212538,-7.0174074
67461134,-10.603949,-3.2177088,-14.9940195
67461144,-12.747492,-4.7110033,-7.826924
67461154,-2.2070105,-6.7946706,-17.618961
67461164,-11.41586,-12.240945,-19.449953
67461173,-6.1288548,-6.5623536,-12.060121
67461183,-4.8810496,-6.332432,-8.157436
67461193,-6.5994763,-9.837543,-7.1599107
67461203,-5.6270986,-9.190887,-5.5468655
67461213,-4.687053,-5.8582177,-3.730243
67461223,-3.6991076,-4.5205994,-0.44906616
67461233,-4.3768983,-4.9948134,0.032332763
67461243,-6.2354336,-5.8270826,-2.5075855
67461252,-6.5683413,-4.7086086,-4.780459
67461262,-6.043832,-5.245093,-4.9373326
67461272,-6.1456203,-7.63652,-3.446433
67461282,-6.650969,-6.8880763,-2.8620484
67461292,-4.550537,-7.220984,-3.8703516
67461302,-6.849756,-6.5431933,-2.266886
67461312,-5.979166,-7.2640944,-1.961521
67461321,-5.533693,-6.6844997,-1.1915222
67461331,-5.788762,-7.9921803,-2.066902
67461341,-6.5791187,-8.270002,-3.4164953
67461351,-6.4545774,-7.029382,-3.5386415
67461361,-5.788762,-6.2031007,-2.5542884
67461371,-5.863008,-6.394702,-1.9351758
67461381,-6.0402393,-6.773115,-1.6944764
67461390,-5.8270826,-5.9755735,-2.6177564
67461400,-6.0270667,-4.263135,-4.5529323
67461410,-7.289242,-5.867798,-4.702621
67461420,-7.2413416,-7.181466,-3.690725
67461430,-6.5575633,-8.211325,-2.767445
67461440,-7.0221972,-9.257948,-2.0645068
67461450,-6.9527416,-9.005274,-1.1520044
67461459,-6.380332,-8.198152,-2.0094213
67461469,-6.3923073,-7.253317,-2.8836036
67461479,-6.700067,-6.9132237,-3.9553747
67461489,-6.5228357,-7.037765,-5.78038
67461499,-6.6066613,-6.9120264,-3.2153137
67461509,-6.5599585,-6.2785435,-1.5531702
67461519,-6.5431933,-7.085665,-1.4849122
67461529,-6.6413894,-8.401729,-1.6094531
67461538,-6.4557753,-8.442444,-1.1831397
67461548,-6.2174706,-7.571854,-0.47301635
67461558,-5.0187635,-6.821016,3.4069152
67461568,-2.74589,-7.2652917,7.3778577
67461578,-3.5721717,-10.853031,-6.821016
67461588,-12.978611,-6.502478,-10.247091
67461598,-15.954423,-5.358856,-2.8333082
67461607,-2.4752526,-9.265133,-0.38919067
67461617,-3.8260436,-15.749648,-0.71730834
67461627,-8.863967,-11.921209,9.920171
67461637,-7.594607,-22.690414,6.300099
67461647,-5.795947,-12.403806,2.9470716
67461657,-5.769602,0.1844165,1.9651135
67461667,-3.0308971,8.096363,-9.178912
67461677,-15.186819,-1.5064673,-13.513898
67461686,-6.4234424,4.6654983,0.98794556
67461696,-7.1599107,2.7003846,0.85023195
67461706,-16.195122,13.103152,26.485323
67461716,2.3459215,-38.655617,3.9805224
67461726,-4.1361985,-12.798985,0.7089258
67461736,-4.3146276,-14.509028,8.879535
67461746,-0.8849597,-11.543994,4.3757005
67461755,-4.4583287,-29.8623,4.8822474
67461765,-3.7793407,-3.4260755,-7.355105
67461775,-8.699908,22.81735,-4.918173
67461785,1.7603394,13.858781,-4.2343946
67461795,-21.758753,-19.210451,8.863967
67461805,-16.754358,-25.283024,10.946437
67461815,-1.5112573,3.66917,12.860058
67461825,9.322614,19.448755,6.2737536
67461834,12.7570715,-1.9878662,-6.12646
67461844,-29.680279,-20.32653,-3.805686
67461854,-1.0250684,1.4944922,10.897339
67461864,1.6908838,-8.301138,5.85223
67461874,-2.938689,-11.891272,6.211483
67461884,10.887759,-4.528982,-4.6810656
67461894,-11.044633,-10.45426,6.492898
67461903,-8.632848,-25.70335,10.221943
67461913,-0.9951306,-7.1527257,6.2090883
67461923,-3.739823,-2.6405091,7.644902
67461933,-7.531139,7.6544824,4.846322
67461943,-2.9770093,14.521004,5.036726
67461953,2.633324,5.3061657,-8.697514
67461963,-6.5503783,-7.36708,-16.33523
67461973,-8.734636,-10.073452,4.4511437
67461982,-4.8582973,-21.473745,6.397097
67461992,-3.2799792,-26.19912,-3.5158887
67462002,-1.6848962,-11.758348,-8.469987
67462012,-7.4101906,-2.1710851,-9.114246
67462022,-11.437416,-9.133407,-7.7622585
67462032,-10.213561,-19.655926,-0.91130495
67462042,-8.323891,-16.374748,3.3578174
67462051,-5.8198977,-7.374265,4.3589354
67462061,-6.9671116,-1.4238391,10.386003
67462071,-2.5950036,2.2201831,1.8429675
67462081,-6.1073,1.9339783,0.43469605
67462091,-6.5443907,-3.248844,-1.6130457
67462101,-4.4691067,-2.7279272,-1.22625
67462111,-2.2776635,2.0441492,-11.171569
67462120,-2.5267456,3.0728102,-14.015655
67462130,-6.4066772,-1.773512,-13.46001
67462140,-5.81391,-7.042555,-4.599635
67462150,-1.5711328,-4.629573,-15.08024
67462160,0.12693603,1.2046949,-18.424885
67462170,-1.0250684,-1.9854712,-22.532343
67462180,3.1841784,-14.003679,-21.464165
67462190,0.69575316,-16.904047,-19.576889
67462199,4.094286,-10.356065,-16.813038
67462209,-1.7244141,-10.195599,-11.991863
67462219,5.166057,-1.53401,-13.175002
67462229,-3.7949085,-6.589896,-16.856148
67462239,-3.8883142,-6.7826953,-9.826765
67462249,-1.299298,-5.469027,-6.876101
67462259,-3.2823744,-3.5601966,-5.595963
67462268,-7.846084,-4.5637097,-6.085745
67462278,-4.2763076,-3.382965,-6.3623695
67462288,-9.46871,-3.3997302,-5.3361034
67462298,-3.1183155,-1.3747412,-8.151449
67462308,-3.9960902,-4.0739284,-9.909393
67462318,0.26225463,0.39757323,-13.6013155
67462328,5.0415163,7.7514806,-19.400856
67462338,1.1723621,-3.3135095,-18.741028
67462347,-6.331234,-12.468472,-12.34393
67462357,-8.410111,-18.406923,-1.9519409
67462367,-5.085824,-5.2726355,-5.51573
67462377,-4.2511597,2.6608667,-8.998089
67462387,-3.6009119,0.41074586,-9.206455
67462397,-2.3638842,1.7375866,-12.003838
67462407,-3.8835242,2.3566992,-13.506713
67462416,-3.5482213,-0.14370117,-13.203743
67462426,-1.6777111,-2.242936,-12.209809
67462436,-0.87777466,-1.8238074,-12.009826
67462446,-1.7351917,-0.22752686,-12.842094
67462456,-1.607058,0.010777588,-13.231285
67462466,-1.2394226,-0.7484436,-12.770245
67462476,-0.9017249,-0.39757323,-11.846964
67462486,-0.5041516,0.15208374,-10.754835
67462495,-0.4897815,-0.9807605,-10.638677
67462505,-0.7089258,-2.2525158,-10.559641
67462515,-1.0825489,-2.4752526,-9.291478
67462525,-0.8634045,-2.9518616,-9.836346
67462535,-0.92687255,-2.8009753,-8.731044
67462545,-1.4238391,-2.6321266,-9.772877
67462555,-1.287323,-1.6034656,-10.924882
67462564,-1.9136206,-0.3580554,-12.034973
67462574,-2.4716601,-0.33410522,-12.548705
67462584,-3.7218604,-2.1243823,-12.634926
67462594,-3.4117053,-0.8298743,-12.146341
67462604,-2.8680358,-0.3915857,-13.182187
67462614,-3.6140845,-1.4861096,-13.033696
67462624,-3.1674132,-0.9017249,-12.305611
67462634,-2.762655,-0.031135254,-11.011103
67462643,-1.8741028,-0.11855347,-9.837543
67462653,-1.8501526,-0.4047583,-8.020921
67462663,-2.591411,-1.6034656,-12.855268
67462673,-1.6501684,1.22146,-8.8460045
67462683,-3.1937585,0.71251833,-11.603869
67462693,-2.7770252,-2.2525158,-13.640834
67462703,-2.3291564,-2.75547,-11.890075
67462712,-2.6488917,-2.2992187,-8.407716
67462722,-2.1255798,-1.4597644,-7.884404
67462732,-1.9974463,-0.7496411,-8.685538
67462742,-2.3028114,-1.2885205,-9.774075
67462752,-1.717229,-2.3566992,-13.438455
67462762,-2.7315197,-2.4369323,-9.2747135
67462772,-1.0681787,-3.800896,-11.099718
67462782,-1.9243982,-5.415139,-15.490986
67462791,-2.1435425,-0.64066774,-3.190166
67462801,-0.086220704,-2.071692,-6.5695386
67462811,-0.9807605,-1.5962806,-7.65089
67462821,-0.94842774,-2.4357347,-8.981323
67462831,-1.9076331,-3.822451,-18.4177
67462841,-4.531377,0.69216067,-9.089099
67462851,-3.4524207,3.185376,-15.1628685
67462860,-7.0712953,-3.1614258,-9.020841
67462870,-0.9687854,-3.8080812,-9.758507
67462880,0.19878662,-6.6557593,-9.952503
67462890,0.28859985,-8.709489,-10.10339
67462900,-0.9029224,-9.941726,-8.463999
67462910,-4.414021,-12.209809,-3.3578174
67462920,-5.318141,-18.748213,2.9350965
67462930,-0.6274951,-26.032665,1.8693128
67462939,-2.3519092,-14.811998,-8.917855
67462949,-1.7304016,-0.42511597,-20.255878
67462959,-5.845045,20.139719,38.429287
67462969,-5.466632,13.288766,-9.127419
67462979,-4.8187795,-13.943804,-2.0944445
67462989,-3.615282,-25.323738,0.70533323
67462999,-3.4093103,-17.381855,-5.1145644
67463008,-0.6550378,-8.471184,-7.70837
67463018,-0.9304651,-13.194162,-4.92416
67463028,-3.7266505,-16.729212,-3.2428565
67463038,-3.5122962,-15.267052,-1.719624
67463048,-2.15432,-12.557087,5.8725877
67463058,-4.079916,-6.4797254,-3.3446448
67463068,-2.6728418,4.211642,-2.5387206
67463078,-3.4452355,-4.6499305,0.06346802
67463087,-2.2968237,-14.677877,4.2248144
67463097,-0.5640271,-10.322535,6.1611876
67463107,-2.830913,-10.647059,2.8644433
67463117,-1.1783496,-11.488909,1.8381774
67463127,0.93884766,-10.953622,8.533455
67463137,-3.1135254,-9.413624,10.479408
67463147,-3.8392162,0.6933582,2.962639
67463157,-4.1457787,8.344248,-2.0333717
67463166,-4.555327,3.5458264,0.88974977
67463176,-3.150648,-3.5685792,4.0439906
67463186,-4.3469605,-3.060835,1.2585827
67463196,-5.0187635,-4.5373645,-1.1292517
67463206,-6.8413734,-11.490107,4.9600854
67463216,-5.854625,-17.639318,10.273437
67463226,-4.778064,-17.184265,5.7348742
67463235,-8.376581,-14.867084,-2.4405248
67463245,-3.1757958,-9.411229,2.1998255
67463255,-7.9694276,-7.782616,-1.5376025
67463265,-2.5842261,-21.74558,9.605226
67463275,-6.5120583,-16.174765,6.7826953
67463285,4.3864784,14.239589,4.405638
67463295,-0.027542725,22.268892,2.4836352
67463305,-0.37242553,15.877782,-5.605543
67463314,-3.3554223,6.060597,1.5160474
67463324,-0.10657837,23.295158,12.349918
67463334,2.7686427,-38.655617,25.960814
67463344,-3.2668066,-13.871953,-10.109378
67463354,0.5939648,2.6848168,18.216518
67463364,-3.7098854,-16.058605,17.335152
67463374,-2.2094054,-2.6045837,5.8318725
67463384,-4.9780483,-7.902367,12.722343
67463393,-8.357421,3.6775525,-16.862135
67463403,-2.2357507,19.035616,4.637955
67463413,-8.879535,7.5347314,-5.22713
67463423,-13.018128,-6.2031007,0.99872315
67463433,-12.434941,-10.706935,18.166224
67463443,-0.45864624,-11.706856,10.6255045
67463453,7.789801,-10.419533,-2.3578968
67463462,-0.46942383,-11.31048,-6.910829
67463472,-19.272722,-7.6221495,8.811276
67463482,-2.1998255,-12.616962,4.9924183
67463492,6.3923073,-1.2981006,-5.7947497
67463502,-11.4206505,5.435497,-0.86579955
67463512,-9.152567,2.4896228,22.432951
67463522,-0.38679564,-19.240389,-12.4337435
67463532,-12.383449,6.255791,-2.5554857
67463541,-6.9144216,-6.490503,-11.389515
67463551,-2.8177404,-13.487553,-4.9936156
67463561,-4.8307543,-10.868599,-6.43422
67463571,1.9160156,-10.711725,-6.993457
67463581,-8.946595,-14.176121,-13.727055
67463591,-5.1995873,-11.43502,-7.180269
67463601,-4.399651,-10.142908,-9.122629
67463610,-0.5760022,-9.024433,-10.935659
67463620,-1.5100598,-12.594211,-12.413386
67463630,-2.5614734,-15.977176,-9.418414
67463640,-2.2848487,-16.653769,-6.8473606
67463650,-1.9267932,-13.81567,-6.638994
67463660,-1.5352075,-9.815988,-7.765851
67463670,-1.2681628,-8.056846,-10.830278
67463680,-0.5676196,-6.0977197,-13.032498
67463689,-1.1232642,-5.6714063,-13.612094
67463699,-1.890868,-6.079757,-13.068424
67463709,-1.9914588,-7.359895,-11.885284
67463719,-2.4513025,-8.55501,-9.941726
67463729,-3.4691858,-9.074729,-8.361013
67463739,-2.938689,-9.072334,-4.7529163
67463749,-3.849994,-8.525072,-0.09580078
67463758,-3.578159,-7.940687,0.2203418
67463768,-2.6860144,-7.604187,1.22625
67463778,-2.9482691,-8.132289,0.9244775
67463788,-2.9327013,-9.582473,-1.5531702
67463798,-4.155359,-8.551417,-1.7794995
67463828,-8.072413,-7.932305,-1.4537768
67463838,-17.743502,-4.0511756,4.636758
67463848,-13.158237,-4.8894324,-1.343606
67463858,-2.9542565,-7.418573,-11.64698
67463868,-1.2154725,-11.691288,-14.026432
67463877,-4.2978625,-15.875387,-11.480526
67463887,-7.140751,-14.837146,-9.257948
67463897,-5.7360716,-8.822055,-9.196875
67463907,-2.5890162,-5.1456995,-10.266252
67463917,-1.341211,-3.5649865,-12.4265585
67463927,-2.4465125,-2.3662794,-12.824132
67463937,-1.9818786,-3.1614258,-10.724897
67463947,-2.8740234,-7.316785,-4.5002418
67463956,-3.3278797,-13.802498,5.447472
67463966,-0.9675879,-14.574891,16.189135
67463976,2.8488758,-13.895904,4.7157936
67463986,1.0669812,-12.407398,5.3540664
67463996,-3.5805542,-6.75156,-0.1844165
67464006,-9.75252,0.14489868,-3.3494349
67464016,-8.819659,5.9588084,-12.521162
67464026,-11.232641,3.4524207,-16.24422
67464035,-9.75252,1.2490027,-13.839621
67464045,-7.05932,-0.75083864,-15.651453
67464055,-9.022038,-8.042476,-22.037773
67464065,-7.2293663,-14.5437565,-20.785177
67464075,-6.9048414,-16.662151,-23.25564
67464085,-3.2596216,-11.330837,-14.567706
67464095,-5.3456836,-5.445077,-8.326285
67464104,-1.6932788,-1.1603869,-11.8637295
67464114,-3.427273,-2.0190015,-15.102993
67464124,-5.6259007,-7.435338,-8.28557
67464134,-6.4593678,-13.952187,5.259463
67464144,-1.0981164,-16.535215,20.266655
67464154,6.1456203,-9.817185,12.803775
67464164,2.6572742,-5.936056,4.7157936
67464174,-4.1936793,-0.5999524,1.0106982
67464183,-11.748768,1.4861096,-7.5814342
67464193,-12.450509,-0.09220825,-4.2020617
67464203,-5.629493,-4.946913,-6.6162415
67464213,-3.68354,-6.4246397,-11.929592
67464223,-5.5444703,-4.2571473,-8.458012
67464233,-8.412506,-4.0344105,-17.13397
67464243,-10.65185,-7.5275464,-26.729616
67464252,-7.608977,-10.724897,-21.506079
67464262,-4.519402,-12.754677,-19.185305
67464272,-4.33259,-10.692565,-12.166699
67464282,-6.5946865,-8.584948,-7.97302
67464292,-3.3015344,-6.676117,-11.460169
67464302,-4.1781116,-6.347999,-15.3317175
67464312,-4.9373326,-7.3586974,-10.209969
67464322,-5.1552796,-9.49745,3.4188905
67464331,-1.4561719,-12.416979,17.40341
67464341,2.7327173,-9.636361,22.23177
67464351,5.430707,-6.73719,1.8429675
67464361,-2.1926403,-7.94907,1.7363892
67464371,-9.384884,-3.578159,-3.873944
67464381,-13.380974,0.4670288,-7.498806
67464391,-8.79571,0.12933105,-3.7003052
67464401,-0.98674804,-2.2501209,-2.870431
67464410,-0.6490503,-6.2498035,-11.377541
67464420,-2.830913,-6.0103016,-15.112574
67464430,-8.6280575,-4.653523,-20.400776
67464440,-12.675641,-5.9145007,-31.666948
67464450,-6.197113,-7.8796144,-26.793083
67464464,-5.3145485,-14.659915,-15.407161
67464474,-2.9039612,-16.12447,-4.2595425
67464484,-3.0919702,-12.8061695,-0.24309449
67464494,-2.3171813,-6.573131,-8.002957
67464504,-2.7997777,-1.7866845,-19.048788
67464514,-7.387438,3.2356713,-7.03058
67464523,-6.603069,-2.7806177,2.8788135
67464533,-1.0142908,-9.334589,20.09182
67464543,5.395979,-8.798104,14.735357
67464553,3.0237122,-11.395503,0.4155359
67464563,-6.2785435,-9.051976,3.6943176
67464573,-15.35447,-4.0092626,-2.5004003
67464583,-11.563154,-0.20716919,-2.311194
67464593,-5.7767873,-3.4715807,2.682422
67464602,-2.1830604,-4.799619,-3.2272887
67464612,-2.217788,-7.36229,-7.5023985
67464622,-7.4329433,-7.763456,-14.218034
67464632,-11.256592,-5.3289185,-16.820223
67464642,-10.475816,-2.4333398,-29.667107
67464652,-3.4500256,-4.812792,-33.178207
67464662,-5.9635987,-9.56451,-21.502485
67464671,-1.4944922,-13.642032,-11.844569
67464681,-3.4236803,-16.569942,-7.03058
67464691,-3.5649865,-13.858781,-10.208771
67464701,-3.1398706,-7.804171,-15.148499
67464711,-5.400769,-4.1457787,-15.793957
67464721,-8.722661,-1.8944604,-1.167572
67464731,-5.0091834,-6.9048414,14.401253
67464741,0.6706055,-11.972703,15.895744
67464750,4.7038183,-10.536888,6.404282
67464760,-0.24788453,-11.230247,4.2559495
67464770,-8.998089,-7.2736745,2.029779
67464780,-14.916182,-2.14953,-4.1469765
67464791,-9.944121,0.49696654,-6.143225
67464801,-4.1445813,-2.9171338,-4.0679407
67464811,-1.411864,-6.638994,-0.76161623
67464821,0.5484595,-8.847202,-4.164939
67464830,-1.2969031,-9.296268,-2.6225464
67464840,-3.3745825,-8.774154,-8.048463
67464850,-9.775272,-9.20406,-5.5468655
67464860,-8.952583,-8.8951025,-9.684261
67464870,-4.528982,-9.127419,-5.724097
67464880,-9.631571,-15.750846,-7.644902
67464890,-9.577683,-13.614489,-6.182743
67464899,-6.5108604,-13.291161,-6.842571
67464909,-6.644982,-12.716356,-11.760743
67464919,-6.001919,-13.329481,-9.520203
67464929,-6.2545934,-18.61529,4.0739284
67464939,-2.095642,-14.458733,-0.3161426
67464949,-5.191205,-8.31431,-2.4417224
67464959,-5.247488,-20.55765,-4.7960267
67464969,-8.164621,-6.46775,15.28741
67464978,-0.83945435,10.188413,4.716991
67464988,-0.3903882,17.950672,1.1567944
67464998,-5.019961,11.481724,4.3924656
67465008,-0.366438,-1.6896863,-3.0644274
67465018,-8.646021,-1.4645544,5.877378
67465028,-5.3684363,21.858147,9.141789
67465038,3.8511915,-38.655617,10.073452
67465048,-7.4640784,0.5233118,0.40954834
67465057,0.43110353,-16.106506,12.136762
67465067,-1.8262024,-12.019405,3.0740075
67465077,-12.246932,-9.061557,0.46942383
67465087,3.2033386,-14.018049,8.066425
67465097,-7.4736586,-5.555248,-7.3119946
67465107,-2.8644433,18.5135,-2.142345
67465117,6.0079064,8.756191,1.8549427
67465126,-10.833871,-11.015892,-1.3232483
67465136,-19.035616,-24.547752,7.1359606
67465146,-24.433989,-6.0881395,5.127737
67465156,6.9826794,19.869081,0.3412903
67465166,-1.3974938,15.747253,1.7818946
67465176,-5.0163684,-1.7136365,9.710607
67465186,3.8344262,-8.438851,12.63253
67465195,3.5997143,-4.658313,5.2426977
67465205,-3.2644117,-13.619279,-14.958095
67465215,-9.433982,-16.247812,4.0978785
67465225,0.7699988,-29.51143,10.148895
67465235,-4.418811,-12.540322,6.4940953
67465245,-0.062270507,-5.102589,8.317903
67465255,-1.2681628,-5.484595,7.477251
67465265,-3.8835242,-3.270399,18.948196
67465274,-2.5459058,22.612577,0.6861731
67465284,-10.359657,18.524279,18.618881
67465294,-11.225456,-13.974939,17.305214
67465304,-9.481882,-17.833315,-7.9646373
67465314,-7.97781,-3.446433,-6.8868785
67465324,-5.518125,-2.9638367,-4.3062453
67465334,-6.697672,-14.036012,-4.0487804
67465343,-5.7384667,-13.451627,-2.3171813
67465353,-4.1805067,-5.6079383,-2.1004322
67465363,-6.5192432,-3.6655774,-1.4082714
67465373,-10.186018,-7.726333,-0.09580078
67465383,-11.854149,-12.110416,1.4908997
67465393,-9.792037,-15.039525,-0.97477293
67465403,-9.043593,-17.277672,-0.37601808
67465413,-4.7768664,-16.049026,2.654879
67465422,-1.2034973,-13.883928,4.4200087
67465432,-1.1208692,-13.098362,5.366041
67465442,-2.7782226,-11.515254,5.618716
67465452,-3.9996827,-9.347761,4.263135
67465462,-5.2498827,-8.115523,4.6164002
67465472,-5.9528213,-9.333391,1.8357825
67465482,-5.915698,-9.611214,0.796344
67465492,-5.26066,-8.783734,1.3950989
67465501,-5.9420433,-8.805289,4.30864
67465511,-5.8558226,-8.084389,5.743257
67465521,-4.9229627,-5.550458,4.3792934
67465531,-6.3180614,-2.0968397,4.118236
67465541,-6.2965064,0.9592053,2.339934
67465551,-5.4342995,-1.6561561,0.2933899
67465568,-6.9455566,-8.05924,1.8070422
67465577,-7.820936,-10.654244,5.1935997
67465587,-8.774154,-6.8473606,5.4654346
67465597,-6.6868944,-3.171006,1.5232325
67465607,-4.1026683,-0.0035925293,1.6178356
67465617,-8.59812,0.88974977,5.7145166
67465627,-12.26729,6.653364,3.7146752
67465637,-9.817185,6.9611244,3.2811768
67465646,-7.99697,0.35206786,4.5840673
67465656,-7.9526625,-9.669891,4.237987
67465666,-5.0738487,-17.49921,5.870193
67465676,-5.1037865,-14.370117,1.4226416
67465686,-5.5312977,-3.7805383,-2.5806336
67465696,-5.031936,1.155597,-2.9362938
67465706,-4.1074586,0.11975098,-2.325564
67465716,-4.1361985,-2.574646,-0.7867639
67465725,-5.1624646,-6.260581,-0.09580078
67465735,-8.255632,-8.908276,2.5027955
67465745,-7.8233314,-10.965597,3.2620165
67465755,-8.359816,-32.202236,26.706863
67465765,-0.39517823,-38.655617,-7.4054003
67465775,-12.230167,4.8379393,-8.012538
67465785,-4.956493,19.379301,-2.3926246
67465794,6.3048887,5.943241,3.5841467
67465804,-19.936142,-16.954344,3.627257
67465814,-2.4010072,3.1482532,4.8103967
67465824,-19.237995,-1.1280541,-0.11136841
67465834,-8.077204,9.238788,4.7385464
67465844,-7.0509377,5.6390734,-0.38440064
67465854,-11.314073,-3.605702,5.381609
67465863,-8.580157,-2.4189696,6.029462
67465873,-7.0413575,-5.3217335,1.9220031
67465883,-10.808723,-6.307284,3.9565723
67465893,0.4921765,-2.4225624,-3.9338195
67465903,-8.327483,-0.6370752,3.7793407
67465913,-9.7956295,5.2977834,-2.5471032
67465923,-9.587263,-4.30385,4.8594947
67465933,-7.1730833,-2.0453467,5.1612673
67465942,-5.9516234,2.875221,1.9220031
67465952,-2.0357666,3.2715967,-0.104183346
67465962,-1.3196558,1.0574012,-0.4754114
67465972,-2.5171654,-2.0800745,-1.3675561
67465982,-1.8214123,-4.6714854,-0.791554
67465992,-1.108894,-7.5047936,0.80233157
67466002,-0.123343505,-8.992101,1.0490185
67466011,-0.09580078,-9.073531,-0.038320314
67466021,-0.3185376,-9.672286,-0.8693921
67466031,-1.1496093,-11.312875,-2.694397
67466041,-1.1448194,-11.658955,-3.0057495
67466051,-1.531615,-12.770245,-4.0811133
67466061,-2.1734803,-14.408438,-3.2763867
67466071,-0.31734008,-16.493301,-0.7711963
67466081,0.8346643,-18.415306,0.64066774
67466090,-0.09101074,-17.52316,1.0130932
67466100,-1.2130774,-14.257551,0.0047900393
67466110,-1.5627502,-12.072096,-2.5291407
67466120,-1.1053015,-11.7439785,-3.2201037
67466130,-1.3424084,-12.724739,-3.373385
67466140,-3.1326857,-12.442126,-2.577041
67466150,-4.8355446,-11.049422,-2.1854553
67466159,-5.300178,-9.616003,-1.4968872
67466169,-6.1073,-9.304651,-1.5160474
67466179,-6.229446,-9.592053,-0.10538086
67466189,-8.126301,-9.187295,2.14953
67466199,-8.042476,-8.361013,-0.1101709
67466209,-1.5064673,-0.5616321,-3.7458105
67466219,-5.4606447,1.5603552,-7.6880126
67466229,-8.903485,1.0346484,-10.194401
67466243,-9.096284,-4.233197,-8.414901
67466253,-9.668694,-10.558444,-4.804409
67466263,-8.158634,-13.50791,-2.5327332
67466273,-6.692882,-13.610896,-1.5962806
67466283,-7.543114,-12.880415,0.11376343
67466292,-7.0509377,-11.991863,5.0750465
67466302,-5.4414845,-12.785811,1.6106507
67466312,-5.346881,-10.1896105,3.0787976
67466322,-2.2872436,-6.227051,6.177953
67466332,0.18202148,-7.9059596,10.360854
67466342,-6.993457,-11.929592,-9.055569
67466352,-4.8978148,-14.66231,-6.086942
67466362,-4.079916,-16.579523,0.6550378
67466371,-10.897339,-11.702065,-8.646021
67466381,1.096919,-8.244855,8.198152
67466391,-0.98195803,-6.8186207,-20.81751
67466401,-7.787406,2.0896544,15.408359
67466411,-6.6258216,-17.65848,2.9027636
67466421,-0.04550537,4.572092,4.9229627
67466431,-4.812792,7.509584,2.2525158
67466440,3.4033227,-32.44054,-1.6813037
67466450,0.10897339,18.840422,10.409952
67466460,-8.356223,-21.209095,-3.9445972
67466470,-2.9674292,-1.104104,7.484436
67466480,-3.8356237,-15.838264,0.32811767
67466490,-7.5107813,-9.091495,7.1706886
67466500,-18.373392,2.2357507,-2.3854394
67466510,5.6223083,21.085752,3.478766
67466519,-4.3050475,7.0629125,-4.2763076
67466529,-11.281739,-8.065228,0.9592053
67466539,-19.396065,-24.666306,11.62782
67466549,-10.352472,-11.269764,10.748848
67466559,1.4489868,4.787644,3.5134935
67466569,-1.9232007,1.1160791,9.8519125
67466579,1.0238708,0.2574646,8.458012
67466588,-4.387676,-15.323335,-8.5717745
67466598,-10.1189575,-18.312319,1.219065
67466608,-3.4631982,-18.949394,10.023157
67466618,1.8585352,-3.0835876,-5.7384667
67466628,-5.391189,-8.668774,3.8954992
67466638,-4.028423,-17.975819,6.2725563
67466648,-5.8079224,-4.91937,10.340497
67466658,-4.0260277,16.841778,1.3543836
67466667,-6.7994604,17.866846,5.540878
67466677,3.8727465,8.408914,-10.712922
67466687,-6.43901,-2.7003846,-6.4940953
67466697,-12.114009,-14.154566,0.92567503
67466707,-8.438851,-16.223862,0.16884887
67466717,1.1927197,-15.959212,-4.212839
67466727,-6.3911095,-18.646425,-9.612411
67466736,-5.9755735,-7.34792,-7.994575
67466746,-3.3506324,-3.2991395,-10.130933
67466756,-3.0931678,-7.38624,-8.1634245
67466766,-3.5973194,-11.541599,-4.2787023
67466776,-3.4476306,-11.536809,-4.0116577
67466786,-3.0356872,-10.054292,-4.9720607
67466796,-3.0320947,-9.116642,-7.181466
67466806,-2.5375233,-8.747808,-9.006471
67466815,-1.7459693,-9.707014,-10.336905
67466825,-0.90411985,-10.281818,-11.314073
67466835,-0.34967285,-10.736873,-11.220667
67466845,0.40595582,-10.333312,-8.110734
67466855,0.46942383,-10.588382,-4.567302
67466865,0.49097902,-11.249407,-4.3289976
67466875,-0.183219,-11.153606,-4.7038183
67466884,-1.2645704,-10.514135,-6.8234105
67466894,-1.5172448,-10.532099,-9.045989
67466904,-1.9734961,-11.047028,-8.868757
67466914,-2.518363,-11.7511635,-6.340814
67466924,-3.7757483,-10.667417,-2.137555
67466934,-5.51094,-9.2256155,-0.7388635
67466944,-5.8342676,-5.9863515,0.28979737
67466959,-5.936056,-3.6727624,-4.780459
67466969,-6.2869263,-0.77838135,-5.252278
67466979,-10.1752405,-5.6079383,-9.473499
67466989,-16.019089,-7.891589,-3.4188905
67466998,-8.411308,-7.08327,-0.71850586
67467008,-0.25506958,-8.922646,-2.022594
67467018,-0.37721556,-10.035131,-5.0678616
67467028,-5.564828,-9.140592,-7.8149486
67467038,-9.388476,-7.801776,-9.445957
67467048,-8.6771555,-7.0629125,-9.065149
67467058,-8.523874,-6.835386,-7.890392
67467068,-6.270161,-7.597002,-12.278068
67467077,-6.309679,-7.8149486,-12.236155
67467087,-6.72282,-6.7671275,-16.28733
67467097,-7.5658665,-2.884801,-11.886482
67467107,-6.2078905,-2.4249573,-8.408914
67467117,-3.7577856,-7.113208,4.373306
67467127,-3.6955152,-16.774717,9.48308
67467137,4.9612827,-17.05733,4.106261
67467146,2.7291248,-9.744137,4.2487645
67467156,-5.522915,-5.300178,7.167096
67467166,-11.152409,-2.6093738,-2.6093738
67467176,-9.273516,-0.15567628,4.253555
67467186,-1.4370117,-0.41433838,-8.167017
67467196,-1.9651135,-1.4166541,-14.002481
67467206,-6.885681,-3.145858,-16.819025
67467215,-10.286609,-0.18082398,-15.586787
67467225,-12.907958,-3.4655933,-17.836908
67467235,-5.8187,-9.20885,-19.77807
67467245,-5.1876125,-9.481882,-20.56723
67467255,-5.430707,-9.481882,-17.131575
67467265,-6.8006577,-10.800341,-12.606185
67467275,-4.91937,-9.1693325,-11.666141
67467285,-4.1002736,-2.3854394,-13.465998
67467294,-5.4187317,0.63468015,-8.999286
67467304,-4.5768824,-2.5542884,-1.8297949
67467314,-2.7003846,-6.9994445,6.124065
67467324,-0.2814148,-7.692803,15.124548
67467334,1.6022681,-7.676038,5.254673
67467344,-1.9232007,-8.0508585,1.2945081
67467354,-10.401569,-7.5023985,2.027384
67467363,-13.534255,-5.2726355,-0.032332763
67467373,-6.187533,-0.97477293,-4.4571314
67467383,-5.308561,-1.6453785,-15.098203
67467393,-6.654562,-0.40954834,-16.493301
67467403,-8.474776,-3.3314722,-21.95634
67467413,-13.307926,-7.8544664,-22.761068
67467423,-4.6092153,-8.393346,-15.488591
67467433,-5.6318884,-12.415781,-16.050224
67467442,-5.797145,-12.607383,-11.6314125
67467452,-5.805527,-10.509346,-9.248368
67467462,-4.3278003,-6.243816,-11.67572
67467472,-5.859415,-2.4321423,-13.46959
67467482,-6.3863196,-3.7506006,-5.464237
67467492,-3.8583765,-12.874428,4.2224193
67467502,0.0490979,-14.040802,21.866528
67467511,4.0679407,-8.079598,8.7262535
67467521,-2.325564,-6.6186366,5.0415163
67467531,-10.620714,-3.1255004,5.2307224
67467541,-9.948911,1.4897021,-1.7447717
67467551,-7.394623,2.8464806,-0.25267455
67467561,-1.111289,2.5590785,-3.7529955
67467575,-1.9531385,-1.9016455,-14.632372
67467585,-8.187374,-4.1242237,-14.77248
67467595,-11.65656,-3.3566198,-16.423847
67467605,-10.380014,-6.5192432,-24.29388
67467615,-5.019961,-11.772718,-26.961933
67467625,-5.0187635,-14.673087,-25.033941
67467634,-2.877616,-14.780863,-15.058685
67467644,-3.8164637,-13.107942,-11.587105
67467654,0.23111938,-6.956334,-13.869558
67467664,-4.4906616,-3.5182836,-9.948911
67467674,-5.093009,-2.9662316,-0.9364526
67467684,-2.3052063,-15.373631,4.9277525
67467694,2.2944288,-13.8755455,15.208374
67467704,2.5435107,-3.0620325,11.754756
67467713,1.9447559,0.0071850587,-2.1435425
67467723,-7.133566,-8.048463,0.38440064
67467733,-11.199111,-8.769364,-1.5076648
67467743,-8.430469,-4.115841,-4.714596
67467753,-6.0103016,-2.5854235,-3.194956
67467763,-0.83346677,-4.1002736,3.8847218
67467773,-0.29937744,-7.33834,-15.65265
67467782,-7.995773,-8.438851,-11.361973
67467792,-10.787168,-4.785249,-26.875711
67467802,-16.391514,-1.5244299,-27.575058
67467812,-2.1674926,0.86699706,-23.460413
67467822,-5.108577,-10.421927,-13.203743
67467832,-2.6369164,-15.713723,-7.1191955
67467842,-1.5663428,-13.206138,-4.1457787
67467852,-2.8452833,-6.4917006,-9.850716
67467861,-4.57329,-2.2632935,-15.817906
67467871,-6.412665,-2.0489392,-10.4566555
67467881,-3.7589831,-7.284452,-1.1543994
67467891,-2.4584875,-12.067306,10.946437
67467901,3.4715807,-8.199349,22.494024
67467911,3.4895434,-9.1202345,-4.406836
67467921,-4.5684996,-9.613608,1.8285974
67467930,-9.866283,-2.567461,-6.2246556
67467940,-9.635163,2.022594,-6.697672
67467950,-5.339696,-2.1555176,-4.4200087
67467960,-2.8967762,-8.386161,-3.4476306
67467970,-2.842888,-11.260184,-2.7638526
67467980,-2.945874,-8.8484,-2.5387206
67467990,-3.4631982,-5.0091834,-5.81391
67467999,-4.956493,-2.6273365,-8.144264
67468009,-9.26154,-5.795947,-7.714358
67468019,-9.724977,-11.199111,-5.1876125
67468029,-6.2821364,-12.612173,-5.078639
67468039,-6.2893214,-12.078083,-10.15129
67468049,-4.867877,-9.711804,-8.9022875
67468059,-10.202784,-12.131971,-8.58854
67468069,-7.547904,-12.221785,-10.639874
67468078,-6.5216384,-13.353432,-9.503437
67468088,-4.5217967,-13.515095,-8.182584
67468098,-4.93374,-9.552535,-5.276228
67468108,-6.16478,-5.1456995,-2.767445
67468118,-7.34792,-2.5686584,1.5076648
67468128,-5.0666637,-5.039121,4.0823107
67468138,4.731361,-8.553812,9.286688
67468147,-4.373306,-19.518211,9.690249
67468157,-7.9646373,-7.601792,10.679392
67468167,0.6538403,-10.462643,-3.615282
67468177,-4.0906935,5.2678456,-10.497371
67468187,-5.6809864,-0.4263135,3.7218604
67468197,-1.7555493,-14.661112,16.247812
67468207,1.4346167,1.7363892,-27.377468
67468220,-1.8860779,-13.367802,9.308244
67468230,0.6262976,2.809358,-9.735754
67468240,0.7197034,0.796344,15.1137705
67468250,-13.861176,-27.117609,14.004877
67468259,10.902129,8.971744,-4.7373486
67468269,-13.950989,-16.350798,9.205257
67468279,10.558444,3.747008,-0.6011499
67468289,-13.828843,-12.008628,4.7253737
67468299,-7.5179663,-10.018367,-0.71730834
67468309,-5.884563,9.0004835,-1.6968713
67468319,0.81789917,10.0207615,-0.20477417
67468328,-7.003037,0.062270507,-2.6129663
67468338,-14.622791,-14.806011,7.9622426
67468348,-14.401253,-10.312954,13.1929655
67468358,5.716912,2.5938063,10.006392
67468368,2.6979895,-1.6118481,5.997129
67468378,5.492977,-15.439493,-14.573694
67468388,-34.755325,-5.5360875,7.101233
67468397,7.7814183,4.8726673,-0.015567627
67468407,-3.7697608,-10.596764,3.8236487
67468417,-2.8740234,-15.27304,18.608105
67468427,-0.33171022,-4.2176294,-0.07664063
67468437,-7.745493,-11.508069,7.7838135
67468447,-4.140989,-18.04288,12.096046
67468457,-0.081430666,10.617122,2.3040087
67468466,-1.4429992,21.304895,12.013418
67468476,-1.8525476,-7.2880445,-4.4882665
67468486,-13.371394,-11.64219,-3.7434156
67468496,-6.604266,-4.406836,-5.630691
67468506,-5.4953723,-7.4544983,-5.0654664
67468516,-6.8090405,-14.980847,3.2787817
67468526,-7.7035804,-22.23177,-2.3363416
67468536,-5.8091197,-11.7511635,4.1541615
67468545,-4.4595265,-8.258027,-2.8369007
67468555,-6.324049,-7.3419323,-1.0585986
67468565,-4.4200087,-9.430389,-4.475094
67468575,-6.276149,-11.196716,0.21076173
67468585,-8.771759,-14.709012,3.3087194
67468595,-6.0593996,-14.720987,7.6329274
67468605,-3.9314246,-14.643149,6.2569885
67468614,-3.7458105,-11.809841,4.721781
67468624,-2.645299,-7.277267,3.3913476
67468634,-3.7314405,-5.395979,4.5936475
67468644,-3.8080812,-3.4129028,0.2802173
67468654,-4.475094,-3.4117053,0.94962525
67468664,-4.157754,-6.7946706,0.78915894
67468674,-5.181625,-10.419533,2.5662634
67468684,-5.6953564,-11.445798,3.7278478
67468693,-5.6738014,-9.513018,5.180427
67468703,-5.4091516,-7.331155,7.0736904
67468713,-4.918173,-6.1049047,7.140751
67468723,-4.8020144,-6.9240017,6.74677
67468738,-5.7456517,-6.277346,5.8151073
67468748,-5.5312977,-2.1279747,-5.125342
67468758,-5.6019506,-2.8129504,11.252999
67468768,-8.55022,-9.811197,-0.25506958
67468778,-9.395661,-5.532495,6.2977037
67468788,-5.797145,-2.2680836,4.980443
67468797,-7.819739,-3.1937585,5.031936
67468807,-8.101153,-4.2727146,2.5890162
67468817,-8.556208,-2.4369323,7.556287
67468827,-8.517887,-2.398612,1.6956738
67468837,-7.7203455,2.3543043,2.3698719
67468847,-5.5588403,1.7890795,4.4738965
67468857,-5.933661,-0.67898804,3.5889368
67468866,-9.321416,-1.6657361,4.524192
67468876,-6.884484,-2.5973988,-3.2955468
67468886,-6.6425867,-2.379452,2.8285182
67468896,-3.8487964,-6.0126967,7.5862246
67468906,-10.281818,-6.052214,3.7996986
67468916,-4.167334,-0.043110352,3.8931043
67468926,-3.549419,-0.8562195,3.8440063
67468936,-4.324208,-4.1936793,4.531377
67468945,-4.701423,-5.9755735,4.0583606
67468955,-5.380411,-6.908434,4.7792616
67468965,-8.315508,-8.828042,4.958888
67468975,-4.572092,-9.746532,6.3671594
67468985,-8.818462,-8.400531,5.254673
67468995,-5.987549,-3.925437,4.8750625
67469005,-3.7170703,-0.92328,4.0823107
67469014,-4.0272255,-0.23111938,4.115841
67469024,-4.7768664,-0.7364685,4.0104604
67469034,-4.5062294,-1.409469,5.550458
67469044,-3.923042,-2.44292,6.4713426
67469054,-4.484674,-3.3566198,6.7767076
67469064,-5.221143,-3.749403,6.9778895
67469074,-5.4821997,-3.6943176,7.291637
67469083,-5.3684363,-3.5506165,7.1275783
67469093,-5.334906,-3.241659,6.6749196
67469103,-5.3061657,-3.239264,6.119275
67469113,-5.1768346,-3.629652,5.739664
67469123,-5.2091675,-4.0260277,5.5133348
67469133,-5.2846107,-4.2834926,5.405559
67469143,-5.309758,-4.2092466,5.322931
67469153,-5.469027,-3.9386096,5.229525
67469162,-5.605543,-3.617677,5.100194
67469172,-5.5780005,-3.3697925,5.039121
67469182,-5.5660253,-3.1075377,4.9648757
67469192,-5.3875966,-3.1757958,5.116959
67469202,-5.358856,-3.36141,5.2989807
67469212,-5.398374,-3.5913317,5.4953723
67469222,-5.4175344,-3.923042,5.5780005
67469231,-5.2810183,-4.1242237,5.994734
67469241,-5.3971767,-4.325405,6.060597
67469251,-5.476212,-4.325405,6.0593996
67469261,-5.445077,-4.176914,6.1037073
67469271,-5.310956,-4.1098537,5.989944
67469281,-5.1552796,-3.9122643,5.999524
67469291,-5.1229467,-3.739823,5.7767873
67469301,-5.1061816,-3.573369,5.586383
67469315,-5.077441,-3.505111,5.492977
67469324,-5.1947975,-3.5649865,5.3624487
67469334,-5.3361034,-3.7015028,5.2486854
67469344,-5.48699,-3.857179,5.366041
67469354,-5.52531,-3.918252,5.3624487
67469364,-5.4534593,-3.9338195,5.24629
67469374,-5.445077,-3.8440063,5.3995714
67469384,-5.322931,-3.7769458,5.351671
67469393,-5.26066,-3.8751416,5.464237
67469403,-5.3037705,-4.093088,5.5468655
67469413,-5.3552637,-4.2104445,5.605543
67469423,-5.3875966,-4.125421,5.6749988
67469433,-5.3756213,-3.998485,5.5301
67469443,-5.327721,-3.8296363,5.492977
67469453,-5.127737,-3.8931043,5.419929
67469463,-5.301376,-3.8559813,5.449867
67469472,-5.0654664,-3.9242394,5.452262
67469482,-5.195995,-4.0511756,5.508545
67469492,-5.294191,-3.9781275,5.4235215
67469502,-5.4091516,-4.0823107,5.555248
67469512,-5.4271145,-4.070336,5.6582336
67469522,-5.542075,-4.1529636,5.80433
67469532,-5.4582496,-4.133804,5.967191
67469541,-5.612728,-4.199667,5.8965383
67469551,-5.6642213,-4.2296047,5.771997
67469561,-5.694159,-4.1852965,5.722899
67469571,-5.597161,-4.0463853,5.6163206
67469581,-5.532495,-3.9445972,5.5133348
67469591,-5.715714,-3.9469922,5.22234
67469601,-5.6318884,3.1913636,6.573131
67469610,-3.070415,-5.0115786,4.472699
67469620,-3.1410682,-6.0150914,5.943241
67469630,-5.2510805,-6.702462,6.085745
67469640,-6.4653554,-8.198152,7.1347632
67469650,-7.7933936,-7.9131446,7.076085
67469660,-10.690169,-3.9158568,4.7349534
67469670,-5.9959316,-1.5890955,4.331393
67469680,-3.446433,-2.2920337,5.19839
67469689,-3.2811768,-3.3159046,5.403164
67469699,-4.446354,-3.5697765,5.466632
67469709,-5.692961,-3.6368372,5.22234
67469719,-6.508466,-3.6332445,4.9540977
67469729,-6.2965064,-3.6200721,5.2007847
67469739,-5.5432725,-3.800896,5.4630394
67469749,-5.071454,-3.9362147,5.5241127
