104154714,-0.6538403,0.22752686,8.164621
104154724,-0.41673338,0.29219237,8.065228
104154823,0.017962646,0.26345214,8.503517
104154833,0.021555176,0.23111938,8.570578
104154842,-0.041912843,0.38080812,8.503517
104154852,-0.27662477,0.35087037,8.401729
104154862,-0.5664221,0.49816406,8.289163
104154872,-0.8143066,0.5867798,8.155042
104154882,-0.857417,0.5736072,7.8664417
104154892,-0.91849,0.5676196,7.6472974
104154901,-0.8490344,0.5676196,7.6029897
104154911,-0.89334226,0.6442602,7.476053
104154921,-1.155597,0.73048097,7.021
104154931,-1.3304334,0.6646179,6.509663
104154941,-1.5555652,0.49097902,5.9037232
104154951,-1.6417859,0.22513184,5.327721
104154961,-1.4418018,-0.1484912,4.7960267
104154970,-0.92807007,-0.22872436,4.452341
104154980,-0.45744872,-0.9017249,4.120631
104154990,-0.09460327,-1.1124866,3.7158728
104155000,0.25147706,-1.4789245,3.490741
104155010,0.6706055,-2.3686743,3.1207104
104155020,1.223855,-3.4093103,2.4357347
104155030,1.6322058,-4.6966333,2.020199
104155039,1.8992505,-6.2617784,2.1806653
104155049,1.7651294,-7.796986,2.1363573
104155059,1.3663586,-7.955057,2.3483167
104155069,0.93765014,-8.947793,1.8920654
104155079,0.50894165,-11.728411,1.3028907
104155089,0.11496094,-14.128221,1.2573853
104155099,0.32811767,-14.7126045,2.5399182
104155108,1.2058923,-13.870755,4.084706
104155118,2.1483326,-12.851675,4.24637
104155128,2.5734484,-11.621832,2.2800586
104155138,2.6716442,-9.424402,0.70533323
104155148,2.6812243,-9.006471,-0.58079225
104155158,2.6177564,-10.927277,-1.7411792
104155168,2.3662794,-12.915143,-2.311194
104155177,1.7794995,-13.427677,-2.3830445
104155187,1.5076648,-12.076886,-2.8788135
104155197,1.6765137,-10.018367,-4.113446
104155207,2.0190015,-9.073531,-5.4259167
104155217,2.4321423,-8.757389,-6.0402393
104155227,2.8907886,-9.772877,-5.8881555
104155237,3.354225,-11.618239,-6.10251
104155246,3.3518298,-11.876902,-5.498965
104155256,3.5326538,-10.637479,-5.1313295
104155266,3.4895434,-9.751322,-6.084547
104155276,3.1135254,-9.170529,-7.094048
104155286,2.711162,-8.426876,-7.0892577
104155296,2.4393275,-8.489147,-7.3119946
104155306,2.3626869,-9.153765,-7.6856174
104155315,2.4764502,-9.576486,-7.6796303
104155325,2.8955786,-9.090297,-7.498806
104155335,3.578159,-8.966953,-7.940687
104155345,3.634442,-8.28078,-8.28078
104155355,2.9051588,-7.4125853,-8.468789
104155365,4.4691067,-7.7754307,-9.542955
104155375,4.4415636,-6.524033,-5.088219
104155384,3.1614258,-4.925358,-2.5483007
104155394,1.2621753,-6.3300366,-3.5458264
104155404,-0.21315674,-5.821095,-1.1400293
104155414,-1.7471668,-5.8175025,-3.8140686
104155424,-2.6776319,-5.8091197,-7.067703
104155434,-1.6657361,-6.0881395,-9.086704
104155443,0.41194335,-6.918014,-9.491463
104155453,1.785487,-8.87714,-9.283095
104155463,2.4177723,-11.328443,-8.491542
104155473,2.5962012,-9.772877,-6.004314
104155483,1.0885364,-6.822213,-6.918014
104155493,-1.4561719,-5.805527,-8.916657
104155503,-3.0476623,-6.707252,-11.027867
104155512,-3.3374598,-9.2256155,-11.554771
104155522,-1.959126,-11.496094,-10.251881
104155532,0.21674927,-11.95953,-8.732242
104155542,2.13995,-11.3571825,-8.388556
104155552,2.7566674,-9.620793,-8.702304
104155562,1.7076489,-7.389833,-9.2890835
104155572,0.122145995,-6.910829,-9.365724
104155581,-0.85502195,-8.463999,-8.389753
104155591,-1.9459534,-7.2437367,-6.197113
104155601,-2.7794201,-5.21276,-6.40548
104155611,-2.4201672,-5.3899913,-9.200467
104155621,-1.0957215,-5.21276,-10.277029
104155631,0.10298584,-2.525548,-10.105785
104155641,0.8107141,1.4681469,-10.896141
104155650,0.94842774,3.6883302,-11.597882
104155660,0.9508228,2.7279272,-12.827724
104155670,1.3651612,3.248844,-12.23376
104155680,1.7495618,3.5530114,-12.57026
104155690,1.4429992,0.70174074,-12.621753
104155700,2.4069946,-2.2261705,-10.989547
104155710,2.7638526,-4.30385,-9.321416
104155719,2.7710376,-4.8798523,-8.454419
104155729,2.186653,-5.027146,-10.061477
104155739,1.0035132,-5.6510487,-13.286371
104155749,-0.91849,-8.236472,-12.486434
104155759,-1.2561878,-14.299464,-10.729688
104155769,-2.5411158,-16.925604,-8.022118
104155779,-3.121908,-14.932947,-6.502478
104155788,-2.123185,-13.670772,-7.7933936
104155798,-1.1005114,-13.579761,-7.4856334
104155808,-0.36524048,-12.367881,-4.799619
104155818,-0.78915894,-8.729846,-2.4465125
104155828,-1.9267932,-7.286847,-4.2367897
104155838,-3.422483,-8.849597,-8.32868
104155848,-4.2739124,-8.277187,-9.329799
104155857,-3.4428406,-7.174281,-10.429112
104155867,-2.015409,-3.2189062,-11.66135
104155877,-1.4334192,3.2787817,-10.891352
104155887,-0.040715333,5.4798045,-12.694801
104155897,0.92807007,5.3408937,-15.344891
104155907,1.717229,6.3515916,-14.722185
104155917,2.2537134,6.495293,-17.076488
104155926,2.3076012,6.6868944,-14.103072
104155936,1.9938538,3.8164637,-13.025313
104155946,1.2837305,-0.37362304,-14.953304
104155956,4.1685314,-7.2557116,-13.724659
104155966,3.4524207,-6.821016,-7.550299
104155976,0.4071533,-8.432864,-10.318942
104155985,-1.1172767,-9.783655,-12.124786
104155995,-1.6118481,-11.106903,-10.092612
104156005,-3.69791,-13.359419,-6.8509536
104156015,-6.7826953,-14.241983,-3.7853284
104156025,-9.062754,-14.079123,-2.0621119
104156035,-7.8448863,-16.271763,-4.1781116
104156045,-4.6906457,-12.375066,-3.2272887
104156055,-2.2118006,-8.759784,-3.0273046
104156064,-2.7818153,-5.053491,-4.435576
104156074,-4.157754,-6.387517,-9.632769
104156084,-4.9852333,-8.774154,-11.660152
104156094,-4.3421702,-4.836742,-10.570418
104156104,-3.171006,1.5699353,-11.417058
104156114,-0.6143225,2.7686427,-14.858701
104156124,0.84065187,2.567461,-17.979412
104156133,1.6369958,5.004393,-14.639557
104156143,3.1985486,6.638994,-15.112574
104156153,4.030818,7.3754625,-15.635885
104156163,4.764891,7.1383557,-12.027788
104156173,3.4284704,2.5051904,-11.4625635
104156183,2.381847,-4.1457787,-15.735278
104156192,3.5206788,-10.5764065,-12.912747
104156202,1.0346484,-8.7825365,-6.2821364
104156212,-1.0394385,-9.721384,-11.66135
104156222,-1.3028907,-9.332193,-11.890075
104156232,-1.8022522,-10.960807,-8.945398
104156242,-4.142186,-12.751084,-6.77072
104156252,-7.155121,-12.816947,-4.663103
104156261,-9.681867,-13.189373,-4.4715014
104156271,-8.26162,-16.511265,-7.597002
104156281,-5.034331,-13.340259,-5.5360875
104156291,-1.7675244,-9.346563,-2.2980213
104156301,-0.66342044,-5.7588243,-5.2654505
104156311,-1.0765613,-3.8523889,-8.443642
104156321,-2.3099964,-7.276069,-12.800182
104156330,-3.4919386,-5.9037232,-11.066188
104156340,-3.3913476,0.58198977,-9.760902
104156350,-1.7088464,1.2885205,-12.519964
104156360,-0.5987549,1.6369958,-15.468234
104156370,0.52450925,4.3685155,-13.9318285
104156380,1.6250207,5.81391,-15.593972
104156390,2.2680836,6.8485584,-16.278948
104156399,2.6908045,7.1024303,-12.857662
104156409,2.2070105,3.4991236,-10.50695
104156419,1.3771362,0.4790039,-13.357024
104156429,2.2932312,-4.557722,-14.482683
104156439,1.22625,-7.198231,-12.418177
104156449,-1.0897338,-11.207494,-12.469669
104156459,-2.44771,-10.855426,-9.028027
104156468,-2.1531227,-11.393108,-8.563393
104156478,-3.6883302,-11.655362,-6.971902
104156488,-6.2330384,-13.52707,-4.679868
104156498,-7.4293504,-13.621674,-2.2465284
104156508,-6.3599744,-15.372433,-4.594845
104156518,-3.321892,-14.929355,-6.283334
104156528,-1.5938855,-9.599238,-2.4261549
104156537,-1.0633887,-5.5588403,-3.781736
104156547,-1.8082397,-4.008065,-7.9622426
104156557,-3.2763867,-6.6258216,-11.63261
104156567,-3.7218604,-7.931107,-11.156001
104156577,-3.4356556,-1.108894,-8.7897215
104156587,-1.9531385,1.4238391,-11.43502
104156597,-0.5640271,1.404679,-15.056291
104156606,0.54366946,3.5266662,-13.889915
104156616,1.5088623,5.494175,-15.124548
104156626,2.3674767,6.837781,-15.559244
104156636,3.0943651,7.838899,-15.3245325
104156646,2.9147387,6.028264,-13.79651
104156656,1.5232325,1.8262024,-12.759466
104156666,2.4045997,-7.465276,-15.222744
104156675,1.5004797,-8.096363,-7.5682616
104156685,-1.155597,-5.400769,-7.8161464
104156695,-1.6956738,-6.8557434,-13.433664
104156705,-2.0441492,-8.600515,-13.349839
104156715,-3.8631666,-11.791879,-10.1333275
104156725,-6.5192432,-14.9557,-6.70845
104156734,-7.7694435,-15.579602,-3.2943494
104156744,-6.75635,-14.002481,-2.6740394
104156754,-3.214116,-14.140195,-6.0617943
104156764,-0.5676196,-11.691288,-4.6415477
104156774,-0.23950195,-9.086704,-3.126698
104156784,-1.6010705,-5.550458,-4.519402
104156794,-2.882406,-7.8796144,-9.119037
104156803,-3.7601807,-10.589579,-11.159594
104156813,-4.0727305,-2.8716285,-7.923922
104156823,-2.7303224,0.8071216,-11.081756
104156833,-1.2705579,2.0010388,-13.428875
104156843,0.09101074,3.791316,-13.759387
104156853,1.2837305,5.7145166,-14.63357
104156863,2.0621119,6.949149,-15.7676115
104156872,2.6045837,7.8101587,-16.238232
104156882,2.530338,5.82828,-13.0875845
104156892,1.2394226,2.071692,-12.697196
104156902,2.1854553,-6.4246397,-16.865728
104156912,2.222578,-7.364685,-9.914184
104156922,-0.65623534,-2.4932153,-8.740623
104156932,-1.22146,-5.372029,-12.889996
104156941,-1.2430152,-7.579039,-10.073452
104156951,-3.3410523,-9.730965,-11.791879
104156961,-5.157675,-12.929513,-8.344248
104156971,-6.108497,-14.476696,-2.7339149
104156981,-6.988667,-14.395265,-2.1878502
104156991,-4.981641,-15.855029,-6.864126
104157001,-1.7675244,-14.529386,-7.8161464
104157010,-0.61791503,-8.208929,-1.905238
104157020,-0.38559815,-5.716912,-4.484674
104157030,-1.4382092,-5.5660253,-7.747888
104157040,-2.5758436,-8.434061,-9.734557
104157050,-3.4919386,-7.005432,-9.798025
104157060,-2.9171338,-3.730243,-9.662706
104157070,-2.0680993,1.5543677,-10.96919
104157079,-1.0370435,4.0104604,-12.173884
104157089,0.27303222,5.1672544,-12.058924
104157099,1.407074,5.877378,-13.353432
104157109,2.0657043,6.993457,-14.316229
104157119,2.0944445,6.8305955,-16.526833
104157129,1.6166382,4.5074267,-13.145064
104157139,0.4790039,1.5699353,-14.281502
104157148,1.0717713,-6.9850745,-15.844252
104157158,1.3064831,-10.019565,-11.821816
104157168,-1.1220666,-8.206534,-9.501042
104157178,-2.1327648,-7.7682457,-10.515333
104157188,-2.4656725,-7.9430823,-12.527149
104157198,-2.9135413,-10.178833,-10.648257
104157208,-4.429589,-12.206217,-6.2246556
104157217,-5.151687,-14.427598,-5.6318884
104157227,-4.7157936,-12.8696375,-5.16486
104157237,-3.5266662,-13.722264,-8.860374
104157247,-2.7123597,-12.211007,-5.182822
104157257,-2.15432,-8.788525,0.17244141
104157267,-2.7890003,-4.9600854,-3.417693
104157277,-2.9171338,-4.022435,-8.262817
104157286,-3.0129347,-6.973099,-11.023077
104157296,-2.997367,-9.929751,-10.764416
104157306,-2.6908045,-4.340973,-8.634046
104157316,-1.7471668,-0.17962646,-10.142908
104157326,-1.113684,3.0488598,-10.048305
104157336,-0.12813355,4.5205994,-13.607304
104157345,1.4250367,6.673722,-14.519806
104157355,2.2525158,7.931107,-17.123192
104157365,2.7363098,8.234077,-16.886086
104157375,1.7160316,5.0870214,-15.172449
104157385,0.4646338,0.99752563,-16.148418
104157395,1.5040723,-6.6629443,-18.13868
104157405,2.6812243,-9.417217,-12.379856
104157414,-0.082628176,-7.606582,-7.6868153
104157424,-1.5663428,-9.152567,-9.865086
104157434,-1.7950672,-7.862849,-12.196637
104157444,-1.6848962,-9.695039,-12.288845
104157454,-2.6931994,-13.501923,-7.508386
104157464,-5.2283278,-13.103152,-1.6034656
104157474,-7.2640944,-13.212125,-2.1315675
104157483,-6.8976564,-14.451548,-8.504714
104157493,-6.0007215,-10.984757,-4.846322
104157503,-4.0727305,-7.1994286,-1.7699194
104157513,-2.1998255,-5.987549,-5.034331
104157523,-1.6214283,-5.6091356,-7.213799
104157533,-1.8226099,-8.728649,-9.80521
104157543,-2.0130138,-7.69879,-10.461445
104157552,-1.8860779,-3.121908,-11.461366
104157562,-1.2549902,1.9818786,-11.779903
104157572,-0.10298584,4.373306,-8.93941
104157582,0.7532337,4.524192,-11.306888
104157592,1.6250207,5.012776,-14.3114395
104157602,1.9076331,5.7588243,-17.657282
104157612,2.323169,6.1623855,-15.529306
104157621,1.4286292,2.870431,-15.34968
104157631,1.5639478,-1.7950672,-14.637162
104157641,1.1891272,-5.5097423,-12.2505245
104157651,-0.9400452,-5.22713,-11.478131
104157661,-2.7075696,-6.319259,-12.650494
104157671,-3.5075061,-8.046068,-13.306728
104157681,-3.5949242,-10.386003,-10.335707
104157690,-4.4786863,-12.5954075,-6.6497717
104157700,-4.8966174,-13.774955,-2.7973828
104157710,-4.0392003,-14.138998,-4.479884
104157720,-3.018922,-15.456259,-8.965755
104157730,-2.010619,-14.917379,-7.7502832
104157740,-1.8357825,-10.832673,-2.4800427
104157749,-1.834585,-9.104667,-3.9481897
104157759,-1.5579602,-7.65089,-7.458091
104157769,-1.5483801,-6.197113,-10.552456
104157779,-1.275348,-8.056846,-12.473262
104157789,-1.0298584,-9.625584,-12.769047
104157799,0.11735596,-7.4808435,-11.749966
104157809,1.1999048,-5.3504734,-13.848003
104157818,2.5459058,-3.6464171,-17.282461
104157828,5.357659,-4.6427455,-17.022602
104157838,8.581355,-4.2391844,-16.074173
104157848,12.249328,-1.0166858,-12.351116
104157858,13.2241,1.5184424,-6.9623218
104157868,10.13692,1.0813513,-3.485951
104157878,6.173163,-0.90052736,1.7256116
104157887,2.271676,-5.2175503,1.8034497
104157897,-2.7566674,-9.411229,1.5890955
104157907,-26.127268,-14.940132,14.560521
104157917,-19.402054,-19.334993,-4.287085
104157927,-16.39391,-18.187778,-20.357666
104157937,-10.13213,-14.98923,-0.23950195
104157947,-3.9757323,-11.213482,0.97716796
104157956,-0.42511597,-8.326285,0.04670288
104157966,0.45984375,-5.691764,0.9316626
104157976,0.95321774,-3.7996986,0.9460327
104157986,1.4178516,-2.9806018,2.7410998
104157996,2.2405407,-1.4418018,5.7384667
104158006,1.5184424,-1.287323,5.7025414
104158016,-0.24189697,-3.5949242,2.4069946
104158025,-1.8920654,-2.9231215,2.2417383
104158035,-4.132606,-2.7878027,6.573131
104158045,-6.2593837,-8.363408,15.101795
104158055,2.2309606,-2.4608827,4.237987
104158065,4.223617,-0.42032593,15.356865
104158075,1.7663269,-2.066902,8.819659
104158085,-3.3159046,-5.605543,9.268725
104158094,-4.1218286,-7.9646373,4.2200246
104158104,-3.6212695,-6.0055113,6.514453
104158114,-1.1579919,-4.8187795,4.3792934
104158124,-0.6873706,-7.2317615,6.9431615
104158134,-0.17962646,-8.392148,5.395979
104158144,-0.47660887,-7.6640625,4.3026524
104158153,-1.2394226,-5.7636147,4.9385304
104158163,-3.0368848,-4.7672863,7.167096
104158173,-4.405638,-4.3301954,8.334668
104158183,-4.7253737,-4.2487645,7.740703
104158193,-4.605623,-5.459447,6.873706
104158203,-4.1194334,-5.9420433,6.227051
104158213,-3.7278478,-5.7684045,6.6557593
104158222,-4.245172,-5.877378,8.29036
104158232,-4.4008484,-6.101312,10.72849
104158242,-4.518204,-3.0668225,9.078321
104158252,-3.5290613,-3.3697925,5.9588084
104158262,-2.8488758,-3.4691858,3.485951
104158272,-4.076323,-3.7829332,6.4162574
104158282,-3.359015,-3.7949085,4.6343627
104158291,-3.5182836,-4.1457787,5.739664
104158301,-6.1108923,-5.125342,6.9443593
104158311,-6.199508,-5.9528213,7.0150123
104158321,-4.9768505,-5.743257,7.4832387
104158331,-3.2189062,-3.7601807,8.53585
104158341,-1.6154407,-2.7542725,8.6843405
104158351,-2.3327491,-2.6141639,6.1552
104158360,-2.7890003,-4.8714695,4.4259963
104158370,-3.373385,-6.9359765,4.429589
104158380,-2.518363,-7.39582,3.1039453
104158390,-3.109933,-4.5122166,3.1614258
104158400,-1.5675403,-4.157754,4.325405
104158410,-1.9818786,-4.2343946,5.925278
104158420,-0.025147704,-3.2835717,6.925199
104158429,0.11855347,-4.9624805,5.3480787
104158439,-1.4310242,-6.667734,4.111051
104158449,-1.84177,-8.520282,2.5147705
104158459,-2.215393,-10.599159,2.1339624
104158469,-1.8034497,-11.990665,2.7997777
104158479,-0.10657837,-10.944042,3.8895118
104158489,1.0514135,-10.306967,5.0283437
104158498,1.0214758,-9.401649,5.3289185
104158508,0.74006104,-8.087981,4.040398
104158518,0.77718383,-7.042555,5.1768346
104158528,1.5471826,-6.697672,5.767207
104158538,1.0466236,-7.715555,3.5506165
104158548,0.05628296,-8.019723,3.1674132
104158558,0.36524048,-7.3754625,2.4213648
104158567,0.791554,-7.3359447,0.8454419
104158577,0.84065187,-6.6401916,0.52450925
104158587,1.0154883,-4.6032276,2.3159838
104158597,0.8107141,-6.347999,3.0883777
104158607,-1.1412268,-6.14083,4.819977
104158617,-1.6010705,-8.110734,2.5962012
104158627,-1.9112256,-11.860137,0.60354495
104158636,-1.8082397,-13.078004,0.16166382
104158646,-1.6836988,-12.891192,-0.7472461
104158656,-1.8944604,-11.522439,-1.108894
104158666,-2.2656884,-8.687933,-0.88735473
104158676,-0.7580237,-5.7755895,-0.3580554
104158686,-1.0645862,-5.7372694,-3.1793885
104158695,-1.1687695,-6.16478,-5.7001467
104158705,-1.2082874,-6.5743284,-7.63652
104158715,-1.0813513,-6.077362,-8.374186
104158725,-0.47660887,-5.619913,-7.9981675
104158735,0.8562195,-7.3419323,-7.8149486
104158745,0.8861572,-9.244776,-6.0617943
104158755,0.47301635,-10.441088,-4.191284
104158764,0.41673338,-10.129735,-3.185376
104158774,0.29578492,-8.926238,-2.5291407
104158784,0.429906,-8.394544,-4.8379393
104158794,0.57959473,-8.229287,-8.134684
104158804,0.10657837,-8.947793,-10.5764065
104158814,0.17603393,-9.584868,-11.266171
104158824,-0.083825685,-9.635163,-8.196955
104158833,-0.34967285,-11.122471,-6.580316
104158843,-1.0071057,-10.515333,-4.0679407
104158853,-0.74485105,-9.750125,-3.6727624
104158863,-1.2166699,-9.684261,-6.314469
104158873,-1.0657837,-8.022118,-9.381291
104158883,-0.674198,-7.806566,-12.704381
104158893,-1.0202783,-8.875942,-13.934223
104158902,-0.085023195,-10.081835,-13.11393
104158912,-0.016765136,-12.072096,-9.782457
104158922,1.0705737,-11.854149,-2.654879
104158932,1.6381934,-13.178595,-5.86181
104158942,1.8022522,-11.752361,-8.935818
104158952,1.6106507,-8.287965,-10.092612
104158961,1.3471985,-4.2571473,-9.44955
104158971,1.1603869,-2.1064196,-8.707093
104158981,1.1963123,-1.5280224,-9.183702
104158991,0.36045045,-0.4430786,-6.753955
104159001,-0.44906616,-4.135001,-7.7610607
104159011,0.16286133,-10.77639,-12.176279
104159021,-2.086062,-9.80042,-5.1947975
104159030,-2.5997937,-7.94907,-2.3578968
104159040,-2.0992346,-5.80433,-5.948031
104159050,-0.9627979,-8.659193,-11.722424
104159060,-1.0538086,-10.080637,-11.105705
104159070,-0.7747888,-7.5443115,-7.1515284
104159080,-1.1232642,-3.732638,-3.8607714
104159090,0.2945874,-6.5228357,-10.281818
104159099,-1.7914746,-6.6701293,-8.654403
104159109,-2.1507275,-8.307125,-8.017328
104159157,-2.4357347,-9.164542,-6.749165
104159167,-2.630929,-9.388476,-7.555089
104159176,-1.9986438,-8.404123,-7.904762
104159186,-2.0166063,-8.145461,-6.868916
104159196,-2.3830445,-8.978929,-4.4008484
104159206,-1.660946,-9.911788,-2.579436
104159216,-1.1208692,-10.643467,-3.0799952
104159226,-0.19758911,-11.04104,-4.8259645
104159235,0.9807605,-11.820619,-7.230564
104159245,1.4609619,-12.758269,-9.140592
104159255,1.2981006,-12.91634,-9.291478
104159265,1.6920813,-11.455379,-8.042476
104159275,2.842888,-10.21835,-6.397097
104159285,3.615282,-11.773916,-5.1205516
104159295,3.0488598,-12.425362,-2.8369007
104159304,3.2991395,-10.4494705,0.8083191
104159314,2.6141639,-8.080796,-0.91130495
104159324,-5.17444,-9.013656,20.175644
104159334,0.22992188,-8.770561,-3.190166
104159344,-1.0394385,-7.65089,-0.9508228
104159354,-1.1855347,-8.013736,-1.1196716
104159364,-0.7640112,-9.552535,2.3076012
104159373,0.4418811,-10.654244,0.9508228
104159383,2.7375073,-10.07944,3.935017
104159393,4.5349693,-8.374186,4.4990444
104159403,2.8392956,-8.847202,7.003037
104159413,2.8452833,-10.063872,8.138276
104159423,-1.348396,-11.595487,-0.61073
104159433,0.735271,-10.471025,1.0753638
104159442,-0.37003052,-5.3923864,-0.5760022
104159452,-4.7792616,-4.2092466,1.043031
104159462,-7.0341725,-5.4702244,1.6154407
104159472,-6.9671116,-5.3432884,0.91849
104159482,-6.373147,-2.887196,1.6465759
104159492,-5.7049365,-0.76281375,3.7410204
104159502,-4.6092153,0.3436853,3.9457946
104159511,-2.3219714,0.8981323,4.2930727
104159521,-0.37601808,0.9831555,4.3421702
104159531,0.20836669,-0.5005591,5.974376
104159541,-0.5987549,-4.9085927,7.2652917
104159551,-1.3615686,-8.974138,6.9946547
104159561,-0.97477293,-9.045989,7.486831
104159571,-1.1532019,-4.555327,7.6161623
104159580,-0.34847534,-0.038320314,5.740862
104159590,0.040715333,1.0849439,5.53968
104159600,0.8418494,-0.8095166,3.8583765
104159610,0.88735473,-3.8655615,4.2487645
104159620,0.49936157,-8.054451,4.9852333
104159630,1.3675561,-10.146501,6.6006737
104159639,4.108656,-10.390792,7.026987
104159649,6.389912,-8.673563,6.9587293
104159659,5.8007374,-5.9228835,6.412665
104159669,3.7553906,-4.436774,7.1383557
104159679,2.1722827,-3.6260595,9.048384
104159689,0.7699988,-3.0129347,7.852072
104159699,0.16046631,-2.3722668,7.764653
104159708,0.59755737,-2.4980054,6.7048573
104159718,0.7711963,-3.1362782,5.8390574
104159728,1.0394385,-3.988905,5.999524
104159738,1.597478,-4.733756,6.4557753
104159748,2.1076171,-4.764891,6.7479677
104159758,1.9279907,-4.406836,5.6726036
104159768,1.2921131,-3.7122803,3.549419
104159777,0.5388794,-2.4022045,3.8727465
104159787,-0.66342044,-2.3566992,2.7255323
104159797,-2.711162,-3.239264,4.6690907
104159807,-3.424878,-2.990182,5.9288707
104159817,-2.339934,-2.753075,3.9050794
104159827,-0.3197351,-4.8235693,0.3820056
104159837,1.4885046,-8.971744,1.6106507
104159846,2.955454,-11.9739,-0.14609618
104159856,4.714596,-13.554613,0.6143225
104159866,4.4176135,-13.139077,1.1915222
104159876,2.3543043,-11.439811,1.350791
104159886,-0.17723145,-9.672286,1.8824854
104159896,-2.818938,-9.705816,5.5145326
104159906,-3.453618,-9.095087,5.925278
104159915,-2.6417065,-7.6461,1.9627185
104159925,-0.56881714,-5.926476,-5.101392
104159935,0.2586621,-8.147857,-9.183702
104159945,-1.5447876,-14.030025,-15.269447
104159955,-1.7902771,-15.035933,-18.469193
104159965,0.9855505,-11.332035,-13.886323
104159980,-0.30177248,-10.574011,-3.0392797
104159990,-0.22393432,-10.556048,-5.395979
104160000,-0.44906616,-16.505278,-6.910829
104160010,-1.5627502,-26.24223,-6.779103
104160020,-4.719386,-26.870922,-0.34488282
104160029,-3.7170703,-17.098045,0.49696654
104160039,-0.8310718,-9.382489,-1.8429675
104160049,0.14968872,-5.2235374,-2.572251
104160059,-0.85023195,-3.9661524,-1.5651453
104160069,-2.1567152,-4.7553115,-2.2800586
104160079,-1.8070422,-5.726492,-5.1935997
104160089,-1.4334192,-7.33834,-8.719069
104160098,-1.4334192,-8.635242,-11.287727
104160108,-1.155597,-8.093968,-11.730805
104160118,-0.552052,-5.853428,-10.69975
104160128,-0.05867798,-3.864364,-10.054292
104160138,0.24309449,-3.4548156,-9.742939
104160148,0.76281375,-1.84177,-8.826844
104160158,0.7819739,-0.15328126,-7.8257265
104160167,0.35925293,-0.17842895,-10.384805
104160177,-0.5760022,-1.8297949,-10.74286
104160187,-0.44667113,-2.7135572,-7.3634877
104160197,0.28979737,-3.925437,-8.95378
104160207,0.50774413,-4.9540977,-11.32006
104160217,0.735271,-4.867877,-10.844648
104160227,1.1244617,-3.838019,-10.574011
104160236,1.4418018,-2.6752367,-12.765454
104160246,0.6993457,-2.5459058,-14.038407
104160256,-0.4179309,-2.7147546,-9.884246
104160266,0.41433838,-2.8321106,-8.264015
104160276,1.4166541,-4.888235,-13.518688
104160286,1.3543836,-6.6485744,-14.612014
104160296,1.4418018,-5.715714,-11.97869
104160305,2.0070264,-3.1865735,-9.249565
104160315,2.2848487,0.010777588,-8.885523
104160325,1.2669654,1.9651135,-10.546469
104160335,-0.039517824,2.3926246,-12.008628
104160345,-0.20956421,2.0130138,-11.36796
104160355,1.463357,1.6525635,-11.98348
104160365,2.0944445,1.6825012,-11.086545
104160374,2.2453308,3.6200721,-11.924802
104160384,0.89334226,4.6726832,-13.3689995
104160394,-1.033451,3.5841467,-13.383369
104160404,-1.1160791,3.3721876,-10.048305
104160414,0.5616321,4.111051,-7.460486
104160424,-1.0526111,3.7206628,-7.2736745
104160434,-1.1999048,2.75068,-7.259304
104160443,-1.1855347,2.1998255,-5.918093
104160453,-1.3495935,2.193838,-4.247567
104160463,-3.6021094,1.2549902,-6.4545774
104160473,-5.7372694,0.62031007,-9.586065
104160483,-4.2391844,1.9926562,-13.1283
104160493,-3.4200878,4.0583606,-11.783496
104160503,-2.086062,3.3889527,-11.099718
104160512,-1.3148657,1.4885046,-10.770403
104160522,-1.3160633,-0.16645385,-9.154963
104160532,-1.0562036,-1.2837305,-8.447234
104160542,-0.6143225,-1.9124231,-7.850874
104160552,-0.48020142,-2.654879,-7.7742333
104160562,-0.57480466,-4.0655456,-8.749006
104160572,-1.4477893,-6.2330384,-16.825012
104160581,-3.514691,-6.4006896,-11.503279
104160591,-5.0019984,-6.876101,-9.131012
104160601,-6.2785435,-7.9993653,-12.554692
104160611,-7.1635036,-8.647218,-14.015655
104160621,-6.1180773,-8.383766,-15.620317
104160631,-4.421206,-7.6868153,-12.231365
104160641,-2.5662634,-8.049661,-13.063634
104160650,-1.5938855,-9.685459,-12.548705
104160660,-1.0729687,-11.8002615,-11.373948
104160670,-2.4584875,-11.497292,-10.472223
104160680,-4.404441,-11.494896,-10.008786
104160690,-4.0823107,-11.312875,-11.819422
104160700,-1.5124549,-9.78126,-12.537928
104160709,0.5939648,-7.7227407,-11.545192
104160719,0.83945435,-5.7863674,-9.665101
104160729,-0.21794678,-5.1624646,-6.676117
104160739,-2.15432,-5.005591,-4.228407
104160749,-3.3650024,-5.2917957,-3.4655933
104160759,-3.4620008,-4.91458,-2.3076012
104160769,-3.1326857,-4.907395,0.05748047
104160779,-3.1003528,-6.75635,0.8454419
104160797,-3.98651,-10.457852,0.6646179
104160806,-4.770879,-12.20023,0.20836669
104160816,-3.869154,-9.733359,0.73407346
104160826,-1.6501684,-7.012617,-0.38679564
104160836,-0.9592053,-6.1983104,-0.8262817
104160846,-2.1770728,-7.5981994,-0.5125342
104160856,-3.009342,-9.689052,0.124541014
104160865,-2.1112096,-10.843451,1.2058923
104160875,-1.4549744,-10.870994,1.7591418
104160885,-1.7363892,-10.146501,2.3590941
104160895,-1.8860779,-9.205257,2.2704785
104160905,-1.5986755,-8.054451,1.3795313
104160915,-1.0442286,-6.8461633,0.36045045
104160925,-0.5867798,-6.5300207,-1.0382409
104160934,-1.3879138,-6.8772984,-1.4382092
104160944,-2.4956102,-7.9107494,-1.7232165
104160954,-3.2045362,-8.8388195,-1.5184424
104160964,-3.6775525,-9.386082,-1.1999048
104160974,-4.6714854,-10.202784,-0.9448352
104160984,-5.5995555,-10.285412,-0.7089258
104160994,-5.1864147,-9.370514,-1.3052857
104161003,-3.9829175,-8.663983,-2.0800745
104161013,-4.467909,-8.762179,-1.9734961
104161023,-4.757706,-9.689052,-2.2417383
104161033,-5.0822315,-11.409873,-2.9123437
104161043,-5.7755895,-12.621753,-3.214116
104161053,-5.357659,-12.510385,-3.5410364
104161063,-4.91937,-11.729609,-2.882406
104161072,-4.839137,-10.782378,-2.7027795
104161082,-4.9038024,-10.462643,-3.0811927
104161092,-5.494175,-10.299782,-2.9913795
104161102,-5.7049365,-9.547746,-2.535128
104161112,-5.484595,-8.8388195,-2.4812403
104161122,-4.89063,-8.487949,-2.3650818
104161132,-4.2954674,-8.460406,-2.0609143
104161141,-4.0499783,-8.33347,-1.4585669
104161151,-3.570974,-8.308323,-1.1807446
104161161,-3.2835717,-8.127499,-0.7532337
104161171,-3.0285022,-8.28078,-0.7137158
104161181,-3.0057495,-8.484357,-0.77957886
104161191,-3.1350806,-8.884325,-1.0777588
104161201,-3.150648,-9.611214,-1.3723462
104161210,-3.0979578,-10.176438,-1.778302
104161220,-3.1135254,-10.317744,-1.5914905
104161230,-2.5758436,-9.703422,-1.1496093
104161240,-2.1435425,-8.913065,-0.9592053
104161250,-1.6094531,-8.286768,-1.1903247
104161260,-1.2394226,-8.255632,-2.0429516
104161270,-1.5771203,-9.419612,-1.5531702
104161280,-2.7806177,-10.558444,0.07903565
104161289,-3.6212695,-11.24342,1.1999048
104161299,-3.7158728,-10.994337,1.3244458
104161309,-2.8321106,-9.793235,0.66821045
104161319,-1.5447876,-8.370593,-0.8310718
104161329,-0.5652246,-7.084468,-2.7794201
104161339,-0.3305127,-6.213878,-4.1613464
104161348,-0.8418494,-6.213878,-5.7540345
104161358,-1.5244299,-6.5599585,-7.213799
104161368,-2.6632617,-7.176676,-7.01142
104161378,-3.4943335,-7.8592567,-7.3467226
104161388,-3.8356237,-8.236472,-7.411388
104161398,-3.8248463,-9.066346,-7.0964427
104161408,-3.4715807,-9.25675,-6.339617
104161417,-2.8572583,-9.21364,-5.7935524
104161427,-2.3195765,-10.036329,-6.108497
104161437,-1.6154407,-11.171569,-6.446195
104161447,-0.65264285,-11.457773,-6.1695704
104161457,0.16166382,-10.950029,-5.7217016
104161467,0.7101233,-9.835148,-7.0964427
104161477,0.95321774,-8.626861,-7.8149486
104161487,0.97237796,-7.303612,-8.587342
104161496,0.7256909,-6.051017,-8.840017
104161506,0.37122804,-5.0427136,-9.390872
104161516,-0.041912843,-4.350553,-10.312954
104161526,-0.857417,-4.5984373,-10.657837
104161536,-1.7962646,-4.9624805,-11.11289
104161546,-1.9938538,-4.461921,-10.0207615
104161556,-1.9387683,-3.749403,-8.723859
104161565,-1.9160156,-3.1614258,-7.444918
104161575,-2.0621119,-3.3434472,-8.29994
104161585,-2.1183949,-3.505111,-8.929831
104161595,-1.6046631,-2.9770093,-9.200467
104161605,-1.0298584,-1.8273998,-9.631571
104161615,-0.8753796,-0.27782226,-11.587105
104161624,-1.5148499,1.5890955,-12.776232
104161634,-1.84656,3.6536024,-12.729528
104161644,-1.2813355,5.229525,-11.491303
104161654,-0.69096315,5.9707837,-10.967992
104161664,-0.7161108,5.428312,-11.5751295
104161674,-1.348396,4.7181883,-12.20023
104161684,-1.6405884,4.421206,-12.639715
104161693,-1.1819421,4.742139,-12.583432
104161703,-0.42032593,4.1457787,-11.735596
104161713,-0.4897815,2.4908204,-11.433824
104161723,-1.3663586,1.0214758,-11.572735
104161733,-1.9507434,1.5040723,-10.457852
104161743,-1.0370435,3.634442,-9.047186
104161753,0.14609618,5.4115467,-9.587263
104161762,0.5269043,6.021079,-10.402767
104161772,0.05269043,5.598358,-9.945318
104161782,0.19279908,4.6343627,-10.221943
104161792,-0.085023195,3.5278637,-9.942924
104161802,-0.22752686,2.821333,-9.892628
104161812,-0.4430786,2.8620484,-9.608818
104161822,-0.43709105,3.4691858,-7.785011
104161831,-0.21674927,4.2296047,-6.301296
104161841,-0.22992188,4.0954833,-8.087981
104161851,-0.85023195,3.5685792,-8.916657
104161861,-1.0693762,4.099076,-7.95865
104161871,-0.39757323,5.5947657,-7.3119946
104161881,0.1592688,7.2796617,-7.852072
104161891,0.36284545,7.7742333,-8.865165
104161900,-0.18082398,7.4221654,-9.55972
104161910,-0.56881714,6.5132556,-9.590856
104161920,-0.5736072,5.0726514,-9.751322
104161930,-0.40116578,3.3398547,-10.589579
104161940,-0.46223876,2.198628,-10.409952
104161950,-0.50774413,1.6980689,-9.244776
104161960,-0.5999524,2.3926246,-7.1048255
104161969,-1.0154883,3.1063404,-7.4473133
104161979,-1.0861413,3.8236487,-8.8460045
104161989,-0.81789917,4.277505,-10.964399
104161999,-0.791554,3.3662,-11.384726
104162009,-1.5519726,1.0574012,-10.841056
104162019,-5.9492283,-3.6524048,-5.4438796
104162029,-3.0967603,-2.569856,-16.395105
104162038,-0.95321774,0.74485105,-15.107783
104162048,-0.061072998,3.9362147,-16.093334
104162058,0.61552,6.100115,-18.859581
104162068,0.07185058,5.180427,-18.770966
104162078,-0.59755737,2.7051744,-14.179713
104162088,-2.7518775,-2.7722352,0.0742456
104162098,-2.3507116,-7.785011,-9.721384
104162107,-0.39996827,-8.410111,-6.212681
104162117,2.0022364,-6.6234264,-6.2569885
104162127,2.9422815,-4.524192,-8.382568
104162137,1.7591418,-3.2835717,-10.178833
104162147,0.039517824,-2.6225464,-11.164384
104162157,-1.3579761,-2.899171,-10.957214
104162167,-2.2956262,-3.838019,-10.532099
104162176,-2.102827,-4.069138,-9.486672
104162186,-1.8944604,-4.3146276,-7.747888
104162196,-1.905238,-5.4606447,-7.676038
104162206,-1.8705102,-6.307284,-7.0641103
104162216,-1.9531385,-7.012617,-5.290598
104162226,-2.4704626,-8.851993,-5.3073635
104162236,-3.0716126,-11.891272,-6.2665687
104162245,-2.9051588,-13.388159,-7.0090246
104162255,-1.0765613,-12.590618,-6.5180454
104162265,-0.17723145,-10.905722,-6.2569885
104162275,0.52570677,-9.728569,-6.2306433
104162285,0.6478528,-9.19927,-5.5121374
104162295,-0.13891113,-9.374106,-4.931345
104162305,-1.3675561,-9.88185,-4.355343
104162314,-2.4153771,-10.41115,-4.084706
104162324,-2.4740553,-10.160871,-4.0260277
104162334,-2.5435107,-9.830358,-4.155359
104162344,-2.5494983,-9.353748,-4.2655296
104162354,-3.05365,-9.104667,-4.1864944
104162364,-3.7134778,-9.104667,-3.7086878
104162374,-4.008065,-9.206455,-2.899171
104162383,-4.230802,-8.95378,-2.3626869
104162393,-3.7673657,-8.432864,-1.1819421
104162403,-2.955454,-8.098759,-1.9758911
104162413,-3.150648,-7.732321,-0.6622229
104162423,-3.1183155,-8.307125,-0.54247195
104162433,-3.4727783,-8.87714,0.4670288
104162442,-3.8356237,-9.474697,0.6286926
104162452,-3.849994,-9.823173,0.47062135
104162462,-3.5063086,-9.669891,0.49576905
104162472,-3.497926,-9.7956295,0.43709105
104162482,-3.4596057,-9.942924,0.2802173
104162492,-3.5350487,-10.031539,0.2323169
104162502,-3.866759,-10.109378,0.74125856
104162512,-3.8284388,-9.869876,1.1460168
104162521,-4.0344105,-10.17045,1.346001
104162531,-4.1661363,-10.675799,1.2034973
104162541,-4.2834926,-10.951227,1.5687377
104162551,-4.218827,-10.467433,1.3651612
104162561,-3.9589672,-9.657916,1.4370117
104162571,-3.8068836,-8.812474,1.1867322
104162581,-3.5158887,-8.258027,1.6142431
104162590,-3.3769774,-8.26641,1.9926562
104162600,-3.3913476,-8.5598,2.13516
104162610,-3.5326538,-8.6699705,2.2010229
104162620,-3.4811609,-8.302335,1.7399817
104162630,-3.4572108,-7.171886,1.8309925
104162640,-3.2332764,-5.8666005,1.9255958
104162650,-2.7422974,-5.574408,1.165177
104162659,-2.8321106,-6.0055113,1.6836988
104162669,-3.246449,-7.213799,2.4213648
104162679,-3.7506006,-8.749006,2.7135572
104162689,-4.140989,-9.566906,2.9111462
104162699,-4.0332127,-9.171727,2.5399182
104162723,-3.5122962,-7.523954,2.511178
104162733,-2.647694,-6.227051,2.6620643
104162743,-1.8034497,-5.853428,1.7627344
104162753,-1.3663586,-6.283334,1.7914746
104162763,-1.8441651,-7.232959,2.2800586
104162772,-2.3291564,-8.61728,2.76984
104162782,-2.7782226,-9.721384,3.3063245
104162792,-2.8165429,-10.174043,3.1362782
104162802,-2.5243506,-10.097403,2.838098
104162812,-2.0800745,-9.675879,2.899171
104162822,-1.6549585,-9.322614,2.8225305
104162832,-1.4968872,-9.353748,2.9231215
104162841,-1.3136683,-9.469907,3.0296998
104162851,-1.22146,-9.207653,3.2476466
104162861,-1.1795471,-8.844807,2.945874
104162871,-1.2106824,-8.481961,2.2632935
104162881,-1.1520044,-8.289163,1.531615
104162891,-1.0585986,-8.49274,0.4035608
104162901,-0.9580078,-8.420889,-0.07185058
104162910,-0.90531737,-7.988588,0.14010864
104162920,-0.920885,-7.2389464,0.0742456
104162930,-0.96519285,-6.793473,-0.44547364
104162940,-0.984353,-6.3288393,-0.67898804
104162950,-1.1256592,-6.365962,-0.9520203
104162960,-1.2717553,-6.871311,-1.355581
104162970,-1.5747254,-7.3754625,-1.2166699
104162979,-1.8333875,-7.3766603,-0.4155359
104162989,-2.2237756,-7.1215906,-0.123343505
104162999,-2.222578,-7.0629125,-0.8861572
104163009,-2.1746778,-7.4161777,-1.4525794
104163019,-1.9938538,-8.158634,-1.223855
104163029,-1.5543677,-9.332193,-0.87777466
104163039,-1.4513818,-10.933264,-1.7232165
104163048,-1.4681469,-12.119996,-2.579436
104163058,-1.5172448,-12.175082,-2.6931994
104163068,-1.6178356,-11.463761,-2.6153612
104163078,-1.7327967,-11.094928,-2.7566674
104163088,-1.3735437,-10.70454,-3.138673
104163098,-1.2981006,-10.639874,-3.046465
104163108,-0.99752563,-10.697354,-3.453618
104163117,-0.9831555,-10.669812,-3.6847374
104163127,-1.0370435,-10.510543,-3.8188586
104163137,-1.1723621,-10.530901,-4.4439588
104163147,-1.1268567,-9.001681,-6.4354177
104163157,-1.0909314,-8.426876,-7.4054003
104163167,-0.9400452,-8.890312,-10.063872
104163177,-0.7699988,-8.460406,-9.847123
104163186,-0.6777905,-7.543114,-8.731044
104163196,-0.83346677,-7.33355,-9.285491
104163206,-1.0322534,-7.6053843,-10.304571
104163216,-1.1639795,-7.489226,-10.764416
104163226,-1.2729529,-6.9311867,-9.896221
104163236,-1.23104,-6.192323,-9.131012
104163246,-0.9244775,-5.7205043,-8.478369
104163255,-0.5999524,-5.3145485,-8.436457
104163265,-0.75682616,-5.0498986,-8.741821
104163275,-1.6441809,-4.770879,-9.794433
104163285,-1.8729053,-4.133804,-10.741663
104163295,-1.1807446,-2.6021888,-11.473341
104163305,-0.41673338,-0.38799316,-12.649296
104163315,-0.65623534,2.1411474,-13.328283
104163324,-1.0178833,3.6428246,-13.182187
104163334,-0.83945435,3.8080812,-10.710527
104163344,0.4263135,2.6979895,-10.98356
104163354,0.4430786,1.3735437,-12.721147
104163364,-0.022752685,1.3352234,-10.989547
104163374,0.104183346,1.3723462,-10.801538
104163384,0.40835083,0.5508545,-11.412268
104163393,-0.067060545,-0.6622229,-10.882969
104163403,-1.0765613,-1.3867164,-9.939331
104163413,-1.4346167,-0.5233118,-7.691605
104163423,-1.0813513,1.0585986,-7.6245446
104163433,-1.0490185,2.7399023,-9.843531
104163443,-3.4548156,4.1541615,-11.666141
104163452,-4.1613464,6.175558,-12.215797
104163462,-1.9303857,7.2569094,-12.371473
104163472,-0.5939648,6.6258216,-12.021801
104163482,-0.97237796,4.990023,-11.303295
104163492,-0.8358618,3.7146752,-10.374027
104163502,-0.10897339,3.3721876,-9.384884
104163512,0.5161267,3.1889684,-8.898695
104163521,0.86220706,3.1362782,-8.981323
104163531,0.65264285,3.2811768,-9.606423
104163541,0.34009278,3.4033227,-10.593171
104163551,-0.04790039,3.5122962,-11.423046
104163561,-1.4717395,3.354225,-10.499765
104163571,-2.0633094,3.182981,-9.966874
104163581,-2.0824695,2.7890003,-9.868678
104163590,-1.7232165,2.3219714,-10.275831
104163600,-1.3639636,2.039359,-10.4003725
104163610,-1.3879138,2.4093897,-10.098599
104163620,-0.7699988,3.4188905,-9.689052
104163630,-1.3950989,3.7877233,-8.933423
104163640,-2.2872436,3.67875,-8.422086
104163650,-2.5902135,3.4284704,-8.652008
104163659,-2.242936,3.2727942,-8.746612
104163669,-1.6369958,2.8668385,-9.2256155
104163679,-1.8764977,1.9220031,-9.855505
104163689,-2.0249891,1.3615686,-10.947635
104163699,-2.242936,1.1783496,-11.65177
104163709,-1.705254,1.6034656,-11.134446
104163719,-1.7675244,2.1387525,-10.5620365
104163728,-0.9783655,2.4644752,-10.030342
104163738,-0.74125856,2.3578968,-9.942924
104163748,-0.6215076,1.8154248,-10.21835
104163758,-0.46104127,1.3112732,-10.514135
104163768,-0.038320314,0.80113405,-11.102113
104163778,-0.10178833,0.60354495,-12.626543
104163788,-0.4406836,0.7975415,-13.497132
104163797,-0.87657714,1.0083032,-12.673245
104163807,-1.0262659,0.91130495,-12.240945
104163817,-1.0705737,0.5400769,-12.303215
104163827,-1.0645862,0.11615845,-12.814552
104163837,-0.91250247,-0.37482056,-13.139077
104163847,-1.6286132,-0.9855505,-10.605146
104163857,-3.7434156,-2.838098,-6.476133
104163866,-3.3159046,-3.0847852,-12.454102
104163876,-2.718347,-2.5782385,-13.529466
104163886,-3.666775,-3.2308815,-11.9128275
104163896,-4.093088,-4.6834607,-11.700868
104163906,-3.4895434,-5.7097263,-10.424322
104163916,-2.7351122,-5.9683886,-8.660391
104163926,-1.6836988,-5.879773,-7.771838
104163935,-0.5724097,-5.4893847,-7.5047936
104163945,0.2574646,-5.0870214,-8.0999565
104163955,0.92687255,-5.0630713,-8.454419
104163965,1.4010864,-5.461842,-7.926317
104163975,1.5172448,-6.587501,-7.056925
104163985,1.346001,-7.9119473,-7.2581067
104163995,0.798739,-8.904682,-7.308402
104164004,0.021555176,-8.551417,-6.771918
104164014,-0.6322852,-8.022118,-5.1049843
104164024,-1.0071057,-7.7035804,-4.277505
104164034,-0.7819739,-8.565787,-4.5205994
104164044,-0.38559815,-10.671009,-5.1935997
104164054,-0.4071533,-12.480447,-3.2440538
104164064,-0.032332763,-13.80609,-4.4319835
104164073,-0.2323169,-13.682747,-3.6332445
104164083,0.19878662,-12.23855,-1.959126
104164093,0.99992067,-10.947635,-1.0717713
104164103,1.6465759,-10.5764065,-1.040636
104164113,1.8046472,-10.281818,-1.5100598
104164123,1.6908838,-9.2890835,-1.7112415
104164133,1.1232642,-8.62207,-2.3974144
104164142,0.24429199,-8.549023,-2.8955786
104164152,-1.0957215,-9.105865,-2.3123913
104164162,-2.7482848,-9.999207,-1.6154407
104164172,-3.3937426,-10.893746,-0.87657714
104164182,-3.0105395,-10.867401,-0.10657837
104164192,-1.8968555,-10.48779,0.58558226
104164202,-1.3016931,-10.5129385,0.1101709
104164211,-1.658551,-10.806328,0.49457154
104164221,-1.9974463,-11.080558,-0.010777588
104164231,-2.266886,-11.0757675,-0.34847534
104164241,-2.4752526,-10.673405,-0.5388794
104164251,-2.5123756,-9.820778,0.05029541
104164261,-2.535128,-9.043593,0.69096315
104164271,-2.3854394,-8.432864,0.8071216
104164280,-2.3782544,-8.253238,1.2861255
104164290,-2.626139,-8.62207,1.8980529
104164300,-2.687212,-9.1765175,2.4872277
104164310,-2.7818153,-9.378897,2.7327173
104164320,-2.6704469,-9.087902,2.7614574
104164330,-2.6033862,-8.745414,2.7171497
104164340,-2.5219555,-8.4520235,2.5207582
104164349,-2.2405407,-8.537047,2.2345533
104164359,-1.9986438,-9.013656,2.0776794
104164369,-2.0645068,-9.354946,2.193838
104164379,-2.0645068,-9.386082,2.44771
104164389,-1.9519409,-8.93941,2.4764502
104164399,-1.4944922,-8.175399,2.6716442
104164409,-1.1400293,-7.5754466,2.5734484
104164418,-0.9687854,-7.332352,2.567461
104164428,-0.9580078,-7.1443434,2.7949877
104164438,-0.99872315,-7.2976246,2.9985645
104164448,-0.95321774,-7.731123,3.1063404
104164458,-1.0585986,-8.305927,3.0967603
104164468,-1.2537928,-8.745414,3.2524366
104164478,-1.2825329,-8.88193,3.3123121
104164487,-1.035846,-8.675959,3.497926
104164497,-0.6622229,-8.234077,3.5134935
104164507,-0.41673338,-8.019723,3.5039136
104164517,-0.25387207,-8.135881,3.5937269
104164527,-0.3305127,-8.199349,3.6080968
104164537,-0.38440064,-8.296348,3.5458264
104164547,-0.34488282,-8.190967,3.3206947
104164556,-0.5879773,-7.7359133,2.997367
104164566,-0.55803955,-7.252119,2.645299
104164576,-0.58558226,-7.066505,2.4824378
104164586,-0.70533323,-7.052135,2.3662794
104164611,-0.74125856,-7.2066135,2.74589
104164621,-0.6646179,-7.6005945,2.9961693
104164631,-0.7232959,-8.253238,3.0596375
104164641,-0.7316785,-8.883127,3.3123121
104164651,-0.9807605,-8.959768,3.9038818
104164661,-0.91609496,-8.491542,3.9565723
104164671,-0.48259643,-7.994575,4.0811133
104164680,-0.41433838,-8.00655,4.012855
104164690,-0.58558226,-8.2197075,3.9637573
104164700,-0.79993653,-8.343051,4.0344105
104164710,-0.7831714,-7.9622426,4.0188427
104164720,-0.62031007,-7.540719,3.7625756
104164730,-0.5065466,-7.247329,3.7242553
104164740,-0.5388794,-7.364685,3.8535864
104164749,-0.77838135,-7.692803,4.047583
104164759,-0.86100954,-8.053253,4.366121
104164769,-0.8143066,-8.145461,4.6619053
104164779,-0.58079225,-7.9275146,4.694238
104164789,-0.4682263,-7.5395217,4.5349693
104164799,-0.31374756,-7.03537,4.2248144
104164809,-0.25985962,-6.8186207,3.857179
104164818,-0.2335144,-6.798263,3.6655774
104164828,-0.34967285,-6.980284,3.6847374
104164838,-0.28979737,-7.2006264,3.849994
104164848,-0.16046631,-7.276069,3.9278321
104164858,-0.05628296,-7.1203933,4.176914
104164868,0.18800904,-6.842571,4.2667274
104164878,0.14609618,-6.6701293,4.2511597
104164887,0.14250366,-6.428232,4.0583606
104164897,-0.15447876,-6.302494,3.7649708
104164907,-0.21555176,-6.3060865,3.5158887
104164917,-0.4263135,-6.1611876,3.5350487
104164927,-0.5221143,-6.085745,3.4548156
104164937,-0.6167175,-6.262976,3.8260436
104164947,-0.9627979,-6.7683253,4.143384
104164956,-1.0849439,-7.4688683,4.477489
104164966,-1.3939013,-8.144264,4.5625124
104164976,-1.4897021,-8.461604,4.477489
104164986,-1.5028747,-8.321495,4.404441
104164996,-1.3400134,-7.6904078,4.006868
104165006,-1.3136683,-7.259304,3.7613783
104165016,-1.526825,-7.1838613,3.4871485
104165025,-1.8441651,-7.345525,3.4991236
104165035,-2.0680993,-7.858059,3.8212538
104165045,-2.1112096,-8.401729,4.135001
104165055,-1.9435583,-8.798104,4.5613146
104165065,-1.7483642,-9.086704,4.59245
104165075,-1.5938855,-8.962163,4.6032276
104165085,-1.5028747,-8.6280575,4.118236
104165094,-1.6621436,-8.111931,3.8475988
104165104,-1.6286132,-7.6808276,3.6200721
104165114,-1.6920813,-7.620952,3.5446289
104165124,-1.4897021,-7.8005786,3.786526
104165134,-1.355581,-8.110734,4.2858872
104165144,-1.2765454,-8.372989,4.325405
104165154,-1.3220508,-8.323891,4.199667
104165163,-1.3495935,-8.119116,3.9086719
104165173,-1.3471985,-7.885602,3.7805383
104165183,-1.3711487,-7.66047,3.732638
104165193,-1.3160633,-7.604187,3.8583765
104165203,-1.1532019,-7.5742493,4.006868
104165213,-1.1735595,-7.8101587,4.052373
104165223,-1.1460168,-8.067623,3.7314405
104165232,-1.1376343,-8.222102,3.68354
104165242,-1.1795471,-8.198152,3.617677
104165252,-1.2921131,-8.120314,3.6679723
104165262,-1.2202624,-8.041278,3.7134778
104165272,-1.1747571,-7.862849,3.8583765
104165282,-1.2549902,-7.8724294,3.8236487
104165292,-1.2561878,-7.933502,3.8943017
104165301,-1.463357,-7.848479,3.7038977
104165311,-1.53401,-7.876022,3.7410204
104165321,-1.5783179,-7.933502,3.7266505
104165331,-1.5040723,-7.980205,3.8811293
104165341,-1.4968872,-7.988588,4.140989
104165351,-1.3891113,-8.014933,4.0272255
104165361,-1.3891113,-8.04487,4.135001
104165370,-1.5040723,-8.201744,3.98172
104165380,-1.5399976,-8.170609,3.9577699
104165390,-1.4669495,-8.093968,3.9901025
104165400,-1.4513818,-7.811356,3.6655774
104165410,-1.4861096,-7.6616673,3.6571949
104165420,-1.5483801,-7.6077795,3.69312
104165430,-1.4322217,-7.683223,3.8487964
104165439,-1.2537928,-7.7766285,4.0116577
104165449,-1.0178833,-7.9622426,4.008065
104165459,-0.81310916,-8.150251,4.061953
104165469,-1.0597961,-8.334668,3.9529798
104165479,-1.1807446,-8.479567,3.7829332
104165489,-1.2537928,-8.217312,3.749403
104165499,-1.3675561,-7.9299097,3.5829492
104165508,-1.3100756,-7.733518,3.561394
104165518,-1.3783337,-7.6305323,3.6200721
104165528,-1.3723462,-7.7275305,3.5015185
104165538,-1.5304174,-7.995773,3.624862
104165548,-1.5807129,-8.175399,3.6284547
104165558,-1.658551,-8.249645,3.7889209
104165568,-1.6848962,-8.402926,3.7482057
104165577,-1.8860779,-8.36221,3.803291
104165587,-2.1830604,-8.259225,3.8080812
104165597,-2.2920337,-8.323891,3.6847374
104165607,-2.3674767,-8.27599,3.6919227
104165617,-2.1016297,-8.174202,3.6967127
104165627,-1.9675086,-8.145461,3.8535864
104165637,-1.9399658,-8.135881,3.9266346
104165646,-2.0704944,-8.224497,3.8655615
104165656,-2.1842577,-8.092771,3.9050794
104165666,-2.217788,-8.035291,3.7074902
104165676,-1.8944604,-7.7790236,3.6045043
104165686,-1.8166223,-7.4904237,3.5362463
104165696,-1.3759388,-7.443721,3.3326697
104165705,-1.2765454,-7.509584,3.3937426
104165715,-1.1520044,-7.6029897,3.4823585
104165725,-1.0370435,-7.731123,3.5158887
104165735,-1.1496093,-7.8005786,3.7601807
104165745,-1.1795471,-7.919132,3.8655615
104165755,-1.0945239,-8.024513,3.803291
104165765,-1.2346326,-8.126301,3.798501
104165775,-1.2202624,-8.149054,3.7134778
104165784,-1.2909155,-8.041278,3.6955152
104165794,-1.6848962,-8.047266,3.754193
104165804,-1.9064355,-8.123906,3.8068836
104165814,-2.2932312,-8.34784,3.8320313
104165824,-2.5806336,-8.707093,3.8272412
104165834,-2.9327013,-8.913065,3.7649708
104165843,-3.1051428,-8.860374,3.4775684
104165853,-3.0153296,-8.604108,3.4081128
104165863,-2.8883936,-8.248447,3.2692018
104165873,-2.6668541,-8.05924,3.3889527
104165883,-2.5542884,-8.170609,3.3135095
104165893,-2.2800586,-8.387359,3.5170863
104165903,-2.0764818,-8.590935,3.4200878
104165912,-1.9531385,-8.709489,3.354225
104165922,-1.890868,-8.539442,3.1422656
104165932,-1.8262024,-8.410111,2.899171
104165942,-1.8441651,-8.4520235,2.7818153
104165952,-1.8453625,-8.626861,2.7973828
104165962,-1.8860779,-8.5717745,2.7590625
104165972,-1.663341,-8.450827,2.572251
104165981,-1.4406042,-8.331076,2.4836352
104165991,-1.3100756,-8.523874,2.515968
104166001,-1.2969031,-8.823252,2.450105
104166011,-1.2466077,-8.984916,2.2992187
104166021,-1.0310559,-9.122629,2.2968237
104166031,-1.0801538,-8.948991,2.3770568
104166041,-1.0897338,-8.195757,2.3363416
104166050,-1.0681787,-7.902367,1.8154248
104166060,-1.1424243,-8.046068,1.5028747
104166070,-1.2621753,-8.54064,1.3543836
104166080,-1.5256275,-9.0148535,1.660946
104166090,-1.2825329,-8.879535,1.9016455
104166100,-0.96160036,-8.6280575,2.0070264
104166110,-0.57480466,-7.961045,2.0118165
104166119,-0.55803955,-7.164701,2.0190015
104166129,-0.4646338,-6.6186366,1.719624
104166139,-0.5041516,-6.564749,1.2825329
104166149,-0.70772827,-6.680907,0.62390256
104166159,-0.5173242,-6.70845,-0.3927832
104166169,-0.17244141,-6.617439,-1.3687537
104166179,0.44667113,-6.2007055,-2.4237597
104166188,0.8801697,-5.760022,-3.605702
104166198,1.2250525,-5.428312,-4.9061975
104166208,1.726809,-5.069059,-6.387517
104166218,2.066902,-5.045109,-7.6413097
104166228,2.4297473,-5.6079383,-8.582553
104166238,2.5782385,-6.7479677,-9.922565
104166248,2.430945,-8.149054,-10.744058
104166257,2.1016297,-9.295071,-10.856624
104166267,1.7555493,-10.635084,-11.458971
104166277,2.1219873,-12.741504,-11.190729
104166287,2.5315356,-15.197597,-11.159594
104166297,1.1220666,-15.263459,-12.070898
104166307,0.4754114,-19.574495,-11.686498
104166317,-0.17483643,-20.03913,-9.110654
104166326,-0.5760022,-16.009508,-6.8772984
104166336,-0.864602,-12.177477,-8.182584
104166346,-0.6993457,-8.986114,-7.2640944
104166356,-0.104183346,-7.6856174,-6.397097
104166366,-0.21315674,-8.717871,-5.652246
104166376,-0.7496411,-9.735754,-6.4246397
104166386,-1.7399817,-9.932146,-7.4030056
104166395,-2.8033705,-8.917855,-8.760982
104166405,-3.436853,-6.6425867,-10.650652
104166415,-3.3506324,-2.9662316,-10.394384
104166425,-3.1207104,1.0262659,-8.976533
104166435,-1.7471668,3.014132,-9.55014
104166445,-2.027384,5.294191,-9.183702
104166455,-2.501598,5.442682,-10.869796
104166464,-2.8596532,2.7566674,-12.970228
104166474,-3.1207104,-0.78915894,-14.309044
104166484,-3.2883618,-3.0033545,-18.165026
104166494,-3.133883,-4.040398,-17.901573
104166504,-3.9589672,-5.0846267,-8.673563
104166514,-4.0571632,-5.3456836,-10.557246
104166524,-4.311035,-3.2668066,-10.17045
104166533,-3.732638,-1.8669177,-8.2233
104166543,-1.8633252,-0.99752563,-10.880573
104166553,-1.1807446,1.6130457,-8.048463
104166563,-1.3388159,3.1734009,-8.86277
104166573,-0.9783655,3.5913317,-12.245735
104166583,-1.595083,3.8655615,-13.222903
104166593,-2.459685,3.7242553,-13.258828
104166602,-2.8644433,3.561394,-13.816868
104166612,-2.9770093,3.3111145,-13.067226
104166622,-3.6847374,3.0500574,-10.854229
104166632,-3.7553906,2.7734327,-11.138039
104166642,-3.974535,3.0668225,-11.903247
104166652,-3.8811293,3.9481897,-13.248051
104166662,-4.2248144,4.0607557,-13.010943
104166671,-3.7961059,3.0560448,-13.0313015
104166681,-3.1075377,0.9017249,-13.870755
104166691,-2.8033705,-1.1472144,-10.139316
104166701,-2.1902454,-2.337539,-7.8820095
104166711,-0.90052736,-2.6201513,-9.09868
104166721,-0.05987549,-2.598596,-10.217154
104166731,-0.39517823,-1.2274475,-5.710924
104166740,0.98674804,1.4238391,-6.852151
104166750,0.7592212,2.6788294,-11.464958
104166760,-1.289718,3.505111,-12.573853
104166770,-1.2549902,4.5217967,-13.0875845
104166780,-0.95441526,4.9133825,-11.817026
104166790,-0.5340893,2.8788135,-13.642032
104166800,-1.5304174,-0.16166382,-13.856385
104166809,-2.562671,-2.0573218,-9.813593
104166819,-2.0764818,-1.848955,-8.599318
104166829,-2.4608827,0.4790039,-5.2426977
104166839,-1.6022681,2.3590941,-7.9179344
104166849,-1.8525476,2.9937744,-10.006392
104166859,-2.0249891,3.6068995,-9.902208
104166869,-1.7495618,4.277505,-10.805131
104166878,-1.6453785,4.590055,-10.493778
104166888,-1.5028747,4.934938,-11.0757675
104166898,-1.7411792,5.4534593,-12.487632
104166908,-1.7327967,6.295309,-13.279186
104166918,-1.7687219,6.450985,-12.431349
104166928,-2.5447083,5.2630553,-10.715318
104166938,-2.7818153,3.9433997,-10.825488
104166947,-2.7973828,2.7446923,-11.904445
104166957,-2.567461,1.7387842,-11.692486
104166967,-2.2201831,0.6993457,-11.04104
104166977,-2.2501209,-0.63587767,-9.430389
104166987,-2.5099804,-2.2680836,-11.95474
104166997,-2.1926403,-2.5973988,-11.868519
104167007,-2.7901978,-2.1555176,-8.716674
104167016,-3.5230737,-1.8154248,-7.68442
104167026,-2.577041,-1.2633728,-10.102192
104167036,-0.5999524,-0.21435425,-10.498569
104167046,0.4790039,0.549657,-10.015972
104167056,-0.16166382,-0.010777588,-10.181228
104167066,-1.8681152,-2.1878502,-11.221864
104167076,-2.5291407,-3.4141004,-12.572655
104167085,-2.3123913,-3.009342,-10.978769
104167095,-1.4441968,-1.0130932,-8.653206
104167105,-0.7484436,2.3243666,-7.99697
104167115,-2.515968,3.3087194,-11.658955
104167125,-0.84065187,5.7863674,-14.452745
104167135,0.27662477,6.8138304,-14.264736
104167144,0.54606444,6.4438,-17.083673
104167154,-0.27662477,4.9744554,-14.030025
104167164,-1.0142908,3.05844,-10.323731
104167174,-0.47181883,2.3123913,-7.4401283
104167184,-0.1484912,2.3171813,-7.181466
104167194,0.05269043,1.9555335,-10.328522
104167204,-0.7975415,1.1184741,-13.881534
104167213,-2.0249891,1.6860938,-11.906839
104167223,-2.3147864,3.1518457,-9.315429
104167233,-1.7184265,4.1457787,-11.288924
104167243,-1.7040564,4.2882824,-12.739109
104167253,-3.258424,3.2823744,-11.692486
104167263,-4.397256,1.7555493,-12.232562
104167273,-4.287085,0.9172925,-12.490026
104167283,-3.4763708,0.74485105,-12.4828415
104167292,-2.7806177,0.7819739,-12.258907
104167302,-2.071692,0.86579955,-11.250605
104167312,-1.7950672,1.1304492,-11.169173
104167322,-1.6046631,1.470542,-11.3571825
104167332,-0.92208254,2.5710535,-9.863888
104167342,-0.49936157,3.368595,-10.667417
104167352,-0.5137317,3.8475988,-11.508069
104167361,-0.5161267,4.429589,-11.573932
104167371,-0.6622229,4.829557,-11.850556
104167381,-0.5736072,5.379214,-10.5201235
104167391,-0.5640271,5.309758,-9.286688
104167401,-0.8813672,3.7697608,-9.906999
104167411,-1.6908838,1.1915222,-11.724818
104167421,-3.5853443,-1.6920813,-10.965597
104167430,-4.9744554,-2.4848328,-9.883048
104167440,-4.174519,0.08861572,-10.811118
104167450,-2.0585194,3.1183155,-11.948752
104167460,-1.3579761,5.1756372,-12.152329
104167470,-1.5603552,6.678512,-11.820619
104167480,-1.4154565,6.6641417,-13.17141
104167490,-1.4549744,5.795947,-12.891192
104167499,-1.7351917,4.3864784,-10.251881
104167509,-1.1603869,2.9770093,-8.317903
104167519,-1.1316468,1.4932947,-8.90588
104167529,-1.4334192,1.22625,-9.896221
104167539,-1.5867004,2.0261865,-11.407478
104167549,-1.848955,3.930227,-8.345446
104167559,-0.21315674,4.7469287,-16.319664
104167568,-4.467909,6.018684,-2.9231215
104167578,0.9951306,5.381609,-17.409397
104167588,-3.69791,2.1195922,-6.441405
104167598,-2.2632935,-0.5125342,-11.369158
104167608,-2.0501368,-1.902843,-12.687616
104167618,-1.5962806,-0.21435425,-8.861572
104167628,-1.1843371,1.5771203,-8.707093
104167637,-0.9244775,2.76984,-9.962084
104167647,-0.5388794,2.7027795,-13.729449
104167657,-0.979563,2.8357031,-12.142749
104167667,-0.71251833,3.3817675,-10.490186
104167677,-0.1101709,2.7818153,-10.990745
104167687,0.040715333,0.9017249,-12.543915
104167697,-0.6646179,-1.1508069,-11.96432
104167706,-1.4489868,-2.2848487,-10.545271
104167716,-1.7399817,-1.8321899,-8.62207
104167726,-1.475332,0.11496094,-8.710686
104167736,-0.9172925,3.605702,-9.251961
104167746,-0.803529,6.3851223,-12.599
104167756,-1.155597,7.0653076,-14.439572
104167766,-1.8309925,6.5300207,-13.250445
104167775,-1.5052698,5.6019506,-12.273277
104167785,-0.9364526,4.494254,-10.966794
104167795,-0.69096315,3.0428724,-11.213482
104167805,-0.96399534,1.3400134,-11.705658
104167815,-1.2394226,-0.014370117,-11.230247
104167825,-1.3112732,-0.6873706,-9.7884445
104167835,-1.3064831,-0.7101233,-9.889035
104167844,-1.3663586,-0.7005432,-10.152488
104167854,-1.3711487,-0.8909473,-11.429033
104167864,-0.98674804,-1.1975098,-11.922407
104167874,-0.80233157,-1.2106824,-10.702145
104167884,-0.7149133,-1.4082714,-9.594448
104167894,-0.87777466,-1.8896704,-9.598041
104167904,-1.0130932,-1.8992505,-9.142987
104167913,-1.0538086,-1.7651294,-7.994575
104167923,-1.1064991,-2.0381615,-8.908276
104167933,-1.0490185,-2.4465125,-10.947635
104167943,-0.7735913,-2.430945,-13.072017
104167953,-0.55324954,-2.3207738,-13.907879
104167963,-0.51013917,-2.4261549,-13.201347
104167973,-0.7927515,-2.7147546,-11.759546
104167982,-0.8921448,-3.3997302,-10.318942
104167992,-1.834585,-6.2569885,-8.248447
104168002,-1.6860938,-7.9718227,-12.886402
104168012,-1.6657361,-7.3682775,-8.92025
104168022,-2.0728893,-6.2893214,-5.86181
104168032,-2.123185,-6.13125,-8.302335
104168042,-2.034569,-5.5935683,-8.131091
104168051,-1.8645227,-5.0918117,-9.352551
104168061,-1.6178356,-4.815187,-9.490265
104168071,-1.3687537,-4.6547203,-9.972861
104168081,-0.8310718,-4.5768824,-9.698631
104168091,-0.3676355,-4.8091993,-10.975177
104168101,-0.183219,-4.905,-10.4566555
104168110,-0.4418811,-5.400769,-9.691446
104168120,-0.7220984,-6.5863037,-8.856782
104168130,-1.2585827,-7.834109,-8.180189
104168140,-1.7136365,-8.704699,-8.1634245
104168150,-2.0872595,-9.028027,-7.7993813
104168160,-3.06802,-8.832832,-9.3309965
104168170,-1.778302,-6.986272,-9.479487
104168179,-0.5125342,-4.719386,-10.293794
104168189,-0.2945874,-3.5997143,-11.04104
104168199,-0.6550378,-3.333867,-10.613529
104168209,-1.4406042,-4.811594,-9.842333
104168219,-2.15911,-7.4544983,-8.042476
104168229,-2.6141639,-8.57896,-8.643625
104168239,-2.403402,-7.7047777,-7.514374
104168248,-2.0633094,-6.547983,-8.485554
104168258,-1.592688,-5.653444,-9.116642
104168268,-1.0945239,-4.988826,-9.099876
104168278,-0.8921448,-4.1194334,-6.644982
104168288,-0.6502478,-4.4595265,-8.768167
104168298,-1.0059083,-5.3768187,-8.25683
104168308,-1.2106824,-6.062992,-10.636282
104168317,-1.2298425,-6.1815453,-10.574011
104168327,-1.3172607,-6.100115,-8.915461
104168337,-1.3256433,-6.0222764,-7.8245287
104168347,-1.6274158,-6.3108764,-7.515571
104168357,-1.7363892,-7.2090087,-8.110734
104168367,-1.5938855,-7.5754466,-8.265212
104168377,-1.1891272,-7.1826634,-8.79571
104168386,-0.80472654,-5.5947657,-11.614647
104168396,-0.8921448,-3.8954992,-11.837384
104168406,-0.92807007,-3.5793567,-11.923605
104168416,-0.75682616,-2.9770093,-10.717712
104168426,-0.16765137,-2.4261549,-9.299861
104168436,0.6777905,-3.37578,-6.004314
104168446,0.72928345,-6.525231,-8.364606
104168455,0.7688013,-7.197034,-12.735517
104168465,0.082628176,-5.5732102,-8.784931
104168475,-0.47062135,-4.1469765,-8.361013
104168485,-1.033451,-2.9638367,-9.643546
104168495,-1.3986914,-2.743495,-11.442205
104168505,-0.6322852,-1.7507592,-12.230167
104168515,-0.92328,-1.0693762,-11.341615
104168524,-1.5998731,-1.2837305,-11.732003
104168534,-1.7639319,-1.404679,-11.332035
104168544,-1.6106507,-1.5603552,-10.890154
104168554,-1.4346167,-1.1220666,-12.668456
104168564,-1.1316468,0.31135255,-15.348483
104168574,-1.0753638,1.8190173,-14.608421
104168584,-1.045426,2.753075,-11.384726
104168628,-0.9855505,2.1806653,-10.910511
104168638,-0.49457154,1.7004639,-12.462484
104168648,0.11615845,1.7435743,-12.188254
104168657,0.48499146,1.663341,-11.864926
104168667,0.0490979,2.572251,-12.466077
104168677,-8.132289,-2.5267456,-11.612252
104168687,-11.3488,-5.918093,-11.423046
104168697,3.194956,8.964558,-4.437971
104168707,0.34847534,10.0207615,-12.699591
104168717,0.12693603,3.6607873,-19.530188
104168726,4.1074586,4.099076,-7.2389464
104168736,0.6933582,2.0704944,-6.0402393
104168746,-9.934541,-2.5578809,-12.819342
104168756,-6.4869103,3.314707,-9.424402
104168766,-1.7136365,8.381371,-9.44955
104168776,-3.2476466,7.2461314,-10.41115
104168786,-0.21555176,6.6066613,-9.560918
104168795,1.895658,5.2007847,-7.826924
104168805,1.4370117,3.2213013,-8.759784
104168815,1.0514135,3.2692018,-8.768167
104168825,0.9699829,3.561394,-9.466314
104168835,-0.86579955,1.9579284,-11.241024
104168845,-2.950664,0.8957373,-11.492501
104168855,-3.8332288,1.6322058,-10.52132
104168864,-3.251239,2.9877868,-9.970467
104168874,-2.8033705,4.319418,-9.684261
104168884,-2.4656725,6.0126967,-10.278226
104168894,-2.1818628,7.0964427,-8.690329
104168904,-1.6034656,7.2018237,-9.356144
104168914,-0.27422974,6.7575474,-10.243499
104168924,-0.4418811,5.54926,-11.171569
104168933,-0.6598279,5.749244,-4.9648757
104168943,0.06346802,4.6331654,-3.7134778
104168953,0.21555176,3.4991236,-11.171569
104168963,1.0801538,4.939728,-13.082794
104168973,0.008382568,5.007986,-14.396462
104168983,-1.900448,4.6762757,-12.188254
104168993,-1.2382251,6.6773143,-7.325167
104169002,-2.5638685,4.7253737,-10.793156
104169012,-2.2537134,4.113446,-10.746452
104169022,-1.839375,4.4715014,-9.22322
104169032,-1.0274634,3.869154,-10.197993
104169042,-1.7890795,4.5684996,-9.821975
104169052,-0.4179309,3.969745,-7.841294
104169062,0.96160036,3.2236962,-10.957214
104169071,0.85382444,1.3519886,-15.240706
104169081,-1.2537928,-0.2694397,-11.023077
104169091,-1.2945081,-0.5005591,-6.6725245
104169101,-0.020357667,0.4921765,-6.531218
104169111,0.30776,1.6441809,-9.740544
104169121,-0.9807605,2.9135413,-10.2878065
104169131,-2.687212,2.9099488,-12.287647
104169140,-4.357738,3.2727942,-9.595646
104169150,-4.62119,5.676196,-12.437336
104169160,-3.854784,9.172925,-16.569942
104169170,-2.7614574,10.806328,-14.028827
104169180,-1.4980847,8.206534,-11.539204
104169190,-1.0669812,2.5973988,-9.703422
104169200,-6.274951,-6.7779055,-0.24548951
104169209,0.48499146,-9.668694,-10.0770445
104169219,2.0992346,-9.941726,-5.9935365
104169229,1.9399658,-12.606185,-14.432387
104169239,1.4789245,-12.432547,-6.7276096
104169249,4.484674,-8.384963,-6.6354017
104169259,7.5526943,-3.857179,-7.0629125
104169269,6.883286,-1.5232325,-6.4881077
104169278,4.8642845,-1.0502161,-7.498806
104169288,1.4525794,-2.1243823,-6.9192114
104169298,-1.7591418,-4.8331494,-4.012855
104169308,-3.9553747,-8.414901,-1.0466236
104169318,-4.429589,-11.32006,-6.955137
104169328,-3.5266662,-9.096284,-14.622791
104169338,-1.9986438,-6.15041,-14.116245
104169347,-2.0070264,-8.988508,-9.314231
104169357,-2.8153455,-13.637241,-9.20885
104169367,-1.8525476,-16.192726,-2.3722668
104169377,-1.4537768,-16.825012,0.38320312
104169387,-0.6981482,-15.395185,-0.10897339
104169397,-0.42391846,-12.690011,-0.57480466
104169406,-0.8358618,-7.9742174,-5.54926
104169416,-1.1268567,-7.125183,-8.413704
104169426,-1.0382409,-6.077362,-8.474776
104169436,-1.3807287,-9.489067,-5.0259485
104169446,-1.9423609,-11.96432,-4.397256
104169456,-1.7351917,-12.122392,-4.022435
104169473,-1.9016455,-10.248288,-4.6319675
104169482,-2.645299,-8.826844,-4.7768664
104169492,-4.079916,-9.447155,-2.572251
104169502,-5.229525,-9.898616,-3.3003368
104169512,-4.787644,-10.619516,-2.2752686
104169522,-5.0307384,-13.831238,-2.4824378
104169532,-4.467909,-15.746056,-2.9650342
104169542,-5.247488,-16.427439,-2.767445
104169551,-7.3024144,-15.92209,-0.79035646
104169561,-7.733518,-13.821658,0.5783972
104169571,-6.4018874,-10.269844,-1.902843
104169581,-5.0989966,-6.0617943,-1.6801062
104169591,-3.9098694,-4.1709266,0.020357667
104169601,-2.8656409,-3.5458264,-1.233435
104169611,-2.4189696,-3.9601648,-1.0609937
104169620,-3.2117212,-4.8475194,0.88974977
104169630,-4.319418,-6.5683413,1.6789087
104169640,-5.6654186,-8.392148,1.592688
104169650,-6.927594,-9.081914,1.2669654
104169660,-7.4880285,-9.347761,2.8955786
104169670,-7.389833,-9.041199,0.27422974
104169680,-6.540798,-7.2569094,3.558999
104169689,-5.4235215,-6.4426026,0.38440064
104169699,-3.9481897,-6.10251,-0.48618898
104169709,-1.5699353,-7.899972,-0.9196875
104169719,-1.3843213,-9.6830635,2.4896228
104169729,-2.5363257,-8.84361,2.4896228
104169739,-3.6679723,-7.4329433,1.6477734
104169749,-3.1745985,-5.8270826,0.5005591
104169758,-1.648971,-6.947952,-0.39877075
104169768,-0.9017249,-9.729767,-0.49936157
104169778,-1.3986914,-11.27216,1.0861413
104169788,-2.5423133,-10.316546,2.8033705
104169798,-2.738705,-9.170529,0.82747924
104169808,-2.2537134,-8.231682,0.6646179
104169818,-1.6214283,-7.489226,-0.9029224
104169827,-1.8729053,-3.9098694,-0.53169435
104169837,-1.8333875,-1.1939173,-2.0920496
104169847,-1.2502002,-0.19279908,-1.1340418
104169857,-0.062270507,-0.18202148,-4.757706
104169867,-0.76640624,-2.4321423,-4.567302
104169877,-3.7793407,-5.107379,-3.5901344
104169887,-3.5278637,-6.7611403,-5.677394
104169896,-2.9877868,-9.255553,-4.429589
104169906,-1.9411633,-11.965518,-8.635242
104169916,-1.9902612,-17.865648,-20.96121
104169926,-3.1374755,-14.334192,-7.167096
104169936,-5.0355287,-10.305769,3.864364
104169946,-2.8764184,-12.625345,-14.522201
104169956,-3.2177088,-12.685221,-15.136523
104169965,-2.254911,-8.986114,-9.3453665
104169975,-0.65743285,-5.653444,-5.3684363
104169985,-0.27901977,-6.667734,3.434458
104169995,-0.46343628,-9.633966,-11.693683
104170005,-1.7363892,-11.789484,-11.884087
104170015,-0.8957373,-8.267608,-9.0004835
104170025,-1.0106982,-5.653444,-8.775352
104170034,-1.113684,-5.701344,-10.277029
104170044,-0.8238867,-6.0665846,-13.040881
104170054,-0.8322693,-3.6991076,-16.238232
104170064,-1.9064355,0.6861731,-13.589341
104170074,-2.7363098,4.061953,-11.802656
104170084,-5.9145007,1.6202307,-10.708133
104170094,-4.4762917,-1.043031,-16.775915
104170103,-6.4018874,1.5184424,-13.272
104170119,-13.437257,6.0617943,-8.147857
104170128,-6.605464,6.4557753,-12.158317
104170138,8.428074,3.838019,-17.01781
104170148,10.018367,-4.064348,-18.205742
104170158,3.4811609,-5.835465,-7.2640944
104170168,0.10298584,-5.4881873,-2.4165747
104170178,-6.7970653,-6.810238,-6.74198
104170188,-13.921051,-3.3877552,-11.630215
104170197,-5.4187317,4.9600854,-13.220508
104170207,-0.99992067,9.101074,-11.635005
104170217,-2.0621119,8.562195,-7.97781
104170227,-1.6046631,5.886958,-7.883207
104170237,-0.3197351,4.221222,-6.533613
104170247,0.81191164,4.768484,-6.470145
104170257,-0.043110352,3.6116896,-6.876101
104170266,-3.4943335,1.5352075,-7.5179663
104170276,-5.2798204,1.4166541,-9.474697
104170286,-4.3469605,2.9614418,-11.256592
104170296,-4.115841,3.422483,-13.262421
104170306,-6.915619,2.9925768,-8.444839
104170316,-3.7242553,3.1051428,-9.498648
104170326,-0.9077124,3.5841467,-11.9619255
104170335,-2.269281,5.3241286,-11.590697
104170345,-5.7755895,7.36229,-4.667893
104170355,0.24908203,8.345446,-4.5613146
104170365,3.1350806,6.827003,-11.37275
104170375,-1.9363732,5.325326,-9.133407
104170385,-5.3552637,4.472699,-12.196637
104170395,-7.253317,3.1542406,-12.221785
104170404,-6.5384035,1.7160316,-13.127102
104170414,-4.336183,3.5637891,-9.784852
104170424,-1.9806812,5.466632,-11.153606
104170434,-3.1686108,2.9961693,-10.091414
104170444,-3.1590307,1.2454102,-10.283016
104170454,-3.0009594,-0.6658154,-8.546627
104170464,-2.572251,-1.5878979,0.19279908
104170473,0.46223876,-7.1635036,-6.143225
104170483,0.22513184,-7.028185,-11.624228
104170493,-6.73719,-3.666775,-14.233601
104170503,-4.4762917,5.3756213,-12.319981
104170513,-2.7842102,12.075688,-16.0131
104170523,-2.1770728,11.94516,-22.204226
104170533,-1.6836988,7.8592567,-18.992504
104170542,-1.1603869,4.350553,-11.517649
104170552,-0.37122804,1.5088623,-10.75244
104170562,-2.9243188,-5.3995714,-5.247488
104170572,-3.6404297,-12.884007,-10.193203
104170582,-2.1136048,-14.917379,-6.2653713
104170592,-0.16765137,-9.522597,-5.997129
104170602,0.6502478,-4.064348,-6.7455726
104170611,0.42511597,-0.54366946,-9.80042
104170621,-0.7101233,0.73407346,-11.108101
104170631,-2.7830126,0.7041357,-11.4206505
104170641,-4.5864625,0.28740233,-6.7431774
104170651,-4.179309,-0.76281375,-5.9073157
104170661,-3.6727624,-2.623744,-10.554852
104170670,-3.4260755,-4.380491,-8.863967
104170680,-2.7195446,-4.968468,-10.98356
104170690,-2.0549269,-5.4798045,-10.160871
104170700,-1.8537451,-6.1444225,-9.092691
104170710,-1.8214123,-5.891748,-7.0796776
104170720,-0.8430469,-5.6797886,-8.199349
104170730,0.085023195,-7.6329274,-9.601633
104170739,0.7496411,-9.633966,-9.220825
104170749,1.4501843,-9.383686,-7.526349
104170759,1.1855347,-8.943003,-2.6584716
104170769,-0.31374756,-10.577603,-4.870272
104170779,-1.8034497,-11.173964,-2.5387206
104170789,-2.880011,-10.081835,-1.8573376
104170799,-3.551814,-8.580157,-2.3363416
104170808,-3.993695,-8.8879175,-4.1589513
104170818,-3.690725,-9.789642,-4.902605
104170828,-2.5590785,-10.285412,-3.6260595
104170838,-1.7890795,-11.05062,-3.4512231
104170848,-1.3471985,-11.726016,-1.8106347
104170858,-6.114485,-13.221705,-6.715635
104170868,-5.960006,-13.667179,-4.1805067
104170877,-6.0785594,-14.985638,0.25985962
104170887,-4.4715014,-14.40245,-0.15328126
104170897,-3.251239,-15.665823,-0.57001466
104170907,-3.9637573,-13.6647835,-1.4908997
104170922,-3.8368213,-13.388159,-4.3349853
104170932,-4.709806,-11.490107,-1.2741504
104170942,-5.154082,-8.753797,-6.09293
104170952,-4.218827,-6.1587925,-3.67396
104170962,-3.610492,-5.613926,5.7660093
104170972,-3.129093,-6.0007215,0.027542725
104170981,-5.013973,-6.009104,-2.102827
104170991,-6.006709,-6.197113,1.7687219
104171001,-5.8642054,-7.2245765,1.1747571
104171011,-5.077441,-7.777826,1.7447717
104171021,-5.2007847,-7.249724,0.60713744
104171031,-4.9038024,-6.2521987,1.1424243
104171040,-4.958888,-5.9516234,1.5603552
104171050,-5.7145166,-5.988746,1.3495935
104171060,-5.3061657,-6.444998,2.391427
104171070,-6.404282,-7.508386,2.6764343
104171080,-7.2365513,-8.787327,3.0177245
104171090,-14.829961,-9.703422,1.7986597
104171100,1.7794995,-31.950758,7.1168003
104171109,-4.2763076,-8.740623,0.432301
104171119,-4.639153,2.3076012,-2.0489392
104171129,-1.7627344,2.1734803,-13.377381
104171139,0.52091676,5.964796,1.6034656
104171149,-2.7099645,-2.9015663,9.981244
104171159,-8.528665,-12.082873,4.0978785
104171169,-9.801618,-11.674522,4.5062294
104171178,-6.483318,-9.742939,4.736151
104171188,-5.2498827,-8.008945,3.1015503
104171198,-5.308561,-7.4808435,3.8452039
104171208,-4.869075,-9.319021,5.9444385
104171218,-5.367239,-6.9898643,3.8068836
104171228,-4.350553,-6.803053,5.276228
104171238,-6.2905188,-5.611531,7.1730833
104171247,-6.1372375,-5.2139573,3.5003211
104171257,-4.701423,-5.2965856,0.5604346
104171267,-4.148174,-7.852072,6.575526
104171277,-2.9817994,-10.059082,3.554209
104171287,-3.0332923,-8.630453,1.2070899
104171297,-3.3494349,-5.1924024,2.2501209
104171307,-3.6416273,-2.6716442,2.8656409
104171316,-3.6320472,-2.5411158,5.301376
104171326,-3.2129188,-4.0344105,7.740703
104171336,-3.0368848,-5.2630553,7.8245287
104171346,-2.7303224,-5.533693,7.0437527
104171356,-2.842888,-5.8246875,4.336183
104171366,-2.4237597,-6.6018715,2.8476782
104171376,-2.6764343,-8.393346,3.8919067
104171385,-3.4691858,-8.835227,5.8474402
104171395,-3.9613624,-7.67484,6.5910935
104171405,-3.5769618,-5.4606447,5.0582814
104171415,-2.506388,-3.4811609,4.014053
104171430,-1.7555493,-3.4919386,3.8535864
104171440,-1.4274316,-5.2582655,5.0582814
104171450,-2.1650977,-7.5443115,6.267766
104171460,-3.0572424,-7.6892104,5.419929
104171470,-3.4572108,-6.1276574,3.3470397
104171480,-3.178191,-4.675078,2.4465125
104171489,-2.5926087,-4.1242237,1.7483642
104171499,-2.4201672,-4.023633,1.6477734
104171509,-2.6021888,-3.5362463,2.262096
104171519,-2.6704469,-3.68354,2.450105
104171529,-2.6908045,-4.7277684,2.633324
104171539,-2.4776478,-6.182743,3.1626234
104171549,-2.494413,-7.5347314,3.681145
104171558,-3.3997302,-9.092691,4.684658
104171568,-4.884642,-8.792117,5.6163206
104171578,-6.412665,-7.852072,4.27032
104171588,-6.540798,-7.0904555,3.6188745
104171598,-5.8414526,-6.6892896,2.6225464
104171608,-4.799619,-6.0965223,2.9183314
104171618,-3.5649865,-6.4737377,3.478766
104171627,-2.9602442,-7.442523,3.9469922
104171637,-3.3350646,-7.8808117,3.0620325
104171647,-3.610492,-7.7682457,2.0561242
104171657,-3.6536024,-7.303612,2.4716601
104171667,-3.2500415,-7.3287597,1.7615368
104171677,-2.9650342,-7.785011,1.9267932
104171687,-3.429668,-8.392148,2.0513341
104171696,-4.2763076,-8.780142,2.4968078
104171706,-4.6726832,-8.820857,2.8464806
104171716,-4.3924656,-9.2184305,2.5051904
104171726,-3.4763708,-10.334509,1.8130298
104171736,-3.1159203,-10.902129,2.2585034
104171746,-3.8140686,-9.780063,2.9614418
104171756,-4.9373326,-7.6640625,2.8464806
104171765,-5.7923546,-4.574487,3.0105395
104171775,-5.604346,-2.5087829,2.1016297
104171785,-4.7720766,-2.7303224,1.7639319
104171795,-4.4954515,-4.3289976,2.9913795
104171805,-4.7038183,-6.4557753,3.8535864
104171815,-5.027146,-8.368198,3.3805702
104171825,-5.133724,-9.632769,3.9481897
104171834,-5.3337083,-9.845925,3.937412
104171844,-5.6318884,-9.642348,2.9255164
104171854,-5.6905665,-8.52148,1.9938538
104171864,-5.358856,-6.8772984,1.7591418
104171874,-5.16486,-5.1935997,2.0872595
104171884,-4.792434,-4.106261,2.2776635
104171894,-4.709806,-4.533772,1.9579284
104171903,-4.782854,-5.8175025,3.109933
104171913,-4.846322,-7.7933936,3.7745507
104171923,-4.834347,-9.086704,3.4883459
104171933,-4.942123,-9.248368,3.4608033
104171943,-4.9792457,-9.190887,2.6165588
104171953,-4.4810815,-8.359816,2.0166063
104171963,-3.6392322,-7.6712475,2.574646
104171972,-3.2572265,-8.210127,2.811753
104171982,-4.3026524,-7.03537,3.0033545
104171992,-5.2810183,-4.812792,3.998485
104172002,-5.6462584,-4.605623,4.196074
104172012,-6.277346,-5.357659,3.854784
104172022,-6.3276415,-4.6990285,4.540957
104172032,-6.1049047,-5.18881,4.5912523
104172041,-5.5851855,-6.828201,4.0439906
104172051,-5.1995873,-7.7622585,4.4176135
104172061,-5.210365,-7.6592727,4.6990285
104172071,-5.197192,-5.8318725,4.7038183
104172081,-5.83786,-4.012855,5.405559
104172091,-6.7383876,-2.4489074,5.407954
104172101,-7.470066,-3.38536,5.811515
104172110,-5.8666005,-5.061874,5.003196
104172120,-3.617677,-5.86181,3.1961536
104172130,-3.3230896,-6.484515,2.1758752
104172140,-4.5780797,-7.244934,3.1722033
104172150,-5.3684363,-8.061636,4.9912205
104172160,-4.9133825,-7.2952294,5.696554
104172170,-5.4738173,-6.73719,6.7551527
104172179,-4.253555,-5.6223083,3.1111305
104172189,-4.6331654,-6.100115,3.4967284
104172199,-4.5708947,-6.1587925,3.742218
104172209,-5.210365,-5.909711,4.02962
104172219,-4.756509,-5.407954,3.4164953
104172229,-4.429589,-5.701344,3.3602123
104172239,-4.439169,-6.6892896,3.253634
104172248,-5.82828,-10.551258,-0.9807605
104172258,-0.76760375,-10.035131,7.564669
104172268,-6.622229,-9.048384,9.553733
104172278,-6.8317933,-5.054689,2.311194
104172288,-2.3052063,-3.547024,3.5182836
104172298,-2.4812403,-9.353748,3.5362463
104172308,-4.763694,-15.338902,3.5039136
104172317,-3.6236646,-8.635242,3.1961536
104172327,-9.916578,-2.8524683,-2.2345533
104172337,-4.1373963,6.9263964,-3.497926
104172347,-3.7218604,5.273833,2.7794201
104172357,-5.421127,3.3626075,6.779103
104172367,-7.8053684,-1.8070422,2.3650818
104172377,-5.5049524,-7.0018396,2.339934
104172386,-2.6644592,-9.139395,3.6332445
104172396,-3.7230577,-8.078401,4.333788
104172406,-6.817423,-7.4712634,4.30864
104172416,-7.479646,-6.650969,5.005591
104172426,-6.4426026,-5.7444544,5.5097423
104172436,-6.173163,-5.8414526,5.874983
104172446,-7.010222,-10.241103,13.273198
104172455,-10.96919,-26.856552,4.030818
104172465,-6.9204087,-9.210048,10.292597
104172475,-1.7747095,4.940925,4.331393
104172485,1.23104,6.854546,8.369396
104172495,0.24788453,4.29427,2.9255164
104172505,-1.6980689,2.2800586,4.5792775
104172515,-4.8475194,-3.126698,1.2645704
104172524,-3.3793726,-5.676196,-5.0067883
104172534,-5.9516234,-4.30864,3.133883
104172544,-7.6808276,-3.6571949,0.7759863
104172554,-10.263856,-5.4881873,3.866759
104172564,-8.156239,-5.380411,1.6022681
104172574,-6.963519,-3.7877233,2.1004322
104172584,-6.2090883,-2.374662,5.6881714
104172593,-6.1037073,-2.9937744,4.3685155
104172603,-5.3337083,-3.8559813,4.4176135
104172613,-4.382886,-4.242777,5.7875648
104172623,-3.4991236,-5.4702244,5.060676
104172633,-3.9733374,-6.9994445,3.1578333
104172643,-4.176914,-7.860454,0.46942383
104172652,-3.0596375,-5.889353,-1.6118481
104172662,-3.378175,-5.373226,-2.6369164
104172672,-4.263135,-5.7935524,-1.6872913
104172682,-3.984115,-5.732479,-1.3256433
104172692,-3.5721717,-6.358777,-1.6621436
104172702,-3.1410682,-8.126301,-2.8392956
104172712,-2.066902,-9.674682,-4.235592
104172721,-0.97716796,-11.577524,-6.871311
104172731,-0.67898804,-13.305531,-9.611214
104172741,-0.16046631,-14.338982,-11.706856
104172751,-0.59516233,-15.210769,-10.650652
104172761,-0.7089258,-13.943804,-8.993299
104172771,-0.35925293,-12.401411,-11.266171
104172792,0.039517824,-11.553575,-12.052936
104172802,-0.13651611,-11.306888,-11.587105
104172812,-0.9400452,-11.365565,-10.571616
104172822,-2.088457,-11.1883335,-9.6830635
104172831,-2.7135572,-10.844648,-10.277029
104172841,-2.692002,-9.717792,-10.263856
104172851,-2.242936,-7.284452,-10.007589
104172861,-1.2274475,-4.6331654,-10.2949915
104172871,-0.4897815,-2.8440857,-11.207494
104172881,-0.7316785,-1.2765454,-11.590697
104172891,-1.1639795,-0.027542725,-11.655362
104172900,-1.5388,0.59635985,-11.165581
104172910,-1.9950513,0.38679564,-10.833871
104172920,-2.379452,-0.3796106,-11.150013
104172930,-2.7075696,-1.0562036,-11.898457
104172940,-2.6165588,-1.8501526,-12.591815
104172950,-2.2764661,-2.2249732,-11.599079
104172960,-1.6801062,-2.5459058,-10.905722
104172969,-1.5507752,-2.8788135,-10.572814
104172979,-1.660946,-2.999762,-10.243499
104172989,-1.783092,-2.806963,-9.81958
104172999,-1.9088305,-2.4285498,-10.10818
104173009,-2.0633094,-2.1998255,-10.851833
104173019,-2.9027636,-2.3387365,-10.777588
104173029,-3.1278956,-2.4908204,-10.2387085
104173038,-2.1531227,-1.8142273,-9.911788
104173048,-1.404679,-0.59156984,-8.629255
104173058,-1.0885364,-0.05388794,-8.225695
104173068,-0.81789917,-0.43828857,-9.136999
104173078,-0.7819739,-0.93286014,-9.388476
104173088,-1.5531702,-1.5914905,-8.771759
104173098,-2.692002,-2.4321423,-8.95378
104173107,-2.6512866,-2.010619,-9.930948
104173117,-2.6644592,-0.6143225,-10.724897
104173127,-2.6488917,1.23104,-11.309282
104173137,-3.3877552,2.203418,-12.352313
104173147,-4.6643004,2.5806336,-13.287568
104173157,-5.7193065,1.7938696,-12.840898
104173167,-5.4630394,0.30177248,-11.635005
104173176,-4.1469765,-0.8310718,-9.910591
104173186,-2.9470716,-1.3471985,-8.721463
104173196,-2.591411,-1.6214283,-9.047186
104173206,-2.1339624,-0.6586304,-10.98356
104173216,-2.6069787,1.2298425,-11.8637295
104173226,-3.6416273,1.355581,-9.2256155
104173236,-4.629573,-0.32811767,-9.994416
104173245,-4.493057,-1.3627661,-9.079519
104173255,-2.7854078,-1.7411792,-9.27591
104173265,-2.3566992,-2.0010388,-9.296268
104173275,-2.3974144,-3.4524207,-12.6469
104173285,-2.887196,-4.9014072,-15.67181
104173295,-2.7662475,-5.7348742,-14.259946
104173305,-2.2405407,-6.9192114,-12.721147
104173314,-2.43813,-8.883127,-13.010943
104173324,-2.945874,-11.418256,-11.043435
104173334,-3.4476306,-14.073134,-10.956017
104173344,-3.206931,-16.438217,-14.355747
104173354,-0.9448352,-17.078884,-15.506554
104173364,1.3795313,-15.689773,-14.750925
104173374,3.2476466,-14.703025,-14.908997
104173383,3.3230896,-13.955779,-14.271921
104173393,2.6860144,-12.330758,-12.397819
104173403,1.8585352,-11.067386,-12.846885
104173413,0.41194335,-10.716515,-12.934303
104173423,-0.6730005,-10.174043,-8.978929
104173433,-0.9244775,-9.582473,-9.514215
104173443,-0.3436853,-7.5742493,-9.298663
104173452,-1.1975098,-5.8187,-6.2545934
104173462,-3.2787817,-4.355343,-5.540878
104173472,-4.3852806,-2.086062,-4.054768
104173482,-5.0187635,-0.51971924,-2.5566833
104173492,-5.81391,-0.0011975098,-0.082628176
104173502,-7.1838613,-0.23590942,1.0418335
104173512,-8.365803,-0.429906,2.3902295
104173521,-9.026829,-0.68018556,3.5877392
104173531,-8.763376,-1.0250684,4.0200405
104173541,-7.8867993,-1.0298584,4.00567
104173551,-6.956334,-0.9340576,3.7194653
104173561,-6.0318565,-1.1867322,4.169729
104173571,-5.357659,-1.7339941,4.1781116
104173581,-4.981641,-2.654879,4.261937
104173590,-4.990023,-3.5170863,4.1373963
104173600,-4.9924183,-4.1829014,4.2499623
104173610,-4.940925,-4.4655137,4.2667274
104173620,-4.782854,-4.29427,4.2715173
104173630,-4.7541137,-3.8511915,3.9565723
104173640,-4.557722,-3.4452355,3.6428246
104173650,-4.388873,-3.0740075,3.9589672
104173659,-4.5517344,-3.5937269,3.6883302
104173669,-4.804409,-4.324208,3.993695
104173679,-5.060676,-4.797224,4.325405
104173689,-5.4953723,-4.91937,4.590055
104173699,-5.957611,-4.853507,4.8966174
104173709,-6.3360243,-4.2511597,4.975653
104173719,-6.6497717,-3.505111,4.8163843
104173728,-6.697672,-2.7925928,5.0187635
104173738,-6.891669,-2.4680676,5.139712
104173756,-6.995852,-2.4141798,4.90021
104173766,-7.1826634,-2.6153612,4.7157936
104173776,-7.108418,-2.8165429,4.436774
104173786,-7.0653076,-2.9937744,4.113446
104173795,-6.6354017,-3.307522,4.5529323
104173805,-6.0103016,-3.4895434,4.54934
104173815,-5.195995,-3.4045203,5.003196
104173825,-4.9289503,-3.4524207,5.20797
104173835,-4.6978307,-3.7625756,5.400769
104173845,-4.670288,-3.7996986,5.5528526
104173855,-4.7397437,-3.7074902,5.9276733
104173864,-4.813989,-3.2991395,5.973179
104173874,-4.89542,-3.1745985,5.8761806
104173884,-5.3480787,-3.0273046,6.045029
104173894,-5.774392,-2.982997,6.1348424
104173904,-6.175558,-3.1255004,5.8330703
104173914,-6.342012,-2.7327173,5.8294773
104173924,-6.3468018,-2.6464965,5.591173
104173933,-6.2474084,-2.638114,5.3121533
104173943,-6.2965064,-2.703977,5.2630553
104173953,-6.2737536,-2.767445,5.2570677
104173963,-6.173163,-2.7949877,5.4235215
104173973,-6.187533,-2.8931837,5.6977515
104173983,-6.3348265,-3.0967603,5.691764
104173993,-6.2893214,-2.9650342,5.749244
104174002,-6.0737696,-2.887196,5.6462584
104174012,-5.910908,-2.6153612,5.494175
104174022,-5.7372694,-2.5399182,5.628296
104174032,-5.7312818,-2.6572742,5.7133193
104174042,-5.7911572,-2.8404932,5.733677
104174052,-5.999524,-2.982997,5.7947497
104174062,-6.0474243,-2.6093738,5.6558385
104174071,-6.0713744,-2.4261549,5.586383
104174081,-5.945636,-2.6285338,5.6462584
104174091,-5.6953564,-2.7351122,5.9133034
104174101,-5.676196,-2.9542565,5.9755735
104174111,-5.5193224,-2.863246,5.7947497
104174121,-5.5289025,-2.5806336,5.8809705
104174131,-5.452262,-2.5518932,5.8414526
104174140,-5.4414845,-2.6141639,6.065387
104174150,-5.4271145,-2.8668385,6.1444225
104174160,-5.5636306,-3.2883618,6.114485
104174170,-5.4462743,-3.6476147,6.0330544
104174180,-5.4726195,-3.6775525,6.0079064
104174190,-5.437892,-3.6033068,5.9635987
104174200,-5.381609,-3.3446448,6.077362
104174209,-5.4438796,-3.1734009,6.045029
104174219,-5.494175,-3.0907726,6.1420274
104174229,-9.081914,-2.010619,-6.9671116
104174239,-7.8317137,-3.8775365,3.617677
104174249,1.7315991,-2.76984,6.8892736
104174259,1.775907,-3.2213013,6.3360243
104174269,-3.1135254,-3.5087037,6.604266
104174278,-6.7036595,-3.1326857,6.925199
104174288,-12.784615,-3.2919543,5.2343154
104174298,-6.8964586,-3.6895275,6.561156
104174308,-3.1135254,-4.28948,6.8246083
104174318,-2.5327332,-4.8163843,6.5683413
104174328,-3.8440063,-4.439169,6.357579
104174338,-4.7624965,-3.561394,6.260581
104174347,-4.6319675,-2.9183314,6.0809546
104174357,-4.1385937,-2.4333398,6.253396
104174367,-3.913462,-2.4393275,6.3048887
104174377,-3.9589672,-2.9446764,6.364764
104174387,-3.9410048,-3.297942,6.4569726
