9223702,-5.0894165,-4.536167,4.822372
9223712,-5.0403185,-4.7624965,4.7062135
9223722,-5.20797,-4.8547044,4.685856
9223820,-5.6654186,-5.572013,4.639153
9223830,-5.6785913,-5.6749988,4.6619053
9223840,-5.583988,-5.654641,4.502637
9223850,-5.645061,-5.5708156,4.429589
9223860,-5.53489,-5.2582655,4.149371
9223869,-5.4319043,-5.2019825,4.1876917
9223879,-5.413942,-5.1121693,4.093088
9223889,-5.4486694,-5.0307384,4.059558
9223899,-5.605543,-5.0726514,3.8883142
9223909,-5.4881873,-5.0822315,3.859574
9223919,-5.579198,-5.2798204,4.325405
9223929,-5.3313136,-5.8342676,4.548142
9223939,-5.483397,-6.1528053,4.59245
9223948,-5.579198,-5.980364,4.5205994
9223958,-5.548063,-5.395979,4.333788
9223968,-5.259463,-4.7672863,4.052373
9223978,-5.036726,-4.4571314,3.6583924
9223988,-4.851112,-4.242777,3.5853443
9223998,-4.7888417,-4.3206153,3.5075061
9224008,-4.7349534,-4.301455,3.4751732
9224017,-4.89063,-4.2571473,3.4404457
9224027,-5.004393,-4.2248144,3.1817834
9224037,-5.107379,-4.1948767,2.938689
9224047,-4.973258,-4.1589513,2.2369483
9224057,-4.653523,-4.0954833,1.9064355
9224067,-4.61161,-4.169729,1.4465919
9224077,-4.484674,-4.4475513,1.583108
9224086,-4.501439,-5.2798204,1.9064355
9224096,-4.9481106,-6.1228676,2.0657043
9224106,-5.2007847,-6.8329906,1.7890795
9224116,-5.413942,-7.428153,1.526825
9224126,-5.356461,-7.9203296,1.0933264
9224136,-4.8547044,-8.177794,0.59156984
9224146,-4.5134144,-8.57896,0.4071533
9224155,-4.4786863,-8.714278,0.069455564
9224165,-4.4906616,-8.704699,-0.0981958
9224175,-4.6032276,-9.188493,-0.39517823
9224185,-5.0403185,-9.55972,-0.4394861
9224195,-5.181625,-9.945318,-0.6143225
9224205,-5.1061816,-10.297386,-1.3376184
9224215,-4.988826,-10.212363,-1.6681311
9224224,-4.91937,-9.78605,-1.778302
9224234,-5.109774,-9.599238,-2.1327648
9224244,-4.9780483,-9.471105,-2.4081922
9224254,-4.9529004,-9.768087,-2.3974144
9224264,-4.831952,-10.352472,-2.2489233
9224274,-4.9133825,-10.906919,-1.7914746
9224284,-4.7816563,-10.708133,-2.1207898
9224294,-4.6032276,-9.924961,-3.2775843
9224303,-5.085824,-9.097482,-3.8511915
9224313,-5.8737855,-9.142987,-3.0249097
9224323,-5.894143,-9.703422,-2.3698719
9224333,-5.149292,-9.850716,-2.1004322
9224343,-4.780459,-9.970467,-0.8741821
9224353,-4.245172,-9.81479,-0.010777588
9224363,-3.9805224,-9.55972,0.7472461
9224372,-3.7458105,-9.886641,-1.0909314
9224382,-4.070336,-10.490186,-3.190166
9224392,-4.4715014,-10.772798,-1.5531702
9224402,-4.423601,-10.815908,-3.0476623
9224412,-5.1600695,-8.798104,-3.0883777
9224422,-5.613926,-6.6892896,-3.9601648
9224432,-4.926555,-5.0019984,-3.1722033
9224441,-4.479884,-4.4978466,0.04790039
9224451,-4.350553,-7.4461155,-2.7830126
9224461,-7.8939843,-10.605146,-2.6488917
9224471,-12.769047,-12.736713,1.5890955
9224481,-9.416019,-10.256671,-2.6488917
9224491,-5.4091516,-5.0894165,-5.5756054
9224501,-4.4655137,-1.155597,-4.2487645
9224510,-4.287085,-0.081430666,-4.484674
9224520,-4.836742,-2.166295,-2.4022045
9224530,-5.9612036,-8.594527,2.8536658
9224540,-5.1935997,-12.7918,0.6047424
9224550,-5.7947497,-10.5057535,0.99992067
9224560,-5.891748,-6.822213,-0.2945874
9224570,-6.460565,-6.1516075,-0.9735754
9224580,-6.3611717,-9.860295,1.1891272
9224589,-5.6570363,-13.808485,1.6908838
9224599,-3.4069152,-12.30082,1.3843213
9224609,-4.2152343,-10.397977,0.11256592
9224619,-5.20318,-7.884404,3.4524207
9224629,-3.5374439,-4.8822474,0.5448669
9224639,-3.737428,-2.0597167,-1.7914746
9224649,-5.742059,-5.419929,1.4861096
9224658,-7.5287437,-8.02571,6.382727
9224668,-5.454657,-5.931266,3.1398706
9224678,-2.6776319,-6.0342517,6.8018556
9224688,-3.3182995,-8.713081,6.1300526
9224698,-4.4882665,-8.6136875,4.1397915
9224708,-4.91937,-9.182505,1.1268567
9224718,-4.8738647,-8.305927,2.1483326
9224727,-6.6797094,-6.0390415,2.1267774
9224737,-3.1530433,1.6322058,3.1841784
9224747,-2.325564,1.5328125,3.109933
9224766,-3.6452198,-3.4260755,2.086062
9224775,-2.6057813,-5.7312818,7.021
9224785,-3.3350646,-7.834109,9.898616
9224795,-5.149292,-6.119275,9.073531
9224805,-5.83786,-0.10538086,8.255632
9224815,-4.4259963,0.49696654,6.2869263
9224825,-3.8428087,-0.9699829,6.394702
9224835,-4.223617,-3.5314562,6.1468177
9224844,-4.2248144,-3.2296839,5.684579
9224854,-3.1243029,-3.6164794,4.7888417
9224864,-6.7120423,-7.811356,3.9553747
9224874,-6.4246397,-9.380094,2.1998255
9224884,-7.828121,-5.757627,-3.1602283
9224894,-6.70845,-1.0118958,1.9818786
9224904,-13.007351,-2.0094213,1.2813355
9224914,-4.9385304,6.058202,-2.638114
9224923,-1.7890795,5.1876125,-3.0033545
9224933,-1.8812878,-1.2861255,1.5651453
9224943,-1.8944604,-8.55501,7.5191636
9224953,-2.1435425,-13.40253,10.087822
9224963,-4.2092466,-12.173884,13.83004
9224973,7.2413416,-1.9579284,-5.6270986
9224983,-6.524033,-10.581196,1.9208057
9224992,-8.192164,-19.752924,6.9850745
9225002,1.9315833,-9.608818,-3.2620165
9225012,-4.1242237,-12.102034,2.3052063
9225022,-0.183219,-13.523478,-2.7051744
9225032,-0.24189697,-8.181387,-7.331155
9225042,-3.5805542,-6.859336,-3.7003052
9225052,-0.6550378,-6.852151,-7.474856
9225061,-3.2524366,-8.649613,-8.358618
9225071,-5.1037865,-12.194242,-4.790039
9225081,-4.477489,-10.259067,-5.6270986
9225091,-4.3757005,-7.1599107,-8.278385
9225101,-2.9099488,-5.2977834,-9.792037
9225111,-4.103866,-5.2750306,-10.036329
9225121,-3.5841467,-5.748047,-9.645941
9225130,-4.3134303,-8.205337,-10.971584
9225140,-5.356461,-9.792037,-8.899893
9225150,-5.5708156,-11.384726,-6.927594
9225160,-5.8246875,-13.172607,-4.333788
9225170,-5.7660093,-16.64898,-1.9232007
9225180,-4.3050475,-19.988832,-4.748126
9225190,-1.7304016,-18.936222,-7.2736745
9225203,-0.3197351,-14.786851,-8.313113
9225213,-1.6250207,-9.299861,-7.7610607
9225223,-3.0668225,-4.7038183,-5.47741
9225232,-4.6966333,-2.017804,-3.5961218
9225242,-6.197113,-1.4813195,-5.0846267
9225252,-5.5600376,-2.7794201,-7.332352
9225262,-4.5217967,-6.631809,-7.8233314
9225272,-3.6524048,-9.612411,-6.4402075
9225282,-3.1542406,-10.860216,-4.883445
9225292,-3.8140686,-10.777588,-3.7841308
9225302,-2.9051588,-7.247329,-3.0859826
9225311,-2.7135572,-5.015171,-5.5073476
9225321,-4.5696974,-4.7553115,-2.0752845
9225331,-6.228248,-7.538324,1.3519886
9225341,-5.8019347,-10.12734,1.6238233
9225351,-4.2822948,-11.0266695,0.47181883
9225361,-2.9243188,-9.017248,-1.3915063
9225371,-2.618954,-5.508545,-3.7086878
9225380,-2.7255323,-3.2308815,-4.196074
9225390,-3.075205,-2.5207582,-4.550537
9225400,-3.3638048,-3.0692174,-5.5935683
9225410,-3.3111145,-4.7792616,-5.894143
9225420,-3.3398547,-6.149213,-5.146897
9225430,-3.4452355,-6.5156507,-4.89542
9225440,-3.5841467,-6.764733,-7.547904
9225449,-3.9158568,-6.212681,-8.480764
9225459,-5.254673,-5.9192905,-11.338022
9225469,-7.5023985,-6.1132874,-13.7055
9225479,-8.959768,-6.194718,-17.051342
9225489,-8.182584,-4.390071,-16.6382
9225501,-7.538324,-5.0019984,-16.791481
9225511,-6.492898,-7.026987,-15.817906
9225521,-5.716912,-9.55972,-14.087505
9225531,-5.051096,-9.772877,-10.2315235
9225541,-4.9720607,-8.046068,-8.865165
9225550,-4.5062294,-5.318141,-7.179071
9225560,-3.0943651,-3.0213172,-11.868519
9225570,-3.9577699,-1.5914905,-13.712685
9225580,-4.439169,-1.8118323,-12.5319395
9225590,-4.912185,-3.0728102,-10.572814
9225600,-4.940925,-6.1623855,-3.3003368
9225610,-4.206852,-10.671009,1.5890955
9225619,-2.6692493,-12.273277,6.065387
9225629,-0.21315674,-10.480605,1.1747571
9225639,-0.7544311,-7.8568616,1.7411792
9225649,-2.5483007,-4.8738647,1.7627344
9225659,-4.8870373,-2.6572742,0.44906616
9225669,-5.9228835,-2.13037,-1.1484119
9225679,-5.722899,-3.248844,-3.2596216
9225688,-4.7038183,-4.55892,-4.740941
9225698,-3.8919067,-6.1228676,-6.526428
9225708,-3.0105395,-6.812633,-5.877378
9225718,-3.248844,-6.41506,-6.1887302
9225728,-3.6536024,-6.218668,-7.538324
9225738,-5.125342,-6.009104,-8.629255
9225748,-7.150331,-4.3385777,-10.657837
9225757,-8.080796,-3.8392162,-14.908997
9225767,-8.520282,-6.030659,-17.171093
9225777,-6.6701293,-6.6725245,-16.960331
9225787,-5.8294773,-7.884404,-16.592695
9225797,-5.868995,-9.651929,-15.150893
9225807,-6.124065,-10.536888,-12.578643
9225817,-5.436694,-9.060359,-10.300979
9225826,-4.528982,-6.2725563,-9.51182
9225836,-3.253634,-4.140989,-5.2163525
9225846,-1.8106347,-3.8356237,-14.4240055
9225856,-4.150569,-3.8236487,-13.365406
9225866,-3.9433997,-4.4080334,-12.046948
9225879,-5.469027,-6.109695,-4.693041
9225889,-5.53489,-9.18011,3.1913636
9225898,-4.4427614,-12.284055,7.266489
9225908,-0.86579955,-11.6374,2.8357031
9225918,-0.54366946,-9.508227,0.022752685
9225928,-1.9172131,-5.484595,1.3603711
9225938,-4.3768983,-2.5962012,-1.3088782
9225948,-6.189928,-2.3674767,-2.5423133
9225958,-5.9276733,-4.3074427,-3.4895434
9225968,-4.5397596,-5.9564137,-4.907395
9225977,-3.3135095,-7.303612,-5.429509
9225987,-2.3159838,-7.042555,-4.397256
9225997,-2.699187,-6.0222764,-6.6413894
9226007,-4.179309,-6.4797254,-8.443642
9226017,-5.7923546,-6.8042507,-8.656798
9226027,-7.6868153,-5.653444,-8.950188
9226037,-7.933502,-5.316943,-11.037448
9226046,-7.9430823,-6.9587293,-13.917459
9226056,-7.476053,-8.238867,-11.745175
9226066,-5.863008,-9.592053,-9.54535
9226076,-5.5456676,-9.920171,-8.964558
9226086,-6.349197,-9.326206,-8.485554
9226096,-7.223379,-8.084389,-7.841294
9226106,-6.292914,-6.758745,-6.1671753
9226115,-4.6654983,-6.2869263,-4.6834607
9226125,-4.2080493,-6.1348424,-3.9014869
9226135,-4.9672704,-5.318141,-3.2033386
9226145,-5.8342676,-4.988826,-3.0883777
9226155,-6.587501,-4.7888417,-2.227368
9226167,-6.446195,-5.9911413,-2.0082238
9226177,-6.065387,-7.237749,-1.3400134
9226187,-5.661826,-7.587422,-0.5221143
9226197,-5.1612673,-7.3922276,-0.6262976
9226206,-5.351671,-6.815028,-1.0310559
9226216,-5.9192905,-6.514453,-1.3735437
9226226,-6.0809546,-6.5863037,-1.6836988
9226236,-6.0246716,-6.7779055,-1.5843054
9226246,-5.9695864,-7.933502,-0.93286014
9226256,-5.3313136,-9.147778,-1.1005114
9226266,-5.469027,-9.883048,-1.6669335
9226275,-6.4186525,-9.563313,-2.381847
9226285,-5.8953404,-7.66526,-0.9855505
9226295,-5.3289185,-7.3850427,0.32452515
9226305,-4.925358,-8.327483,1.4106665
9226315,-3.6428246,-9.698631,2.0285816
9226325,-3.3769774,-11.535611,0.5771997
9226335,-7.076085,-12.898377,-1.8429675
9226345,-6.6653395,-9.486672,-2.1100123
9226354,-5.924081,-7.4712634,-0.4287085
9226364,-6.6821046,-9.038804,1.6405884
9226374,-5.9444385,-9.998009,3.38536
9226384,-4.126619,-9.812395,4.3757005
9226394,-2.9662316,-6.1528053,5.0019984
9226404,-3.2572265,-2.4045997,5.2726355
9226414,-3.8428087,-2.7291248,6.2102857
9226423,-3.5194812,-1.0250684,5.0355287
9226433,-2.945874,2.6405091,4.030818
9226443,-3.5410364,2.147135,3.7577856
9226453,-4.4104285,-1.2346326,4.416416
9226463,-5.24629,-4.5301795,5.8785753
9226473,-4.9936156,-6.9898643,6.837781
9226483,-5.5301,-8.6077,7.218589
9226492,-6.373147,-8.184979,6.2162733
9226502,-5.024751,-6.3695545,4.8918276
9226512,-5.5456676,-4.6714854,4.5002418
9226522,-5.0331335,-2.650089,4.0116577
9226532,-5.3708315,-3.4021254,2.7399023
9226542,-5.964796,-5.071454,3.8978944
9226552,-6.5623536,-8.570578,2.6584716
9226561,-5.363646,-7.947872,2.2046156
9226571,-4.987628,-6.9599266,2.8177404
9226581,-6.788683,-6.0390415,3.666775
9226591,-6.490503,-3.9398072,3.805686
9226601,-4.724176,-3.0320947,2.689607
9226611,-5.8091197,-3.690725,2.342329
9226621,-4.6415477,-3.9314246,2.6129663
9226631,-4.484674,-4.733756,3.7673657
9226640,-3.5841467,-4.3445654,4.326603
9226650,-3.2452514,-2.8357031,3.8715491
9226660,-2.4980054,-0.48618898,4.580475
9226670,-2.4908204,-0.10298584,4.0978785
9226680,-2.5207582,-3.5314562,2.3722668
9226690,-3.410508,-8.4520235,6.836583
9226700,3.439248,-7.350315,-6.094127
9226709,-2.9961693,-9.899814,-0.13651611
9226719,-8.570578,-17.727934,6.342012
9226729,-6.2521987,-14.784455,5.854625
9226739,-3.0524523,-10.613529,6.8186207
9226749,-1.6693286,-8.092771,4.4954515
9226759,-0.4538562,-4.2595425,-0.5628296
9226769,-6.8677187,-9.436377,3.8990917
9226778,-5.8151073,-8.443642,1.3579761
9226788,-2.264491,-6.531218,-2.8081603
9226798,-2.4764502,-6.412665,-5.749244
9226808,-4.4643164,-9.868678,-2.626139
9226818,-4.7469287,-12.027788,-3.3494349
9226828,-4.9840355,-10.376422,-4.8942223
9226838,-5.070256,-8.783734,-5.9420433
9226848,-4.925358,-9.1693325,-1.1148816
9226857,-5.5456676,-9.697434,-4.1194334
9226867,-3.979325,-5.6582336,-4.0104604
9226877,-4.212839,-5.295388,-6.101312
9226887,-6.3060865,-7.408993,-4.4990444
9226897,-7.980205,-9.746532,-3.6308496
9226907,-7.477251,-10.124945,-2.6045837
9226917,-6.0318565,-9.892628,-2.2046156
9226926,-4.8570995,-9.557325,-3.0799952
9226936,-4.8594947,-8.995693,-4.479884
9226952,-4.7038183,-8.267608,-4.2954674
9226962,-5.1217494,-7.8149486,-2.7937903
9226972,-5.4187317,-7.0317774,-0.79514647
9226982,-5.0570836,-6.676117,-1.5998731
9226992,-4.3541455,-6.045029,-2.4489074
9227001,-3.7015028,-6.09293,-2.4225624
9227011,-3.2045362,-6.6090565,-1.4298266
9227021,-2.227368,-7.303612,-2.4297473
9227031,-2.2417383,-8.968151,-4.590055
9227041,-3.4548156,-10.17045,-4.3948607
9227051,-4.2487645,-10.433903,-4.472699
9227061,-4.3768983,-10.188413,-5.618716
9227071,-3.9002893,-7.594607,-5.0283437
9227080,-6.1204724,-8.174202,-5.078639
9227090,-6.133645,-9.067544,-6.1156826
9227100,-4.012855,-7.4461155,-8.226892
9227110,-4.533772,-5.9133034,-6.037844
9227120,-4.6499305,-5.413942,-3.1374755
9227130,-3.4356556,-6.3863196,-3.114723
9227140,-3.1123278,-8.529862,-6.0965223
9227149,-4.918173,-10.328522,-5.825885
9227159,-6.468948,-10.672207,-4.235592
9227169,-5.950426,-9.861493,-1.9854712
9227179,-4.3289976,-8.181387,-2.7327173
9227189,-3.6895275,-5.5444703,-3.3015344
9227199,-3.060835,-3.2955468,-6.666537
9227209,-4.167334,-2.4165747,-9.206455
9227218,-5.967191,-2.7566674,-5.762417
9227228,-7.4054003,-7.460486,-3.9242394
9227238,-8.880733,-14.468313,-6.2737536
9227248,-8.131091,-17.294436,-8.2712
9227258,-6.0761647,-14.226416,-10.779983
9227268,-5.0115786,-7.0748878,-10.7237
9227278,-2.6764343,-0.27782226,-9.381291
9227287,-0.8562195,1.7112415,-9.863888
9227297,-2.618954,-1.2011023,-8.635242
9227307,-4.987628,-6.213878,-5.290598
9227317,-6.7994604,-9.205257,-4.997208
9227327,-6.3911095,-8.5083065,-5.9528213
9227337,-5.581593,-7.1311707,-6.0198817
9227347,-2.6057813,-7.5191636,-10.516531
9227356,-3.1626234,-2.8452833,-8.382568
9227366,-4.931345,-1.6106507,-6.2031007
9227376,-6.955137,-3.634442,-4.819977
9227386,-7.6712475,-5.484595,-4.0655456
9227396,-6.321654,-6.5851064,-4.087101
9227406,-5.1145644,-6.7120423,-4.445156
9227416,-4.5146117,-5.576803,-5.029541
9227426,-5.045109,-5.0977993,-6.852151
9227435,-6.1552,-5.344486,-8.434061
9227445,-6.043832,-5.4319043,-8.28557
9227455,-4.8966174,-5.591173,-7.9227247
9227465,-3.9913,-5.5995555,-7.6484947
9227475,-3.3422499,-5.684579,-7.4497085
9227485,-3.354225,-5.6905665,-6.525231
9227495,-3.6284547,-5.391189,-7.9837976
9227504,-4.4008484,-4.997208,-7.191046
9227514,-5.0870214,-6.339617,-5.6091356
9227524,-4.508624,-7.860454,-7.2437367
9227534,-3.918252,-8.623268,-7.6856174
9227544,-3.5170863,-8.841214,-6.7455726
9227554,-3.0620325,-8.297545,-6.695277
9227567,-2.5758436,-7.38145,-7.946675
9227577,-2.6417065,-6.5360084,-8.865165
9227587,-3.2955468,-6.441405,-8.867559
9227597,-3.251239,-7.169491,-9.566906
9227606,-3.1302905,-8.370593,-9.455537
9227616,-3.0787976,-9.20406,-8.465197
9227626,-2.8680358,-9.091495,-8.349038
9227636,-2.618954,-7.589817,-8.202942
9227646,-3.145858,-5.918093,-6.77072
9227656,-3.4141004,-3.838019,-5.8438478
9227666,-4.2319994,-2.5926087,-4.667893
9227675,-4.5038342,-2.8524683,-6.1911254
9227685,-4.763694,-4.388873,-5.247488
9227695,-5.290598,-6.187533,-1.966311
9227705,-2.8404932,-5.7133193,-10.842254
9227715,-5.1924024,-5.6666164,-11.520044
9227725,-5.661826,-5.1373167,-7.322772
9227735,-5.581593,-5.0942063,-7.188651
9227745,-5.2702403,-6.1372375,-8.20414
9227754,-5.1924024,-6.5922914,-6.2330384
9227764,-5.0283437,-6.2318406,-6.8401756
9227774,-5.070256,-5.867798,-6.285729
9227784,-4.491859,-5.5384827,-3.265609
9227794,-3.742218,-5.4319043,-7.4077954
9227804,-4.5936475,-5.4510646,-8.244855
9227814,-4.5864625,-5.17444,-4.6738806
9227823,-5.764812,-5.879773,-6.3599744
9227833,-6.251001,-7.139553,-4.8870373
9227843,-5.6749988,-7.5227566,-5.7384667
9227853,-5.3612514,-6.5276256,-6.084547
9227863,-5.118157,-5.8270826,-6.9874697
9227873,-5.2510805,-5.367239,-8.260423
9227883,-5.742059,-5.9073157,-8.302335
9227892,-5.9851537,-6.9024463,-8.780142
9227902,-6.871311,-7.3275623,-7.6963954
9227912,-5.046306,-6.0965223,-8.926238
9227922,-5.415139,-6.539601,-14.576089
9227932,-5.322931,-7.8951817,-7.0509377
9227942,-5.788762,-7.2640944,-7.380253
9227952,-4.8547044,-6.508466,-8.462802
9227961,-4.3062453,-5.8833656,-8.680748
9227971,-4.367318,-5.254673,-8.830437
9227981,-4.8008165,-4.6271777,-9.166937
9227991,-5.51573,-4.9109874,-9.205257
9228001,-6.0617943,-6.004314,-8.691525
9228011,-6.1468177,-6.7551527,-7.0557275
9228021,-5.611531,-6.70845,-5.3504734
9228030,-4.9014072,-6.9024463,-6.0031166
9228040,-5.027146,-6.910829,-6.916816
9228050,-4.998406,-6.2521987,-7.259304
9228060,-5.407954,-5.283413,-9.411229
9228070,-5.710924,-3.4703834,-9.254355
9228080,-5.140909,-3.7996986,-5.9073157
9228090,-5.740862,-7.0257897,-6.7407823
9228099,-5.2977834,-7.599397,-5.660629
9228109,-5.132527,-7.474856,-6.4917006
9228119,-5.0846267,-7.4149804,-7.453301
9228129,-5.053491,-7.317982,-7.3072047
9228139,-4.90979,-5.8402553,-8.014933
9228149,-5.1109715,-3.8775365,-5.623506
9228159,-4.8666797,-4.0116577,-5.9707837
9228169,-4.340973,-5.483397,-5.393584
9228178,-4.2810974,-6.815028,-4.5397596
9228188,-4.4176135,-6.908434,-4.8032117
9228198,-4.812792,-6.3994923,-4.7744713
9228208,-4.773274,-6.2318406,-5.6749988
9228218,-4.61161,-6.7551527,-5.5193224
9228228,-4.4834766,-7.5251513,-5.588778
9228238,-4.0655456,-7.452103,-5.830675
9228247,-3.6607873,-6.7288074,-6.4881077
9228257,-3.3506324,-5.684579,-6.342012
9228267,-2.9207263,-5.6079383,-6.894064
9228277,-2.74589,-6.270161,-6.7132397
9228287,-2.6860144,-7.066505,-6.5791187
9228297,-2.5494983,-7.5850267,-6.6868944
9228307,-2.5782385,-7.3682775,-6.940767
9228316,-2.7662475,-7.067703,-7.308402
9228326,-3.0009594,-6.8246083,-7.443721
9228336,-3.439248,-6.8952613,-7.026987
9228346,-3.7386255,-7.4293504,-6.8880763
9228356,-4.0667434,-8.122708,-6.41985
9228366,-4.0811133,-7.65089,-5.2067723
9228376,-4.0835085,-6.9623218,-4.4978466
9228386,-4.2008643,-6.829398,-4.3457627
9228395,-4.6199927,-6.9599266,-3.0979578
9228405,-4.6271777,-7.028185,-4.6822634
9228415,-4.6259804,-5.891748,-4.2799
9228425,-4.846322,-5.701344,-5.708529
9228435,-5.918093,-6.262976,-6.1911254
9228445,-6.46775,-7.117998,-6.507268
9228455,-7.4784484,-7.5862246,-8.013736
9228464,-7.771838,-7.5203614,-7.6640625
9228474,-6.9994445,-7.9035645,-6.5623536
9228484,-6.468948,-8.031698,-4.531377
9228494,-6.09293,-8.675959,-3.0931678
9228504,-6.1420274,-9.216035,-2.5973988
9228514,-7.04974,-8.806487,-3.2428565
9228524,-7.923922,-7.298822,-3.6799476
9228533,-6.829398,-5.3612514,-4.3852806
9228543,-6.082152,-4.3469605,-5.3289185
9228553,-6.690487,-4.2080493,-4.731361
9228563,-6.910829,-4.4200087,-3.6751575
9228573,-6.8018556,-5.1624646,-2.5423133
9228583,-6.3539867,-6.827003,-1.6417859
9228593,-5.9707837,-8.301138,-1.043031
9228602,-5.7636147,-8.956176,-0.76760375
9228612,-5.726492,-9.461525,-0.7975415
9228622,-5.9037232,-9.996812,-1.5723304
9228632,-6.062992,-9.200467,-1.4106665
9228642,-5.374424,-7.9287124,-1.3268409
9228652,-5.139712,-7.164701,-1.1831397
9228662,-5.2726355,-6.894064,-0.7232959
9228672,-5.410349,-7.03058,-0.23111938
9228681,-5.429509,-7.425758,0.43349853
9228691,-5.373226,-7.850874,1.7938696
9228701,-5.498965,-8.968151,2.1483326
9228711,-5.1876125,-9.630374,1.4465919
9228721,-4.9505053,-10.211165,0.31734008
9228731,-4.2080493,-8.964558,0.082628176
9228741,-4.140989,-8.988508,0.21555176
9228750,-6.028264,-12.036171,1.404679
9228760,-7.379055,-10.818303,2.0213964
9228770,-4.0954833,-7.3910303,0.7747888
9228780,-4.1589513,-5.7444544,1.1268567
9228790,-4.580475,-4.3685155,2.6405091
9228800,-5.445077,-6.1252623,3.676355
9228810,-3.5697765,-7.1191955,5.367239
9228819,-3.3578174,-6.654562,4.773274
9228829,-3.6045043,-5.572013,5.334906
9228839,-3.1374755,-3.8919067,5.118157
9228849,-4.2643323,-4.416416,5.6797886
9228859,-4.4475513,-3.478766,5.1768346
9228869,-4.7960267,-2.4932153,4.7888417
9228879,-4.905,-2.4692652,4.834347
9228889,-5.457052,-2.7159522,4.8259645
9228898,-5.144502,-4.836742,4.155359
9228908,-5.9288707,-7.723938,5.191205
9228918,-6.412665,-7.2149963,5.5145326
9228928,-5.2283278,-4.6319675,4.3230104
9228938,-5.5875807,-4.8247666,4.5780797
9228960,-6.4593678,-3.97693,4.436774
9228970,-6.619834,-2.8524683,2.8740234
9228980,-7.3634877,-2.696792,1.9172131
9228989,-7.9251194,-3.359015,1.0514135
9228999,-6.70845,-5.310956,0.17363891
9229009,-6.7108445,-7.4688683,2.8045678
9229019,-6.643784,-8.965755,4.780459
9229029,-5.6019506,-7.508386,5.7528367
9229039,-5.327721,-6.6413894,5.7276893
9229049,-4.848717,-4.982838,4.5912523
9229059,-4.352948,-4.1242237,2.2237756
9229068,-4.8726673,-4.0906935,0.38679564
9229078,-5.5684204,-4.2343946,0.91489744
9229088,-4.749324,-2.7961853,1.5004797
9229098,-3.7458105,-2.7171497,4.493057
9229108,-3.4560132,-3.0596375,5.116959
9229118,-3.2668066,-1.4130615,4.7792616
9229128,-3.117118,-2.0309765,2.8165429
9229137,-4.228407,-5.085824,5.252278
9229147,-1.8262024,-8.438851,3.0201197
9229157,-0.5891748,-6.2354336,-1.0945239
9229167,-5.661826,-9.278306,5.4977674
9229177,-6.690487,-12.90676,3.942202
9229187,-3.4164953,-10.251881,4.5684996
9229197,-2.7925928,-9.229208,4.2715173
9229206,-0.55803955,-5.5289025,1.6118481
9229216,-4.695436,-3.8164637,-0.5125342
9229226,-6.199508,-5.757627,0.55324954
9229236,-1.5843054,-7.259304,-3.98172
9229246,-3.305127,-8.438851,-6.338419
9229256,-5.210365,-13.492343,-5.2894006
9229266,-4.7840514,-15.572417,-1.6908838
9229276,-3.812871,-11.735596,-3.7925134
9229285,0.6119275,-5.5384827,-9.923763
9229295,-2.518363,-9.243578,-7.0389624
9229305,-3.561394,-12.7007885,-5.0355287
9229315,-3.8679566,-14.525793,-2.523153
9229325,-4.399651,-15.386803,-2.2585034
9229335,-3.9853125,-14.650334,-2.6273365
9229345,-3.1015503,-12.163107,-3.458408
9229354,-2.2824535,-9.677076,-3.5769618
9229364,-2.511178,-8.2712,-3.9481897
9229374,-3.7098854,-6.561156,-4.4008484
9229384,-4.798422,-5.3337083,-5.388794
9229394,-4.860692,-5.4067564,-5.933661
9229404,-4.7864466,-6.638994,-4.893025
9229414,-4.8032117,-8.302335,-3.6200721
9229427,-4.336183,-8.970546,-3.4129028
9229437,-4.038003,-8.794512,-4.736151
9229447,-2.9674292,-7.5047936,-8.1071415
9229457,-4.2978625,-8.076006,-6.4006896
9229466,-7.4616833,-8.400531,0.74006104
9229476,-5.1995873,-7.397018,2.7949877
9229486,-0.8202942,-8.514295,-1.9375708
9229496,-0.3556604,-11.470946,-3.3949401
9229506,-2.579436,-13.026511,-0.7688013
9229516,-7.3215747,-12.961845,-0.5376819
9229526,-9.923763,-12.046948,-3.2763867
9229536,-7.8784165,-10.201586,-3.3003368
9229545,-5.154082,-9.022038,-2.567461
9229555,-4.517007,-8.9022875,-1.9782861
9229565,-5.653444,-9.1621475,-0.94962525
9229575,-7.08327,-8.909472,-0.88735473
9229585,-5.6749988,-6.4354177,1.2525952
9229595,-3.6080968,-4.988826,1.0190808
9229605,-4.7720766,-5.6642213,1.9088305
9229614,-4.8822474,-6.079757,2.5734484
9229624,-5.3504734,-6.873706,1.712439
9229634,-5.654641,-8.410111,1.9603235
9229644,-5.278623,-10.172846,0.86100954
9229654,-4.766089,-10.408755,-0.13891113
9229664,-5.4414845,-10.044712,-0.38919067
9229674,-6.14083,-8.338261,0.13891113
9229684,-4.687053,-7.9119473,0.7484436
9229693,-5.0966015,-8.210127,1.8082397
9229703,-4.518204,-8.401729,2.015409
9229713,-3.9733374,-7.707173,1.8645227
9229723,-4.155359,-5.891748,2.0142114
9229733,-6.3048887,-5.915698,0.21315674
9229743,-6.6497717,-10.021959,2.032174
9229753,-0.7041357,-11.099718,2.76505
9229762,-4.8355446,-6.575526,3.530259
9229772,-4.1541615,-2.0166063,3.0033545
9229782,-1.6094531,-2.0680993,4.843927
9229792,-4.199667,-3.2404613,5.5636306
9229802,-4.1002736,-1.3160633,5.8294773
9229812,-4.58287,-1.1639795,5.7540345
9229822,-4.5301795,-3.2009437,5.0846267
9229831,-3.9386096,-2.2010229,5.078639
9229841,-4.8020144,-4.91937,5.20318
9229851,-4.8990126,-6.74677,7.2640944
9229861,-3.7458105,-6.9850745,7.820936
9229871,-3.309917,-5.8582177,6.6258216
9229881,-3.7122803,-6.171965,6.1324477
9229891,-5.757627,-7.9275146,5.254673
9229901,-8.0017605,-6.3551846,1.3340259
9229910,-5.2283278,1.1232642,-0.80233157
9229920,-3.4631982,-0.3939807,-0.25506958
9229930,-5.4893847,-4.62119,-0.11376343
9229940,-9.874665,-8.167017,1.1352392
9229950,-11.128458,-7.443721,4.8080015
9229960,-5.604346,-5.6749988,3.5889368
9229970,-2.4884253,-0.33889526,7.6377172
9229979,0.9915381,-4.428391,-12.254117
9229989,-7.7275305,-2.738705,4.477489
9229999,-4.9864306,-1.7304016,2.997367
9230009,-4.4499464,-1.1208692,3.368595
9230019,-1.7220191,-5.0415163,4.7325587
9230029,-2.337539,-11.047028,8.308323
9230039,2.6285338,-8.046068,1.1412268
9230048,-3.432063,-11.706856,0.99752563
9230058,-10.548863,-16.116087,3.627257
9230068,0.07903565,-5.4702244,-2.8512707
9230078,-6.478528,-14.601236,-3.8978944
9230088,-5.4043617,-13.898298,1.0047107
9230098,0.05149292,-7.284452,-7.1539235
9230108,-2.955454,-11.770324,-7.0724926
9230118,-5.0103807,-16.403488,-5.1037865
9230127,-3.885919,-15.834672,-3.5458264
9230137,-3.1003528,-10.596764,-5.867798
9230147,-3.133883,-6.270161,-6.890471
9230157,-3.1243029,-4.4475513,-8.911868
9230167,-3.7829332,-3.9290295,-8.462802
9230177,-6.13604,-7.003037,-9.326206
9230187,-6.1599903,-6.947952,-9.83874
9230196,-4.3074427,-7.582632,-9.442365
9230206,-4.5217967,-8.0305,-7.219786
9230216,-4.1948767,-9.869876,-6.422245
9230226,-3.9613624,-10.861414,-5.652246
9230236,-2.9087512,-11.161988,-7.556287
9230251,-3.373385,-12.051739,-9.126222
9230260,-4.9038024,-11.758348,-8.394544
9230270,-5.933661,-10.773995,-5.870193
9230280,-4.0104604,-9.1765175,-2.2477257
9230290,-0.8262817,-7.212601,-0.53049684
9230300,0.63108766,-7.450906,-3.9673498
9230310,-0.10777588,-8.198152,-5.84265
9230320,-1.3316308,-8.541837,-5.0977993
9230329,-1.8764977,-10.207573,-8.378976
9230339,-3.458408,-13.602513,-9.513018
9230349,-5.2510805,-15.825091,-3.2823744
9230359,-5.764812,-11.7511635,3.8799317
9230369,-6.4821205,-7.420968,1.7842896
9230379,-6.13125,-3.6703675,2.889591
9230389,-3.4308655,-0.8190967,1.5519726
9230399,-1.648971,0.6622229,-1.9974463
9230408,-1.7136365,-0.21914428,-3.7877233
9230418,-2.503993,-1.3747412,-1.8130298
9230428,-2.875221,-3.9074743,-2.7494824
9230438,-3.558999,-5.605543,-6.262976
9230448,-4.501439,-7.5838294,-9.690249
9230458,-5.9588084,-9.750125,-11.9691105
9230468,-6.6773143,-7.96823,-10.389595
9230477,-6.610254,-5.461842,-11.402688
9230487,-7.459288,-5.980364,-14.256353
9230497,-7.3419323,-7.6329274,-14.552138
9230507,-6.4821205,-8.869955,-17.448915
9230517,-5.901328,-9.467512,-17.99498
9230527,-5.5193224,-8.993299,-17.938696
9230537,-4.997208,-7.4688683,-17.072897
9230546,-4.9038024,-4.677473,-12.804972
9230556,-5.726492,-3.4164953,-11.700868
9230566,-4.949308,-1.2346326,-10.241103
9230576,-6.5683413,-0.9292676,-10.376422
9230586,-6.4030848,-5.4175344,-7.277267
9230596,-5.7935524,-9.235195,2.9746141
9230606,-3.9398072,-12.881613,5.7145166
9230616,-1.472937,-12.794194,3.3697925
9230625,-1.2645704,-9.7393465,0.9472302
9230635,-3.1278956,-5.5540504,1.6381934
9230645,-5.005591,-2.445315,0.11975098
9230655,-6.7359924,-1.8621277,-1.2070899
9230665,-7.0461473,-3.4943335,-2.095642
9230678,-5.5899754,-4.9744554,-3.2105236
9230688,-3.974535,-6.973099,-5.1289344
9230698,-2.945874,-7.113208,-4.491859
9230708,-1.839375,-6.5300207,-8.681946
9230717,-2.618954,-4.160149,-10.660232
9230727,-4.366121,-1.726809,-15.5005665
9230737,-8.582553,-2.8572583,-16.761543
9230747,-8.435259,-3.7278478,-19.005678
9230757,-6.995852,-6.5551686,-21.359982
9230767,-5.637876,-9.595646,-16.88369
9230777,-6.0833497,-11.494896,-13.869558
9230787,-6.13604,-9.993219,-11.363171
9230796,-5.2426977,-6.75635,-9.650731
9230806,-3.979325,-3.4811609,-5.886958
9230816,-3.2404613,-3.5901344,-15.047908
9230826,-5.2822156,-3.5853443,-14.29707
9230836,-5.7456517,-5.4558544,-12.334351
9230846,-8.292755,-5.653444,8.774154
9230856,-3.5362463,-10.021959,4.670288
9230865,-0.90052736,-11.154803,3.1554382
9230875,-0.11256592,-9.053174,5.157675
9230885,-1.0118958,-4.731361,3.6943176
9230895,-3.0943651,-0.7089258,-0.7101233
9230905,-4.775669,-0.48738647,-2.2656884
9230915,-5.357659,-3.2727942,-2.44292
9230925,-4.813989,-6.0713744,-3.9146595
9230934,-4.176914,-8.413704,-4.7936316
9230944,-3.8308337,-9.172925,-5.8342676
9230954,-2.45729,-7.550299,-7.7981834
9230964,-5.118157,-4.981641,-11.433824
9230974,-6.218668,-1.1196716,-11.1955185
9230984,-6.7431774,0.57480466,-18.26442
9230994,-7.9370947,-2.318379,-15.713723
9231004,-5.962401,-5.8965383,-19.673887
9231013,-5.7767873,-9.79084,-19.669098
9231023,-6.5048733,-12.783417,-13.814472
9231033,-7.036567,-12.061318,-12.7642565
9231043,-6.2330384,-7.771838,-10.97398
9231053,-4.517007,-3.505111,-6.716832
9231063,-3.2811768,-2.6728418,-8.913065
9231073,-2.9889843,-3.6320472,-13.8971
9231082,-5.2726355,-5.527705,-7.8544664
9231092,-6.3551846,-7.770641,7.2269716
9231102,-4.4200087,-12.403806,7.01142
9231112,-1.4286292,-12.4337435,2.337539
9231122,-0.6227051,-8.375383,4.0894957
9231132,-1.6621436,-3.3518298,-0.40116578
9231142,-3.509901,-0.549657,-4.4583287
9231151,-4.6319675,-2.501598,-5.407954
9231161,-4.9780483,-5.8222923,-4.7038183
9231171,-4.3349853,-7.9203296,-4.7517185
9231181,-3.6895275,-8.498727,-4.888235
9231191,-3.8475988,-8.278385,-3.9122643
9231201,-3.551814,-6.086942,-4.9229627
9231211,-4.7397437,-4.27032,-9.416019
9231221,-6.8868785,-1.5399976,-11.475736
9231230,-7.3467226,0.10178833,-17.063316
9231240,-9.884246,-3.3230896,-19.04759
9231250,-8.187374,-5.436694,-19.560125
9231266,-7.9981675,-8.054451,-16.877703
9231276,-7.9742174,-10.740465,-13.292358
9231286,-6.8138304,-10.431507,-12.753479
9231295,-5.2426977,-6.9132237,-11.351195
9231305,-3.6679723,-3.1243029,-9.214838
9231315,-2.9602442,-3.2775843,-8.393346
9231325,-1.5735278,-3.1518457,-17.5998
9231335,-5.1780324,-5.3540664,-13.234878
9231345,-5.750442,-7.1946387,2.7949877
9231355,-5.034331,-11.269764,11.452984
9231364,-0.48738647,-13.570181,4.916975
9231374,-0.58438474,-12.733121,1.9040406
9231384,0.27901977,-6.124065,4.6032276
9231394,-3.4799633,-1.0047107,-2.7303224
9231404,-5.7947497,-0.6598279,-5.254673
9231414,-6.8317933,-5.012776,-4.6834607
9231424,-6.030659,-8.458012,-3.859574
9231433,-4.7720766,-9.890233,-4.035608
9231443,-3.9517822,-9.515412,-4.6978307
9231453,-3.4608033,-8.458012,-7.492819
9231463,-3.6452198,-4.291875,-3.622467
9231473,-4.0739284,-2.9231215,-10.035131
9231483,-5.400769,-1.2298425,-9.801618
9231493,-5.7588243,-0.040715333,-13.78693
9231503,-7.36708,-1.6441809,-17.25492
9231512,-9.48308,-5.743257,-17.81176
9231522,-8.380174,-7.1215906,-16.251406
9231532,-8.153844,-9.586065,-14.516213
9231542,-7.303612,-11.3643675,-14.383289
9231552,-6.060597,-9.144184,-14.663507
9231562,-5.508545,-4.355343,-12.273277
9231572,-3.6703675,-0.4921765,-7.3000197
9231581,-4.1733217,-1.233435,-17.653688
9231591,-5.191205,-2.088457,-10.212363
9231601,-4.1050634,-4.2200246,6.356382
9231614,-3.6092944,-11.242222,10.298584
9231624,-0.81789917,-14.492263,1.3052857
9231633,0.30776,-12.179872,5.4881873
9231643,-0.9448352,-6.1935205,1.0202783
9231653,-4.0092626,-1.0765613,-3.9050794
9231663,-5.8498354,-1.6980689,-4.736151
9231673,-6.260581,-5.576803,-4.975653
9231683,-5.4414845,-8.361013,-4.7253737
9231693,-3.7853284,-9.461525,-6.0881395
9231702,-3.2500415,-10.13692,-8.480764
9231712,-3.2871642,-9.789642,-10.588382
9231722,-4.360133,-5.7660093,-9.305848
9231732,-4.5277843,-4.575685,-11.5188465
9231742,-6.0330544,-5.3480787,-9.554931
9231752,-5.17444,-4.9576902,-6.218668
9231762,-4.373306,-5.118157,-7.380253
9231771,-4.263135,-4.643943,-6.270161
9231781,-4.069138,-4.6032276,-9.575288
9231791,-5.316943,-5.557643,-11.074571
9231801,-6.817423,-7.5119786,-9.186097
9231811,-6.9778895,-8.265212,-8.235274
9231821,-6.245013,-7.2808595,-6.7359924
9231831,-4.9229627,-5.685776,-6.507268
9231841,-3.7781434,-4.6331654,-5.999524
9231850,-3.7637732,-4.9505053,-5.3768187
9231860,-4.4511437,-6.108497,-5.4175344
9231870,-5.3193383,-7.037765,-5.926476
9231880,-6.267766,-7.658075,-7.266489
9231890,-6.6246243,-7.9059596,-7.818541
9231900,-6.622229,-7.965835,-6.6090565
9231910,-5.85223,-7.582632,-5.9983263
9231922,-5.2019825,-7.146738,-5.124144
9231931,-4.831952,-6.7383876,-3.8332288
9231941,-4.655918,-6.700067,-4.021238
9231951,-5.144502,-6.8473606,-3.2859669
9231961,-5.703739,-7.2952294,-3.0416749
9231971,-5.989944,-7.8568616,-2.499203
9231981,-6.485713,-8.927435,-2.0525317
9231991,-6.4426026,-9.190887,-1.4286292
9232000,-5.696554,-8.739427,-0.6167175
9232010,-5.86181,-8.63165,-2.1040246
9232020,-7.3203773,-8.265212,-3.4332604
9232030,-6.683302,-6.5994763,-5.6821837
9232040,-7.0904555,-7.1826634,-5.3971767
9232050,-7.056925,-8.358618,-4.831952
9232060,-7.315587,-9.588461,-6.13125
9232069,-7.4149804,-8.589738,-3.9805224
9232079,-6.4881077,-7.171886,-2.884801
9232089,-5.797145,-7.350315,0.44667113
9232099,-4.1385937,-9.16574,1.1951147
9232109,-5.562433,-11.030262,0.69575316
9232119,-7.0006423,-10.502161,0.3676355
9232129,-7.538324,-7.467671,0.63468015
9232139,-4.778064,-7.5862246,0.2706372
9232148,-4.6355605,-7.595804,-0.09580078
9232158,-2.0764818,-5.8965383,0.59755737
9232168,-4.5325747,-6.1444225,3.4572108
9232178,-5.2163525,-6.2090883,2.3998096
9232188,-4.9672704,-2.3028114,0.76281375
9232198,-5.5732102,-0.53049684,1.8753003
9232208,-6.037844,-3.333867,2.9662316
9232217,-6.2306433,-5.5372853,4.770879
9232227,-4.9912205,-5.285808,5.7947497
9232237,-4.453539,-6.773115,6.4402075
9232247,-4.768484,-5.6259007,6.262976
9232257,-3.7721558,-4.655918,5.943241
9232267,-4.813989,-5.6582336,6.258186
9232277,-5.498965,-4.6966333,4.196074
9232286,-5.422324,-4.4882665,3.0955627
9232296,-5.2822156,-5.166057,3.2895594
9232306,-5.562433,-7.261699,6.2869263
9232316,-4.812792,-5.0558863,5.4965696
9232326,-4.5936475,-4.149371,4.775669
9232336,-4.863087,-3.422483,4.90979
9232346,-5.2510805,-3.8823266,4.4259963
9232356,-5.283413,-3.605702,3.2117212
9232365,-4.651128,-3.1350806,2.623744
9232375,-4.2834926,-7.3994126,3.1350806
9232385,-8.369396,-9.590856,1.7579443
9232395,-9.262738,-6.058202,5.82349
9232405,-4.2200246,-1.4932947,4.813989
9232415,-3.265609,-2.0680993,2.2118006
9232425,-4.4810815,-3.2955468,1.6214283
9232434,-6.939569,-5.366041,2.9710217
9232444,-7.0892577,-6.030659,3.473976
9232454,-5.7145166,-5.5289025,0.83346677
9232464,-4.230802,-5.891748,0.45984375
9232478,-3.2284863,-5.5708156,0.48738647
9232488,-2.7590625,-2.5926087,0.18800904
9232498,-1.6956738,0.05269043,0.9136999
9232508,-1.5136523,-3.7074902,7.9622426
9232518,4.6978307,-9.953701,-12.457694
9232528,-14.398857,-17.078884,13.506713
9232538,-10.13692,-9.721384,6.3468018
9232547,-2.0190015,-8.467591,9.080716
9232557,1.4801221,-7.538324,6.8964586
9232567,-1.4226416,-4.4738965,3.194956
9232577,-6.009104,-5.642666,3.6524048
9232587,-5.0870214,-8.273595,1.6465759
9232597,0.27662477,3.7038977,-2.567461
9232607,-7.6245446,-4.475094,7.2509217
9232616,7.9083543,-5.5145326,-17.259708
9232626,-9.7956295,-18.439255,-1.4406042
9232636,-11.576327,-30.567635,0.6777905
9232646,-1.5220349,-13.172607,1.3843213
9232656,0.32572266,-4.5062294,-4.3050475
9232666,-3.7015028,-13.110337,-4.853507
9232676,-4.366121,-16.483723,0.39996827
9232685,-3.735033,-12.701986,1.1867322
9232695,-4.0906935,-8.528665,-1.287323
9232705,-4.4715014,-6.7838926,0.3820056
9232715,-4.5074267,-6.868916,2.0285816
9232725,-4.5373645,-6.5192432,2.4608827
9232735,-4.5541296,-4.8714695,1.3711487
9232745,-3.8883142,-3.8763392,1.419049
9232755,-4.533772,-4.2595425,0.5724097
9232764,-5.8654027,-4.311035,0.9172925
9232774,-6.6401916,-4.1948767,-0.16525635
9232784,-7.0437527,-4.8666797,0.07903565
9232794,-7.244934,-6.490503,0.3903882
9232804,-7.3000197,-7.732321,1.0490185
9232814,-6.974297,-8.196955,2.579436
9232824,-5.816305,-8.408914,3.0740075
9232833,-4.7181883,-8.656798,3.222499
9232843,-3.8248463,-8.908276,2.9710217
9232853,-3.1614258,-9.083112,1.8333875
9232863,-3.3626075,-9.388476,2.0752845
9232873,-3.8416114,-10.40636,1.6453785
9232886,-4.460724,-10.892549,1.2861255
9232896,-5.2870054,-10.453063,1.6130457
9232906,-5.739664,-9.235195,1.23104
9232915,-5.81391,-7.7921963,0.9783655
9232925,-5.8270826,-6.534811,0.9963281
9232935,-5.8270826,-5.7444544,1.6226257
9232945,-5.9468336,-5.7528367,2.9207263
9232955,-6.0330544,-6.4258375,3.5973194
9232965,-6.1468177,-7.4245605,2.0237916
9232975,-6.525231,-7.620952,1.2226574
9232985,-6.654562,-7.076085,2.7686427
9232994,-6.3300366,-6.2713585,3.0440698
9233004,-5.948031,-5.4606447,2.999762
9233014,-5.964796,-4.780459,2.8572583
9233024,-6.1599903,-4.543352,2.3555017
9233034,-6.490503,-4.1876917,2.941084
9233044,-6.615044,-3.9338195,3.1374755
9233054,-6.5934887,-4.33259,1.905238
9233063,-6.5671434,-4.660708,1.775907
9233073,-6.300099,-5.0235534,2.2369483
9233083,-6.7383876,-5.7767873,3.4835558
9233093,-7.122788,-6.45817,4.714596
9233103,-7.4161777,-7.077283,4.780459
9233113,-7.67005,-6.9515443,3.7038977
9233123,-7.714358,-5.5289025,2.574646
9233132,-7.6401124,-3.5913317,1.9351758
9233142,-7.306007,-2.1902454,1.9172131
9233152,-6.8749037,-2.0333717,1.8753003
9233162,-6.6569567,-3.4512231,3.1674132
9233172,-6.101312,-5.364844,2.7339149
9233182,-5.971981,-6.100115,2.6716442
9233192,-6.1743603,-5.5708156,2.9853919
9233202,-6.41985,-4.3936634,3.4057178
9233211,-6.431825,-3.8296363,1.9399658
9233221,-6.1983104,-4.1757164,0.26345214
9233231,-7.08327,-4.958888,1.4825171
9233241,-8.012538,-5.5708156,3.67396
9233251,-8.927435,-4.324208,4.430786
9233261,-8.201744,-3.185376,3.864364
9233271,-7.2437367,-2.494413,4.3385777
9233280,-6.037844,-1.3579761,3.0452673
9233290,-5.694159,-1.1951147,0.5484595
9233300,-7.2149963,-3.5015185,0.5903723
9233310,-8.244855,-6.149213,4.0487804
9233320,-8.284372,-7.125183,6.9754944
9233330,-7.7909985,-6.4426026,5.1600695
9233340,-6.7324,-3.6356397,3.0740075
9233350,-5.835465,-1.2118798,1.6393908
9233359,-5.109774,-1.2681628,0.3065625
9233369,-5.8414526,-4.8594947,0.62989014
9233379,-6.6497717,-9.552535,1.7687219
9233389,-6.2821364,-13.804893,3.2572265
9233399,-5.4331017,-14.773678,3.4560132
9233409,-5.8905506,-10.892549,2.9327013
9233419,-5.8510327,-6.165978,0.46104127
9233428,-5.7145166,-1.0945239,0.24429199
9233438,-4.5122166,-0.73407346,-2.3531067
9233448,-6.234236,-4.0200405,-2.7518775
9233458,-7.848479,-5.661826,0.026345216
9233468,-7.084468,-6.929989,4.2391844
9233478,-4.973258,-8.480764,3.3506324
9233488,-5.6714063,-10.047107,3.2823744
9233497,-6.7671275,-9.624386,3.8284388
9233507,-5.943241,-8.577763,3.923042
9233517,-4.7816563,-9.895023,1.7256116
9233527,-6.2737536,-7.4149804,6.884484
9233537,-5.483397,-7.442523,3.9362147
9233547,-3.9757323,-2.8476782,2.0549269
9233557,-4.6894484,-0.93765014,1.8178198
9233567,-5.109774,-2.650089,3.7901185
9233576,-5.0582814,-5.755232,4.93374
9233586,-5.4582496,-8.061636,4.8475194
9233596,-6.0150914,-8.165819,5.1780324
9233606,-5.740862,-7.7442956,5.290598
9233616,-5.5600376,-7.1946387,3.5865417
9233626,-6.0198817,-6.1743603,3.4811609
9233636,-5.5600376,-5.572013,3.8092785
9233645,-4.9924183,-5.6318884,3.3530273
9233655,-4.511019,-4.646338,3.2500415
9233665,-4.9696655,-3.6775525,2.8620484
9233675,-5.395979,-3.5158887,3.2057335
9233685,-5.5121374,-3.781736,3.006947
9233695,-5.0067883,-3.3889527,2.2920337
9233705,-5.393584,-3.3254845,4.533772
9233721,-5.3684363,-3.8296363,6.058202
9233731,-4.491859,-6.2162733,4.5074267
9233741,-7.6736426,-7.7981834,4.6343627
9233750,-6.227051,-8.187374,3.5757642
9233760,-1.3328284,-9.041199,5.7133193
9233770,-2.2561083,-18.883532,5.195995
9233780,-7.404203,-17.539925,7.852072
9233790,-5.901328,-2.3064039,3.9493873
9233800,-3.1626234,7.868837,1.2513977
9233810,-3.854784,7.714358,1.4441968
9233819,-2.2333558,5.715714,2.5854235
9233829,-2.9614418,2.2010229,3.570974
9233839,-5.413942,-5.1924024,3.9469922
9233849,-7.205416,-9.069939,5.771997
9233859,-6.143225,-11.128458,6.74198
9233869,-4.848717,-12.577445,6.2007055
9233879,-5.3852015,-11.239826,6.1228676
9233888,-6.3444066,-6.5527735,2.6033862
9233898,-5.125342,-1.84177,3.2799792
9233908,-2.0824695,-0.5376819,2.6165588
9233918,-4.7912364,-6.5910935,0.7711963
9233928,-6.1671753,-7.899972,1.9471508
9233938,-8.7825365,-9.541758,2.9518616
9233948,-1.7411792,-1.5962806,18.545834
9233957,3.4236803,-6.037844,-18.954185
9233967,-8.63165,-5.6259007,3.5075061
9233977,-4.214037,-4.472699,4.326603
9233987,-5.5384827,-4.6427455,-2.003434
9233997,-2.14474,-6.052214,3.9026842
9234007,-1.3208532,-9.751322,7.2437367
9234017,0.89334226,-9.139395,3.290757
9234027,2.46208,-7.9119473,1.4621594
9234036,-7.462881,-18.234482,1.0957215
9234046,-6.292914,-14.462325,4.096681
9234056,-0.7089258,-7.570657,0.96160036
9234066,-2.335144,-12.266092,-2.083667
9234076,-2.889591,-12.387041,0.031135254
9234086,0.76161623,-4.853507,-6.795868
9234096,-7.588619,-7.68442,-1.4441968
9234105,-4.981641,-4.191284,-3.4572108
9234115,-4.197272,-5.0019984,-10.488988
9234125,2.5614734,-3.7637732,-11.821816
9234135,-8.402926,-18.33627,-6.43422
9234145,-4.4966493,-14.77248,-4.3852806
9234155,-3.185376,-10.744058,-6.2150755
9234165,-3.178191,-7.745493,-7.411388
9234174,-3.2428565,-5.2319202,-8.230485
9234184,-2.5123756,-5.598358,-8.194559
9234194,-4.6259804,-8.375383,-7.191046
9234204,-6.502478,-8.93462,-7.0509377
9234214,-5.4438796,-7.076085,-8.454419
9234228,-4.1026683,-6.7970653,-8.63644
9234237,-5.22234,-8.575367,-9.778865
9234247,-5.2510805,-8.914263,-9.542955
9234257,-3.3949401,-8.97294,-9.418414
9234267,-3.4679883,-10.371632,-5.613926
9234277,-3.6440222,-13.039684,-2.3123913
9234287,-2.753075,-13.9390135,-0.5173242
9234297,-1.4034815,-13.637241,-4.0727305
9234307,-1.0023156,-12.339141,-6.74677
9234316,-2.5207582,-9.480685,-5.84265
9234326,-4.853507,-6.4497876,-5.4881873
9234336,-5.7205043,-3.3362622,-3.9721398
9234346,-4.997208,-1.7184265,-4.096681
9234356,-5.3313136,-4.55892,-4.61161
9234366,-5.0630713,-8.012538,-2.337539
9234376,-4.028423,-8.274793,-2.1171973
9234385,-4.3289976,-5.684579,-2.137555
9234395,-4.8283596,-4.3289976,-3.0572424
9234405,-6.182743,-5.0259485,-4.099076
9234415,-6.3982944,-6.013894,-4.5684996
9234425,-6.5623536,-7.0808754,-5.5636306
9234435,-5.886958,-6.333629,-7.066505
9234445,-4.815187,-4.8283596,-8.132289
9234455,-4.1876917,-3.9194496,-7.7933936
9234464,-4.429589,-4.5158095,-8.0305
9234474,-4.9648757,-6.277346,-10.593171
9234484,-5.367239,-7.180269,-12.61816
9234494,-6.1959157,-6.773115,-13.220508
9234504,-6.5791187,-5.4271145,-12.900773
9234514,-6.4473925,-4.1146436,-13.442047
9234524,-5.7145166,-3.7122803,-13.18578
9234533,-5.237908,-4.4487486,-13.438455
9234543,-4.797224,-5.0942063,-13.250445
9234553,-4.742139,-3.566184,-8.229287
9234563,-4.5840673,-4.2906775,-13.523478
9234573,-5.9145007,-6.873706,-11.000324
9234583,-4.9864306,-7.8796144,-1.0298584
9234593,-4.406836,-11.200309,-2.4560926
9234602,-1.8190173,-9.710607,2.863246
9234612,0.30416748,-8.408914,-2.4513025
9234622,-0.45744872,-6.0270667,0.8083191
9234632,-3.131488,-3.3482373,-1.7818946
9234642,-6.4102697,-3.3434472,-4.749324
9234652,-6.6916847,-4.8008165,-6.815028
9234662,-5.3373013,-5.8570204,-8.807684
9234671,-4.4643164,-6.6497717,-9.84832
9234681,-4.2643323,-6.156398,-9.8590975
9234691,-4.319418,-4.9744554,-9.044791
9234701,-4.1541615,-4.3074427,-8.005353
9234711,-3.6943176,-3.514691,-7.0090246
9234721,-3.735033,-3.3865576,-6.8341885
9234731,-4.0092626,-4.4128237,-6.907236
9234740,-4.381688,-5.2582655,-6.8234105
9234750,-4.502637,-5.724097,-6.2150755
9234760,-4.3457627,-6.094127,-6.221063
9234770,-4.1002736,-6.0055113,-6.793473
9234780,-4.1457787,-5.3947816,-7.841294
9234790,-4.3206153,-5.1924024,-8.496332
9234800,-4.651128,-6.0737696,-7.836504
9234809,-4.91937,-7.174281,-7.1024303
9234819,-4.4511437,-5.405559,-3.2668066
9234829,-3.4919386,-4.9612827,-5.6103334
9234839,-3.432063,-6.934779,-2.530338
9234849,-3.8871167,-6.690487,-6.365962
9234864,-4.4104285,-3.9733374,-7.9119473
9234874,-4.4990444,-2.2465284,-11.6876955
9234883,-6.009104,-4.071533,-17.251326
9234893,-6.580316,-2.7051744,-12.952266
9234903,-6.1396327,-5.144502,-15.149696
9234913,-6.815028,-8.423284,-10.523716
9234923,-5.908513,-8.805289,-9.031619
9234933,-4.926555,-5.557643,-6.7803
9234943,-3.3889527,-2.450105,-7.2952294
9234953,-2.647694,-1.5914905,-7.3048096
9234962,-3.2033386,-3.6871326,-6.091732
9234972,-4.4643164,-6.3048887,-5.2678456
9234982,-5.7300844,-7.4245605,-5.3313136
9234992,-6.3599744,-6.916816,-6.6821046
9235002,-6.4593678,-6.165978,-7.841294
9235012,-6.577921,-5.685776,-8.053253
9235022,-6.389912,-6.067782,-7.34313
9235031,-6.2426186,-6.644982,-6.6916847
9235041,-6.364764,-7.1048255,-6.8234105
9235051,-6.436615,-6.9587293,-6.577921
9235061,-6.380332,-6.553971,-6.5276256
9235071,-6.277346,-6.524033,-5.7564297
9235081,-6.0007215,-6.546786,-2.7842102
9235091,-5.686974,-7.8233314,-0.93765014
9235100,-5.78996,-8.92504,2.3447242
9235110,-6.2617784,-8.836425,1.2789404
9235120,-7.771838,-7.877219,-2.13037
9235130,-7.67484,-7.7993813,-5.3313136
9235140,-8.708291,-10.839858,-8.61728
9235150,-8.284372,-11.136841,-7.846084
9235160,-6.864126,-10.936856,-6.634204
9235169,-5.749244,-9.726174,-3.2153137
9235179,-3.378175,-10.18482,-0.22393432
9235189,-3.6871326,-15.386803,0.8705896
9235199,-7.66047,-15.867004,-3.7062926
9235209,-7.3119946,-10.262659,-4.397256
9235219,-7.6963954,-3.0153296,-4.047583
9235229,-3.9529798,-2.3626869,0.9627979
9235238,-0.42152345,-1.4334192,0.6251001
9235248,-2.9362938,-3.0416749,1.7603394
9235258,-5.6270986,-3.3841627,1.5376025
9235268,-3.8140686,-5.701344,1.4298266
9235278,-6.9611244,-7.340735,4.4810815
9235288,-5.909711,-5.7767873,2.445315
9235298,-6.8581386,-5.8953404,2.941084
9235308,-5.1229467,-3.822451,3.1422656
9235317,-4.9540977,-4.707411,5.2307224
9235327,-4.184099,-5.5756054,5.630691
9235337,-3.290757,-4.1098537,5.5301
9235347,-4.411626,-3.8080812,4.5912523
9235357,-3.1410682,-13.51749,2.0728893
9235367,-9.455537,-13.4648,3.9266346
9235377,-8.326285,-2.2189856,1.84177
9235386,-4.4487486,2.430945,2.6405091
9235396,-3.3290772,2.046544,2.2992187
9235406,-3.434458,-2.6129663,2.9758117
9235420,-6.700067,-7.5251513,2.015409
9235430,-10.500963,-18.767372,3.3650024
9235440,-9.735754,-16.42624,-5.82349
9235450,-12.840898,-5.4534593,2.2094054
9235460,-1.8657203,9.299861,9.186097
9235470,-1.6441809,4.670288,-3.0488598
9235480,-5.0475035,-0.11855347,-2.7662475
9235489,-4.792434,-1.343606,-4.8654823
9235499,-10.053095,1.9878662,11.6374
9235509,6.2426186,-1.961521,-16.796272
9235519,-9.775272,-11.466156,8.458012
9235529,-1.2142749,-14.338982,17.137562
9235539,-2.8321106,-13.010943,5.692961
9235549,10.084229,-2.337539,-0.3197351
9235558,-12.367881,-17.380657,2.274071
9235568,-3.3278797,-10.71412,3.2644117
9235578,-4.6187954,-12.571458,0.59156984
9235588,-0.91250247,-11.888877,1.6058606
9235598,1.6573535,-9.584868,-10.104588
9235608,-6.8114357,-15.559244,-0.7699988
9235618,-3.4200878,-11.43502,1.463357
9235627,-4.059558,-8.649613,-7.0245924
9235637,-3.0428724,-5.003196,-9.854308
9235647,-5.924081,-7.2401443,-5.9707837
9235657,-6.072572,-5.659431,-4.679868
9235667,-0.6658154,-3.8931043,-9.704619
9235677,-6.413862,-11.322454,-7.67484
9235687,-5.7121215,-10.6746025,-4.8714695
9235697,-5.1864147,-6.730005,-7.443721
9235706,-4.1146436,-3.1231055,-8.141869
9235716,-4.6619053,-2.3447242,-11.394305
9235726,-5.083429,-2.1974304,-15.639478
9235736,-3.861969,-2.271676,-14.779666
9235746,-3.114723,-5.325326,-12.26729
9235756,-4.7050157,-11.5260315,-11.199111
9235766,-6.40548,-16.848963,-9.493857
9235777,-5.910908,-21.369562,-7.731123
9235787,-2.7901978,-21.359982,-4.8990126
9235796,0.6490503,-15.112574,-5.654641
9235806,1.4801221,-9.460327,-10.346484
9235816,0.1580713,-6.1073,-12.449311
9235826,-2.809358,-4.4595265,-10.985954
9235836,-7.394623,-5.9228835,-5.821095
9235846,-9.269923,-8.029303,-4.2655296
9235856,-9.304651,-7.6077795,-5.0259485
9235866,-7.198231,-5.3971767,-3.671565
9235875,-4.8020144,-4.6343627,-4.1457787
9235885,-2.0573218,-3.3314722,0.31734008
9235895,-0.3580554,-3.869154,2.2333558
9235905,-0.85023195,-5.774392,4.485872
9235915,-2.9734168,-9.1130495,4.076323
9235925,-3.9972875,-9.83874,1.5172448
9235935,-5.1696496,-8.738229,-2.3099964
9235944,-5.964796,-6.3911095,-4.8942223
9235954,-6.615044,-5.611531,-5.093009
9235964,-6.9683094,-6.45817,-6.502478
9235974,-6.427035,-6.013894,-7.106023
9235984,-4.878655,-4.59245,-8.580157
9235994,-4.526587,-5.1480947,-14.092295
9236004,-5.2810183,-5.760022,-15.411951
9236014,-7.232959,-6.9611244,-18.239271
9236023,-8.401729,-6.5671434,-17.414186
9236033,-8.943003,-6.4653554,-15.180831
9236043,-8.181387,-6.795868,-14.414425
9236053,-6.541996,-5.9372535,-12.234958
9236063,-4.6547203,-4.8451247,-10.722503
9236073,-3.4811609,-3.36141,-9.380094
9236083,-3.9529798,-1.1436218,-8.678353
9236092,-3.5386415,-1.5160474,-3.9493873
9236102,-3.4727783,-5.1193542,1.0130932
9236112,-4.01525,-9.271121,7.0317774
9236122,-2.0633094,-10.224339,8.196955
9236132,-0.920885,-8.721463,2.347119
9236142,-1.8010547,-6.8186207,-1.223855
9236152,-2.9722192,-4.6247826,-1.9399658
9236161,-5.019961,-3.864364,-5.1301317
9236171,-6.883286,-4.3697133,-6.988667
9236181,-6.3959,-5.750442,-5.024751
9236191,-5.358856,-6.170768,-8.000563
9236201,-4.2020617,-5.774392,-9.249565
9236211,-4.6595106,-4.6834607,-12.206217
9236221,-4.7062135,-1.2490027,-11.0829525
9236231,-6.0617943,-1.472937,-16.719631
9236240,-6.6892896,-4.62119,-20.720512
9236250,-6.652167,-6.610254,-20.005598
9236260,-7.331155,-8.614885,-20.685783
9236270,-7.218589,-8.868757,-15.61912
9236280,-6.3863196,-7.6712475,-12.444522
9236290,-4.678671,-5.755232,-7.3131924
9236300,-3.4643958,-4.5541296,-2.9422815
9236309,-3.7027001,-6.1671753,-12.066109
9236319,-3.354225,-6.4473925,0.15567628
9236329,-2.6117687,-7.63652,3.4284704
9236339,-2.2237756,-8.111931,5.1624646
9236355,-1.5495776,-7.874824,4.2080493
9236364,-1.0585986,-7.2832546,-0.09340576
9236374,-2.3495142,-5.6785913,-2.757865
9236384,-4.381688,-4.4882665,-5.8953404
9236394,-5.6366787,-4.980443,-7.204219
9236404,-5.583988,-6.180348,-6.0977197
9236414,-5.013973,-7.9718227,-7.198231
9236424,-3.6080968,-7.494016,-3.1398706
9236434,-4.0739284,-6.4078746,-8.040081
9236443,-6.6258216,-5.0966015,-10.187216
9236453,-4.7062135,0.5412744,-16.053816
9236463,-7.494016,1.404679,-17.42257
9236473,-6.3503942,1.0861413,-17.37467
9236483,-7.012617,-3.3769774,-18.984123
9236493,-7.500004,-7.7754307,-13.73903
9236503,-6.411467,-9.5070305,-12.293635
9236512,-4.9481106,-7.339537,-9.089099
9236522,-3.7996986,-5.3875966,-6.4402075
9236532,-2.1555176,-5.419929,-10.70454
9236542,-2.7985804,-6.1420274,-13.365406
9236552,-3.9410048,-6.13125,-0.6658154
9236562,-4.740941,-9.036408,-0.19040406
9236572,-3.942202,-10.826686,-1.2442126
9236581,-2.76984,-9.004076,-1.0142908
9236591,-3.0596375,-5.6438637,-3.0596375
9236601,-4.5158095,-3.9086719,-5.339696
9236611,-5.415139,-5.2403026,-5.037924
9236621,-5.5133348,-6.5910935,-5.019961
9236631,-4.524192,-6.2354336,-5.1313295
9236641,-3.4679883,-5.4390893,-6.302494
9236651,-3.1530433,-5.266648,-7.235354
9236660,-3.2177088,-5.82828,-6.8305955
9236670,-3.661985,-7.03058,-6.2007055
9236680,-3.9829175,-8.095166,-5.8330703
9236690,-4.387676,-8.657995,-7.355105
9236700,-4.3385777,-7.6736426,-6.925199
9236710,-4.536167,-6.1037073,-7.198231
9236720,-4.5601172,-3.6524048,-5.388794
9236729,-4.143384,-3.6380346,-6.5060706
9236739,-4.678671,-4.397256,-9.248368
9236749,-6.0486217,-5.8294773,-10.193203
9236759,-6.7144375,-6.4006896,-9.945318
9236769,-6.4485903,-6.1108923,-10.587184
9236779,-7.4245605,-6.3911095,-9.268725
9236789,-6.4102697,-6.7132397,-7.364685
9236799,-5.8785753,-8.098759,-7.477251
9236808,-5.7947497,-8.553812,-5.908513
9236818,-5.415139,-7.820936,-2.9530592
9236828,-4.519402,-6.212681,-0.22632934
9236838,-3.6452198,-5.4462743,0.5939648
9236848,-4.1589513,-6.0055113,0.5233118
9236858,-5.9779687,-7.0748878,-0.38440064
9236868,-6.397097,-7.037765,-2.6177564
9236877,-7.325167,-7.897577,-5.7875648
9236887,-8.708291,-8.493937,-6.2545934
9236897,-8.098759,-9.388476,-5.708529
9236907,-6.8114357,-10.705737,-4.877457
9236917,-6.597081,-11.833792,-3.4763708
9236930,-5.931266,-11.212284,-3.018922
9236940,-5.722899,-9.101074,-3.5913317
9236949,-6.1959157,-7.501201,-3.9338195
9236959,-6.5671434,-6.716832,-1.5890955
9236969,-6.119275,-7.0557275,0.5388794
9236979,-5.395979,-9.2184305,1.1963123
9236989,-5.877378,-11.645782,2.3626869
9236999,-5.8785753,-13.010943,1.3627661
9237009,-3.0249097,-10.029144,1.5447876
9237018,-4.768484,-10.486593,0.796344
9237028,-3.8080812,-5.630691,-2.1615052
9237038,-5.4271145,-4.326603,-1.653761
9237048,-6.810238,-3.6033068,0.30296996
9237058,-4.4715014,-0.38799316,2.645299
9237068,-4.423601,0.37003052,2.7339149
9237078,-5.0870214,-2.242936,2.9794042
9237088,-5.332511,-4.3026524,4.4224033
9237097,-4.9768505,-5.9528213,5.987549
9237107,-5.635481,-6.1444225,6.7431774
9237117,-5.886958,-5.988746,7.0952454
9237127,-5.0235534,-4.6966333,6.4090724
9237137,-4.9229627,-3.9541771,4.782854
9237147,-4.6152024,-5.518125,3.2033386
9237157,-7.0868626,-7.5035963,4.6643004
9237166,-4.939728,-4.637955,4.519402
9237176,-4.7086086,-5.156477,4.0667434
9237186,-6.2474084,-5.1684523,4.1637416
9237196,-5.4390893,-3.7074902,2.311194
9237206,-5.4163365,-4.2200246,1.5244299
9237216,1.1915222,-5.965994,2.0261865
9237226,-12.006233,-13.644426,1.3028907
9237236,-7.780221,0.032332763,-4.3206153
9237245,-4.3230104,4.2224193,9.871073
9237255,-1.0657837,-0.7604187,-3.2153137
9237265,-4.1936793,-7.0689,-3.495531
9237275,-8.113129,-6.659352,1.350791
9237285,-5.6330857,-2.9087512,-0.9077124
9237295,-4.008065,-1.9327807,0.40236327
9237305,-2.9099488,-0.42511597,14.68626
9237314,4.325405,-7.4473133,-10.18482
9237324,-6.4964905,-13.828843,17.284857
9237334,-7.4401283,-17.33036,9.451944
9237344,-1.421444,-6.947952,1.0382409
9237354,10.532099,4.839137,-5.8007374
9237364,-12.148737,-14.547349,-4.2559495
9237374,-13.625266,-20.271446,8.713081
9237383,1.3160633,-4.667893,7.0557275
9237393,5.550458,-3.3278797,-8.424481
9237403,-11.65656,-20.142115,6.884484
9237413,2.4405248,-0.3305127,1.0023156
9237423,-10.608739,-8.830437,-14.841936
9237433,-3.478766,-10.756033,-7.242539
9237443,-3.4667907,-14.043197,3.3242872
9237453,-3.7290454,-17.548307,-3.3494349
9237462,-0.6227051,-11.66135,-5.49178
9237472,-4.869075,-12.691209,0.061072998
9237482,-4.404441,-11.27216,-1.9794836
9237492,-5.2570677,-10.40636,-2.494413
9237502,-7.597002,-9.278306,-1.3040881
9237512,-8.007748,-7.4880285,-1.6693286
9237522,-7.1946387,-5.853428,-3.573369
9237531,-5.863008,-4.693041,-4.629573
9237541,-5.419929,-4.7601013,-4.2487645
9237551,-5.825885,-6.4006896,-3.6488123
9237561,-6.507268,-7.1191955,-2.6057813
9237571,-6.605464,-6.546786,-0.87178713
9237581,-5.971981,-5.613926,0.09460327
9237591,-5.522915,-4.2008643,-0.20118164
9237600,-5.6414685,-3.9445972,-2.962639
9237610,-5.9695864,-5.007986,-4.2715173
9237620,-6.182743,-7.141948,-3.8487964
9237637,-6.319259,-9.515412,-2.499203
9237647,-6.0126967,-11.5188465,-0.76281375
9237657,-5.0630713,-12.442126,-0.083825685
9237666,-4.091891,-12.614568,-0.74485105
9237676,-3.8559813,-11.450588,-1.3136683
9237686,-3.6847374,-9.226812,-1.6765137
9237696,-3.739823,-7.2904396,-2.3207738
9237706,-3.969745,-6.036647,-2.4525
9237716,-4.021238,-5.276228,-2.6536818
9237726,-4.0020776,-5.6318884,-4.014053
9237735,-3.911067,-6.75635,-4.445156
9237745,-4.1146436,-8.368198,-3.5290613
9237755,-4.4259963,-9.689052,-2.7375073
9237765,-4.406836,-10.511741,-1.5639478
9237775,-4.398453,-10.472223,-0.4035608
9237785,-4.0954833,-9.874665,-0.33171022
9237795,-3.749403,-8.93462,-1.1352392
9237804,-3.4093103,-8.264015,-1.9998413
9237814,-3.2871642,-7.747888,-2.8153455
9237824,-3.2572265,-7.2365513,-2.4812403
9237834,-3.5769618,-7.401808,-2.083667
9237844,-4.099076,-8.543035,-2.6848168
9237854,-4.3541455,-9.520203,-2.9722192
9237864,-4.6978307,-9.88185,-2.8668385
9237874,-4.7529163,-9.906999,-2.8081603
9237883,-4.6199927,-9.547746,-2.4189696
9237893,-4.367318,-9.084309,-2.191443
9237903,-4.101471,-8.509504,-2.3495142
9237913,-4.2739124,-8.055648,-2.6249413
9237923,-4.5397596,-7.507189,-2.7758276
9237933,-4.869075,-7.1946387,-3.1422656
9237943,-5.031936,-7.1215906,-3.873944
9237952,-5.1480947,-6.781498,-3.7290454
9237962,-5.24629,-6.8533483,-3.307522
9237972,-5.5636306,-7.587422,-2.9913795
9237982,-5.6462584,-8.469987,-2.4980054
9237992,-5.640271,-8.865165,-2.6093738
9238002,-5.5732102,-8.610095,-2.738705
9238012,-5.3875966,-7.9358974,-2.7147546
9238021,-5.4821997,-7.133566,-2.6057813
9238031,-5.726492,-6.734795,-2.8105555
9238041,-6.043832,-6.9048414,-2.6069787
9238051,-6.1420274,-7.5538917,-2.2357507
9238061,-6.051017,-8.121511,-2.1219873
9238071,-5.950426,-8.25683,-2.1255798
9238081,-5.9276733,-8.28078,-2.217788
9238091,-5.8318725,-7.828121,-1.9890637
9238100,-5.9049206,-7.03058,-2.1064196
9238110,-6.067782,-6.695277,-2.7482848
9238120,-6.5683413,-7.0066295,-2.4536974
9238130,-7.1096153,-7.501201,-1.4034815
9238140,-6.71803,-7.8245287,-0.97716796
9238150,-6.0486217,-7.7586656,-0.8083191
9238160,-5.8390574,-7.9251194,-1.653761
9238169,-6.3036914,-8.178991,-3.0835876
9238179,-6.9898643,-7.787406,-3.8212538
9238189,-7.9694276,-7.771838,-2.4393275
9238199,-7.465276,-7.7131605,-1.7627344
9238209,-6.365962,-7.796986,-1.3639636
9238219,-5.9204884,-8.281978,-1.2406201
9238229,-5.924081,-8.404123,-0.89932984
9238238,-6.4234424,-8.605305,-0.5029541
9238248,-7.876022,-7.946675,-1.0310559
9238258,-6.622229,-6.7132397,0.6825806
9238268,-4.5529323,-6.149213,0.20118164
9238278,-4.6247826,-5.8785753,-0.8981323
9238288,-5.691764,-6.251001,-0.7244934
9238298,-6.7551527,-7.3658824,-1.0873389
9238308,-7.6472974,-7.965835,-0.9316626
9238317,-7.628137,-8.23288,-0.14010864
9238327,-6.6006737,-7.411388,-0.11855347
9238337,-5.342091,-6.086942,-1.1735595
9238347,-5.5528526,-5.100194,-2.123185
9238357,-6.6557593,-4.6259804,-3.3949401
9238367,-8.382568,-5.253475,-3.9721398
9238377,-9.811197,-5.9444385,-0.65264285
9238386,-8.769364,-7.0892577,0.78915894
9238396,-6.805448,-7.1203933,-0.11376343
9238406,-6.291716,-6.3791347,0.41314086
9238416,-6.340814,-5.6342835,0.20597167
9238426,-6.2893214,-5.2726355,-0.9244775
9238436,-6.41985,-4.870272,-2.4201672
9238446,-6.724017,-4.639153,-1.5088623
9238456,-7.3072047,-5.779182,-0.28500733
9238465,-8.041278,-8.228089,0.11735596
9238475,-8.255632,-9.818382,0.65743285
9238485,-7.7203455,-9.433982,0.72808594
9238495,-6.894064,-7.4664736,-0.03592529
9238505,-5.9779687,-5.6977515,-0.9951306
9238515,-6.036647,-5.449867,-0.009580079
9238525,-5.724097,-7.2928343,1.9758911
9238534,-5.3313136,-9.144184,1.8872753
9238544,-5.701344,-8.109536,0.9951306
9238554,-6.781498,-7.6880126,1.7914746
9238564,-6.349197,-7.7909985,2.0118165
9238574,-5.2726355,-8.104746,1.8130298
9238584,-5.891748,-8.000563,1.4549744
9238594,-6.377937,-8.258027,2.3004162
9238603,-5.9001307,-8.566985,1.902843
9238613,-5.5133348,-7.5610766,3.0201197
9238623,-4.2763076,-5.522915,1.6082556
9238633,-4.3002577,-4.4247985,1.5364051
9238643,-4.8427296,-4.9205675,1.3771362
9238653,-6.709647,-7.042555,2.5854235
9238663,-6.156398,-6.843768,6.4940953
9238673,-6.6258216,-7.33355,2.3998096
9238682,-6.189928,-6.065387,2.4884253
9238692,-6.932384,-6.3444066,2.3734643
9238702,-7.5838294,-6.004314,2.7961853
9238712,-7.1371584,-5.3145485,3.2823744
9238722,-6.133645,-4.998406,3.935017
9238732,-5.6570363,-5.7755895,4.1781116
9238742,-5.629493,-6.6330066,4.566105
9238751,-5.484595,-7.0066295,4.2643323
9238761,-5.4462743,-6.8018556,4.0164475
9238771,-5.6785913,-5.9121056,4.0368056
9238781,-5.955216,-5.327721,3.6236646
9238791,-6.086942,-4.7672863,3.3135095
9238801,-6.091732,-4.604425,3.3913476
9238811,-5.81391,-4.5469446,3.3985326
9238820,-5.732479,-4.6175976,3.6571949
9238830,-5.527705,-4.4499464,3.612887
9238840,-5.5600376,-4.2487645,3.7003052
9238850,-5.5516553,-4.2260118,3.8452039
9238860,-5.649851,-4.1397915,3.8260436
9238870,-5.773195,-4.1733217,4.064348
9238880,-5.82349,-4.350553,3.9960902
9238889,-5.7145166,-4.467909,4.02962
9238899,-5.6270986,-4.2583447,3.9649549
9238909,-5.4702244,-4.0260277,3.9517822
9238919,-5.410349,-3.6571949,4.101471
9238929,-5.2726355,-3.5434313,4.0511756
9238939,-5.3432884,-3.7841308,4.045188
9238949,-5.503755,-4.069138,4.4176135
9238959,-5.7360716,-4.2595425,4.8355446
9238968,-6.09293,-4.167334,5.0654664
9238978,-6.331234,-3.942202,5.21276
9238988,-6.3994923,-3.7158728,5.181625
9238998,-6.295309,-3.612887,5.007986
9239008,-6.389912,-3.6404297,5.039121
9239018,-6.277346,-3.98651,5.090614
9239028,-6.270161,-4.2439747,5.093009
9239037,-6.285729,-4.519402,5.398374
9239047,-6.3372216,-4.5840673,5.422324
9239057,-6.2162733,-4.317023,5.393584
9239067,-5.9037232,-4.1122484,5.3756213
9239077,-5.6905665,-3.8440063,5.243895
9239087,-5.47741,-3.838019,5.139712
9239097,-5.3828063,-4.0248303,5.0654664
9239106,-5.3456836,-4.1469765,5.151687
9239116,-5.4738173,-4.162544,5.3612514
9239126,-5.471422,-4.3206153,5.471422
9239136,-5.605543,-4.418811,5.6630235
9239146,-5.5073476,-4.2930727,5.8785753
9239156,-5.597161,-4.143384,5.7516394
9239166,-5.533693,-3.9877076,5.863008
9239176,-5.4486694,-3.7793407,5.973179
9239185,-5.47741,-3.8823266,6.2078905
9239195,-5.19839,-4.045188,6.1911254
9239205,-5.3384986,-4.4008484,6.1252623
9239215,-5.476212,-4.679868,6.0737696
9239225,-5.7145166,-4.636758,5.8175025
9239235,-5.938451,-4.3218126,5.686974
9239245,-5.962401,-3.9158568,5.5827904
9239254,-5.78038,-3.7362304,5.811515
9239264,-5.6103334,-3.781736,6.222261
9239274,-5.7073317,-3.7961059,6.4066772
9239284,-5.6570363,-3.6991076,6.358777
9239294,-5.6414685,-3.627257,6.3444066
9239304,-5.6642213,-3.5901344,6.3276415
9239314,-5.781577,-3.66917,6.3683567
9239323,-5.8246875,-3.9757323,6.546786
9239333,-6.101312,-4.006868,6.509663
9239343,-5.999524,-4.008065,6.4557753
9239353,-5.8222923,-4.1373963,6.4821205
9239363,-5.635481,-3.9481897,6.490503
9239373,-5.4678297,-3.937412,6.204298
9239383,-5.22713,-3.7996986,6.1156826
9239393,-5.0403185,-3.6260595,6.314469
9239402,-4.8666797,-3.617677,6.3288393
9239412,-4.550537,-3.5158887,6.324049
9239422,-4.3709106,-3.505111,6.4629602
9239432,-4.0607557,-3.6751575,6.5216384
9239456,-4.0008802,-3.6212695,6.3959
9239466,-3.8931043,-3.4667907,6.2007055
9239475,-3.7889209,-3.4117053,6.1791506
9239485,-3.570974,-3.3937426,6.10251
9239495,-3.4811609,-3.2799792,6.0318565
9239505,-3.2763867,-3.3721876,6.1839404
9239515,-3.0572424,-3.624862,6.1061025
9239525,-2.9111462,-3.5817518,6.312074
9239535,-2.9147387,-3.7961059,6.525231
9239544,-2.9303064,-3.7482057,6.199508
9239554,-3.0895753,-3.5015185,6.1611876
9239564,-2.8345056,-3.1793885,5.999524
9239574,-2.650089,-3.0500574,5.7839723
9239584,-2.5291407,-2.8500733,5.6797886
9239594,-2.2764661,-2.7446923,5.859415
9239604,-2.1267774,-2.8357031,5.722899
9239613,-1.8896704,-2.7806177,5.798342
9239623,-1.7687219,-2.618954,5.987549
9239633,-1.6010705,-2.7482848,6.277346
9239643,-1.9327807,-2.9219239,6.5384035
9239653,-2.6464965,-2.9279113,6.900051
9239663,-3.4200878,-3.1326857,7.060518
9239673,-4.133804,-3.2775843,6.9850745
9239682,-4.7253737,-3.2117212,6.885681
9239692,-4.785249,-2.6608667,6.3527894
9239702,-4.414021,-2.2489233,6.163583
9239712,-3.8368213,-1.8681152,5.811515
9239722,-3.5446289,-1.4465919,5.407954
9239732,-3.1817834,-1.1879296,5.2007847
9239742,-2.9350965,-1.4465919,5.3193383
9239752,-2.386637,-1.6789087,5.642666
9239761,-2.198628,-2.262096,6.0150914
9239771,-2.1902454,-2.6716442,6.397097
9239781,-2.5530908,-3.0883777,6.7755103
9239791,-2.957849,-3.314707,6.8976564
9239801,-3.2213013,-3.3039293,6.8162255
9239811,-3.4141004,-3.187771,6.795868
9239821,-3.4500256,-2.9171338,6.8042507
9239831,-3.36141,-2.6752367,6.852151
9239840,-3.3817675,-2.5806336,6.7431774
9239850,-3.4021254,-2.5459058,6.659352
9239860,-3.439248,-2.6273365,6.939569
9239870,-3.634442,-2.8201356,6.932384
9239880,-3.8990917,-3.070415,7.1311707
9239890,-4.254752,-3.0356872,7.1527257
9239900,-4.4667115,-2.9662316,7.1826634
9239909,-4.1194334,-2.7123597,6.8820887
9239919,-3.8404138,-2.9219239,6.9994445
9239929,-3.7769458,-3.1638207,7.289242
9239939,-3.9517822,-3.305127,7.498806
9239949,-4.291875,-3.1243029,7.437733
9239959,-4.4080334,-3.1925611,7.2066135
9239969,-4.566105,-3.2284863,7.2437367
9239978,-4.511019,-3.182981,7.267687
9239988,-4.381688,-3.1051428,7.2018237
9239998,-4.2583447,-3.1686108,7.235354
9240008,-4.2906775,-3.1757958,7.146738
9240018,-4.3218126,-3.102748,7.186256
9240028,-4.101471,-3.121908,7.156318
9240038,-4.1637416,-3.126698,7.220984
9240047,-4.028423,-3.2823744,7.0784802
9240057,-4.042793,-3.2296839,7.042555
9240067,-3.9278321,-3.2524366,7.05453
9240077,-3.8260436,-3.2177088,7.1682935
9240087,-3.8966968,-3.2356713,7.2736745
9240097,-3.7098854,-3.1374755,7.2066135
9240107,-3.7996986,-3.0201197,7.1455407
9240117,-3.7589831,-2.863246,7.1635036
9240126,-3.8775365,-2.7422974,6.981482
9240136,-4.1397915,-2.7470875,7.0066295
9240146,-4.077521,-2.692002,6.9683094
9240156,-4.160149,-2.8836036,7.1587133
9240166,-4.1314087,-2.945874,7.4556956
9240176,-4.3697133,-2.938689,7.380253
9240186,-4.355343,-2.8907886,7.509584
9240195,-4.350553,-2.826123,7.32397
9240205,-4.373306,-2.8369007,7.1275783
9240215,-4.3050475,-2.7267296,7.0724926
9240225,-4.2319994,-2.75547,7.0485425
9240235,-3.9960902,-2.8560607,7.010222
9240245,-4.023633,-2.884801,6.9287915
9240255,-3.9158568,-2.945874,6.9946547
9240264,-3.8200562,6.301296,13.465998
9240274,-4.2200246,-3.478766,4.963678
9240284,-3.4069152,-7.211404,9.099876
9240294,-3.0764027,-9.348959,10.539284
9240304,-3.2751892,-6.4893055,9.14658
9240314,-5.9396486,-1.465752,5.0019984
9240324,-4.931345,-0.70533323,5.5516553
9240334,-3.422483,-1.0274634,6.262976
9240343,-2.9650342,-1.7351917,6.551576
9240353,-3.018922,-2.567461,6.7898803
9240363,-3.744613,-2.8273206,6.7970653
9240373,-4.4008484,-2.7482848,6.540798
9240383,-4.387676,-2.6668541,6.5922914
9240393,-4.030818,-2.899171,6.8796935
9240403,-3.6679723,-3.2775843,7.2509217
9240412,-3.4823585,-3.5362463,7.4149804
