mean_x,std_x,median_x,rms_x,mean_y,std_y,median_y,rms_y,mean_z,std_z,median_z,rms_z,Activity
-5.037214837122449,2.700225500982174,-5.3450847,5.715308484367311,-6.607129837653061,4.952012247365484,-6.117478650000001,8.256911649621978,-1.2962187859965986,7.109149781618325,-0.94184143,7.226354112459089,hand_wash
-4.960662455201319,2.9085639836582082,-5.1121693,5.750470975622578,-7.022051036062705,4.031644644535917,-7.0808754,8.097120432158858,-1.8076508779504947,5.832232195169604,-1.9076331000000002,6.10594252142354,hand_wash
-4.997093243652317,3.050798548618574,-5.328319649999999,5.854768370312257,-6.84232495281457,5.71461762176767,-7.0485425,8.91483400422725,-0.8435464902506624,6.810144378031598,0.91489745,6.862188946017851,hand_wash
-2.7947077000711866,2.5035297451771155,-3.0356872000000004,3.752073068827921,-1.8626959858508476,4.96816944578886,-2.311194,5.305878247545343,-9.337880796711866,5.0605196753545405,-10.460248,10.620964040907522,hand_wash
-3.798425398141528,4.514357106886569,-3.5422339999999997,5.899784368410756,-6.294453478053156,5.339842407009762,-7.113208,8.254335922354704,-4.896179817328905,9.767955790193417,-3.9002893,10.926368890111299,hand_wash
-3.9046145215493424,2.7395015877750475,-3.96076345,4.769788623337098,-3.4509591961842103,6.7861539314268615,-3.99908385,7.613212498988099,-7.187812096259869,5.008735833973836,-7.60119325,8.760826295828108,hand_wash
-3.6657835889735098,1.9362998976525834,-3.3901502000000003,4.145748016321893,-5.713560979278146,4.898211379237922,-7.013814799999999,7.5257726367214755,-5.202906319923841,5.349052540464553,-5.3396962,7.462077274764296,hand_wash
-2.5949560741059603,1.8574183142888732,-2.7686427000000005,3.1912066402530463,-6.283750115506622,3.69376900536159,-7.435937000000001,7.288994785229267,-3.004139592368212,6.188514709721086,-1.282533,6.879140135428882,hand_wash
-2.1078802417377047,1.036164120329809,-1.9148182,2.348785898664894,0.6141733136357377,1.2948841176824917,0.7089258,1.433155168643182,-11.080628497704918,1.7510972638635318,-11.145224,11.218140199322734,hand_wash
-2.7159361767113332,4.744461786237084,-1.8441649999999998,5.466829698923624,-4.416092668276667,4.2580241043608105,-4.7642925,6.134545111752347,-7.399600419735666,9.35589643999507,-9.868678,11.928406623169108,hand_wash
-4.269740887761589,1.8979803956765664,-4.3888735,4.672581388375777,-7.795618057582781,3.4541736526265643,-7.5083865,8.526604043944475,-2.7368530514456952,4.42207117664264,-2.2100042,5.200488257510178,hand_wash
-4.277026669966997,1.784382379382061,-4.254752,4.63432601480066,-6.029900369662377,4.02761760284389,-6.0270667,7.2513034706039186,-5.654012710316831,4.544209326022073,-6.5635509999999995,7.25380576850044,hand_wash
-3.0754152284900664,1.7125719268150634,-3.08837755,3.5200967930077813,-4.110785348351987,4.348187846604619,-5.20078485,5.983752478970489,-6.688940599825496,5.181668356672228,-8.509505,8.461182736859673,hand_wash
-2.5556512841973684,1.5827516420282386,-2.565066,3.0060699005117533,-3.7172475556578948,4.448819007541077,-2.8668383499999996,5.797406312473136,-8.578518764,4.12160983517101,-9.8632895,9.517281745208475,hand_wash
-1.9870227816079735,2.381569412887971,-1.8992505000000002,3.1016338280062405,-4.89995535843721,4.349999567538229,-6.45817,6.552256004786466,-5.297051163554817,6.53416583406925,-7.5814342,8.41154410179459,hand_wash
-2.019445572961258,2.0228314221623864,-2.03337155,2.858322477370307,-4.675212925940397,4.134230432999202,-4.2876838500000005,6.240951624233034,-7.413073192364239,5.5172918379873845,-9.138196999999998,9.24089624337767,hand_wash
-1.5044346674539475,1.221112896058512,-1.31067445,1.9376378334347408,-5.427945442274012,4.457315160048651,-6.7192273,7.023549683764098,-5.273793587388158,6.164161046169859,-5.631289600000001,8.112322738001389,hand_wash
-0.6946970098196721,1.9039869570791021,-1.0789562,2.026763495867175,2.0501249387311473,2.1899476205967154,2.870431,2.9998138017824716,-10.942981656065573,1.6547138019654342,-10.900931,11.067381139700691,hand_wash
-0.7076536812622952,2.465764639737918,-0.82867676,2.565300955284963,0.2000980071967215,3.5074675460990394,0.92208254,3.513170619173245,-10.868524032786887,2.303181680038707,-10.529703,11.109881210099955,hand_wash
-1.2786852218708193,2.2704146357548622,-0.9556128,2.605728020128101,-0.1406504634229508,2.7895399816901842,-0.27422974,2.793083575962088,-11.26475453737705,2.0520128237292528,-11.158396,11.45012888207404,hand_wash
-1.4837472939283278,1.9602532059527622,-1.5843053999999999,2.4584748653764423,-2.274430699215017,5.000873692918826,-1.4609618999999998,5.493794016711883,-7.984345274675769,6.291169597064026,-10.554852,10.165066864721549,hand_wash
-5.160341570372882,2.0617711268262133,-5.388794,5.5569798724066555,-6.559645934294915,3.525744410608645,-6.349197,7.447135585730256,-3.874419021779661,5.673424717742341,-3.69791,6.870143432579688,hand_wash
-4.899028243432344,2.284178517828865,-5.122946700000001,5.405363006427844,-6.947916077326732,3.5728879555839317,-7.1347632,7.812750230279477,-1.7243192242079215,5.723726978202434,-1.5926879999999999,5.977819611528552,hand_wash
-5.1135332566556295,2.8615620095762413,-5.234315499999999,5.859757631640846,-6.483424939463577,4.424032565048614,-6.615043849999999,7.849003954787441,-4.5333952761447005,6.104245077688267,-4.9642768,7.60351765291911,hand_wash
-5.467952507980133,3.759217114859376,-5.5600378500000005,6.6355269531649,-6.238125780513244,5.38344586034607,-6.2510008,8.239884864777009,-2.602593179903973,7.031890736031214,-1.41785155,7.498064989286522,hand_wash
-4.827146007529802,3.6186149030113666,-5.0552875,6.032885909273179,-6.570307842019868,5.877257237803084,-5.9540185999999995,8.815389825652437,-5.7027675118874175,6.643623639682108,-6.133645,8.755529245018918,hand_wash
-4.886985799913907,3.5472926952783648,-5.027146,6.038701489106364,-6.649823260536424,6.1891540238147185,-6.12466385,9.084369924594284,-4.6370750427649,7.0159896208491705,-5.2259325,8.40990935219259,hand_wash
-2.087917541798635,2.7796948922349456,-1.5687377,3.4765073500954227,-6.7601510456314,4.117407290455238,-6.376739499999999,7.9153449043768935,-0.7721322339317411,7.087111357377216,-0.53169435,7.129048714838576,hand_wash
-3.8925213591754964,4.192049453084957,-3.5338513000000003,5.7205769943902816,-6.491058085182119,3.8752856420300668,-6.8790949999999995,7.5598726095439295,-4.667393427152318,6.065940525464324,-6.967710499999999,7.653770042423214,hand_wash
-1.9753042633728473,1.9735666202305129,-1.9728973,2.792273650161645,-7.4471586159701975,3.2547197751214525,-7.892787,8.127322576715272,-1.6949719668410599,5.492876710200252,-1.4597644,5.748445400439791,hand_wash
-2.214639668357616,1.669276960127593,-2.2225782,2.7732858544109638,-8.036610970354307,2.8100520857703835,-8.21072575,8.513724720330206,-3.2501565110298016,4.694847055524778,-3.5607953500000002,5.710088109736931,hand_wash
-2.1241919907417217,1.536305995233347,-2.059118,2.6215315608478194,-8.010519528377483,2.5644007721997077,-8.164621499999999,8.41097939808293,-3.8159005641413906,4.544208421947897,-5.0085845,5.933879616028352,hand_wash
-1.9292863870449184,1.5116281868012802,-1.8788928,2.4509520065413275,-6.363225297672131,3.1554380637061104,-6.295309,7.102635114013668,-6.896285967432786,3.9347563764658875,-8.081992999999999,7.939840545423398,hand_wash
-2.4724545010066667,1.4710979504944537,-2.38603825,2.8770054639324387,-7.220720409886667,3.1138508439439696,-7.7329192,7.8635151373978065,-1.0547226906583334,5.515046400107655,-1.5142511,5.614995703429342,hand_wash
-2.5032236528996683,1.5110167466698212,-2.43393865,2.923918648860295,-7.812200790331127,2.750869776569858,-7.6910064,8.28237681563063,-3.8582337053791393,4.268845653702887,-3.8733453000000004,5.754042973463238,hand_wash
-5.640885586754967,1.726523317347439,-5.735472849999999,5.899192569174559,-6.5982470749337745,2.2239112182716037,-6.50966315,6.962948051553049,-2.7384232976788074,4.5561972408503655,-2.577041,5.3158155963880604,hand_wash
-5.446938374521452,1.821351653179243,-5.549259999999999,5.743383976400425,-5.499379825775578,2.603422092203622,-5.4438796,6.084487246951982,-5.53628921890759,4.752920969261265,-7.113208,7.29662634752773,hand_wash
-6.65043340580339,3.78524251980925,-7.455695599999999,7.65221049232165,-3.239730747220339,2.8233537145674577,-3.2057335,4.297345868329278,-0.7241564780338985,5.21436193127804,-2.1004322,5.26440623005483,no_hand_wash
-8.739653995737704,2.153263205667264,-8.534652000000001,9.001005188205065,-3.7529327883383607,2.122095842874438,-3.7434156,4.31135654755323,-2.6832895820655738,1.9548832826518259,-2.6033862,3.319881267457199,no_hand_wash
-7.623852426245847,2.3095165327942007,-7.425758,7.965989733386834,-3.1653883003887047,2.305959140051608,-3.145858,3.916264884788214,0.6514134856146179,4.920558025328247,2.574646,4.963489781379911,no_hand_wash
-7.624897580463577,1.4008545110151227,-7.4790470000000004,7.752512913474619,-3.8328639609139072,3.2226615359733537,-3.7763471,5.00763352476145,0.7280780136092714,3.6154109824383687,-0.4604425,3.687993243735296,no_hand_wash
-9.935512512582783,1.8205483616585272,-9.878258,10.100930908823532,-2.6801022085033113,2.6764807251549074,-2.9219237,3.7876769820234233,-4.50558687384106,1.7244140188506596,-4.2643322,4.824304798220934,no_hand_wash
-8.890936769836065,1.8484461174546756,-8.780142,9.08105223497565,-3.933741048209836,2.4359428802375525,-4.315825,4.626892731645185,-4.720391113016394,2.001345761756874,-5.1109715,5.127131470710142,no_hand_wash
-1.3775793055999999,3.2170953314577915,-0.5658233500000001,3.4996324256848594,-7.152174970333334,1.0566724189423355,-7.1808675,7.229810744909998,-6.063810268133334,2.5023257088937108,-6.719227350000001,6.559834519354102,no_hand_wash
-6.408475499191419,3.5151342698243218,-7.016209599999999,7.309222062479021,-4.049598629999999,2.4086588453845574,-3.8320312999999993,4.711781669129752,-5.609566514059406,2.4732402233918673,-5.1037865,6.130591625468136,no_hand_wash
-9.440193274098359,1.6323462030159606,-9.181308,9.580281998920102,-1.157045718237377,1.2570579741915027,-1.0550061000000002,1.7084933551436168,-3.1044989196163932,1.2341439780976682,-3.0428724,3.340812012157238,no_hand_wash
-9.742923761967212,1.742711777339438,-9.540561,9.897555646238263,-0.13715216673770492,1.1134993713957746,0.05269043,1.1219142422394113,-2.1782153001114755,1.3304636183284442,-2.0489392,2.5524018753588433,no_hand_wash
-9.515075060067113,1.8289895983094961,-9.1094565,9.689265005635646,-0.7861249741644294,1.4883115867118053,-0.7460485749999999,1.683170773910252,-1.7664715679060405,1.213486212430848,-1.6735199,2.143121692293788,no_hand_wash
-9.66757486032787,1.715190701573792,-9.290280000000001,9.818547897872099,-1.0198425064885248,1.0956327685931133,-1.1975098,1.496826610418123,-2.287251494504918,1.2645266119302958,-2.2944287999999995,2.6135315095469758,no_hand_wash
-9.697779571803279,1.700499790599789,-9.420810000000001,9.845741625754503,-0.5073554439396721,1.2709039428408713,-0.5520520000000001,1.3684320876184153,-1.7487883052000002,1.3807260470223592,-1.6944763999999999,2.2281528119341996,no_hand_wash
-9.523924721967214,1.7357390333958846,-9.108259,9.680802244739448,-0.7717656005872131,1.4415468011624388,-0.63587767,1.6351389305473103,-1.761218838434754,1.1053740188726582,-1.7280066000000003,2.0793613246514315,no_hand_wash
-9.628732340327868,1.4441738247673344,-9.396859,9.736432843594152,2.107040024455738,1.4521780543705174,2.2165906000000004,2.5589917479846975,-1.3451529061967213,1.2197404546105244,-1.4370117,1.8158202327496447,no_hand_wash
-9.589779899344263,1.5461934755387439,-9.214838,9.713629228134344,1.2211497840262295,1.627032577525674,1.1615845,2.0343160529664863,-1.4092334178337707,1.1648417203479386,-1.404679,1.8283312225640613,no_hand_wash
-9.315927128196721,1.403135626023378,-9.019644,9.421002486088602,1.514370848904918,1.4910933835422884,1.9854711999999999,2.125247878826513,0.27822274579245915,1.8163215864710514,1.047821,1.8375070072674586,no_hand_wash
-5.176106149961539,3.9407832538238003,-6.148015,6.505524385419499,-4.7289870002097905,2.9975198860466814,-5.2696415000000005,5.598968075940289,-4.427955660339161,3.5190120910867058,-5.84025525,5.655991285985512,no_hand_wash
-9.28951260625,0.5258841112388922,-9.365124999999999,9.304385985121812,-0.6441854091414474,0.7405526563595715,-0.49457154000000003,0.9815258927771348,-3.691568084868421,1.293507286598567,-3.2045362,3.9116283087357226,no_hand_wash
-8.853397781311477,1.1272767925996887,-9.089099000000001,8.924875642901968,0.7297977938295083,2.988191064616675,1.3903089,3.0760186375464884,-3.517368874786885,1.845148286027388,-2.6069787,3.971958710604803,no_hand_wash
-3.035530536332215,2.1048494773830604,-3.2171100499999996,3.6938918445787077,-7.625625654026847,3.5831110906530954,-7.7155553999999995,8.425488217504881,-1.8028027228523487,6.054569886450593,-3.3817676,6.317271101309346,no_hand_wash
-4.773387782295082,1.4510274602096311,-4.91937,4.9890591909142925,-5.70344060295082,2.2037646411388074,-6.1935205,6.114393944204255,4.033632991245901,1.4485400556771821,4.254752,4.285844537657498,no_hand_wash
-6.25837299833887,1.1248861030478714,-6.2414207,6.358663486234138,-4.901367683189369,2.6482850822512836,-5.393584,5.5710698292776595,3.6986382094352153,1.3074020474833683,3.38536,3.9229102357889665,no_hand_wash
-6.179967060655738,0.11163856060096482,-6.2031007,6.180975330722731,-5.497578875081967,0.12328121900234876,-5.461842,5.498960969738393,3.36186928557377,0.07498587814590851,3.36141,3.362705454720292,no_hand_wash
-6.124131696393443,0.1503168930561963,-6.100115,6.1259761836876985,-5.594000003278689,0.17470157814306514,-5.6270986,5.5967273185396165,3.3487084560655735,0.133433406171386,3.3242872,3.3513658107714197,no_hand_wash
-5.505757277704918,0.3242377527095118,-5.431904299999999,5.515296304033247,-6.479729262950819,0.624574830538523,-6.716832000000001,6.509760751370468,2.742862742295082,0.5259284507646047,2.525548,2.7928295254802347,no_hand_wash
-4.680339316406557,1.631660942664311,-5.400769,4.956601007597564,-6.873219174295082,5.1718228433900215,-6.763535000000001,8.601679681394117,1.8556572046557378,4.330754650478681,2.4788451,4.711570810656832,no_hand_wash
-0.9076877946815068,3.140808963590495,0.349074095,3.2693390889267175,-6.8736978489726015,1.9407532848687017,-6.75215885,7.1424257386198455,-2.4947778384291106,5.747515075442411,-2.5896148500000002,6.265608191193797,no_hand_wash
1.327237376622951,0.3393372051402922,1.2346326,1.3699302145355425,-3.607099649508197,0.34292066537045734,-3.6296519999999997,3.6233634187340735,-10.469937836065574,0.19791776303816322,-10.491383,10.471808331515788,no_hand_wash
1.5925034535868852,1.3406299786820508,1.8621276999999998,2.081671441276743,-3.4899753359344263,5.164854022058327,-3.6080968,6.233429626987273,-3.2916245567213114,9.320762874700932,-9.952503,9.884908334871596,no_hand_wash
1.597321308145302,1.4522464432338684,1.0124944999999999,2.1588087208783553,-6.228742597449664,2.7966403738312673,-6.556964799999999,6.82776916172677,-2.2577680370134234,6.533991046966269,-4.13081,6.91307135149022,no_hand_wash
2.4970905485245902,0.2568970571907674,2.562671,2.5102703650252725,-4.91101502590164,0.29446845833881585,-4.8810496,4.919835389277584,-9.52866764262295,0.19979480127601285,-9.510622999999999,9.530762037013963,no_hand_wash
3.0093577465573773,0.12430454258903298,2.9913795,3.011923914389798,-4.6612459111475415,0.2215520926854534,-4.7038183,4.666508199281661,-9.53474943114754,0.12909351607115396,-9.524992999999998,9.535623306877216,no_hand_wash
3.230940225245902,0.07069723033990066,3.2428565,3.2317136069722783,-4.40554025409836,0.10596923837035369,-4.399651,4.4068145422699425,-9.607793560655738,0.07926140728078156,-9.605226,9.60812049647911,no_hand_wash
3.3179187167213113,0.05616141951898264,3.3171019999999998,3.318393996470579,-4.372508643278689,0.09641321488861364,-4.3493557,4.373571463181092,-9.59910085737705,0.07357432944727768,-9.601633,9.599382816204926,no_hand_wash
3.1943396308196723,0.19268812353064493,3.265609,3.20014599510318,-4.466581860327869,0.15705966852827194,-4.475094,4.469342373827292,-9.582838277049182,0.14808135250834625,-9.570497999999999,9.58398234196201,no_hand_wash
2.9692274226229505,0.07098521023827692,2.9722192,2.9700758218147736,-4.557282448852459,0.0826768596590428,-4.557722,4.558032336627479,-9.616776885245901,0.07148107706332314,-9.621991,9.617042539418135,no_hand_wash
2.865169711803279,0.10777659164462042,2.8500732999999996,2.8671960643006984,-4.681442581967213,0.07183501220973255,-4.682263400000001,4.681993690430928,-9.568684067213114,0.06088049437853632,-9.568103,9.568877740505094,no_hand_wash
2.8411645524590163,0.05588988158359316,2.8404932,2.8417142173366186,-4.709487893770492,0.07053707040532817,-4.7086086,4.710016103992872,-9.559838214754098,0.05666277560689777,-9.562116,9.56000613819951,no_hand_wash
2.7602835626229507,0.06895778359963446,2.7614574,2.761144784687218,-4.782645892786885,0.07334438995352383,-4.790039,4.7832082471212685,-9.539731837704919,0.05955554032013867,-9.542955000000001,9.539917735374015,no_hand_wash
2.482449520327869,0.23703392426562866,2.5590785,2.493740303686178,-4.775374480655738,0.2966163329061879,-4.7541137,4.784577586312587,-9.623910872131148,0.3047014659694865,-9.632769,9.62873322187753,no_hand_wash
3.314549966754099,1.513976042777995,2.8273206,3.643949085842901,-2.886387230852459,3.6932931451568742,-3.9589672,4.687392185692476,-9.785441194098361,2.097782156581468,-9.945317999999999,10.007774444881777,no_hand_wash
3.520921683333333,0.1698892076270781,3.5410364000000003,3.525017991873941,-4.264848585507247,0.39288250330049757,-4.2278082999999995,4.282906737100731,-9.575843454710146,0.1923313195682325,-9.554931,9.577774752289907,no_hand_wash
3.5461915596721303,0.13659934304034438,3.5613940000000004,3.5488214886647813,-3.8738694947540977,0.1422145590158696,-3.8907092000000003,3.8764790523337602,-9.792791214754098,0.11650548517163317,-9.794433,9.793484226966424,no_hand_wash
3.632533972786885,0.11962746475160381,3.6500099,3.634503238927401,-3.874756815737705,0.07332175096706126,-3.8727465,3.875450484817304,-9.755746909836066,0.07571024516570864,-9.753717,9.756040683084455,no_hand_wash
3.364707975737705,0.7643956206437845,3.5997142999999996,3.4504435116159082,-4.013000474786884,1.6429262661611426,-3.9721398,4.336286375077408,-9.609776397377049,1.0907883618574041,-9.728569,9.671484976876538,no_hand_wash
-0.09656248040000001,1.2945095673232627,0.14010864,1.2981060559570858,0.20608161595836064,0.6661763922326801,0.12693603,0.6973238974853501,-11.312364363934428,0.7011197893173464,-11.332035000000001,11.334070604217441,no_hand_wash
1.0182366655081967,0.18251306905165657,0.9783655000000001,1.0344645607075702,0.4925573629180328,0.32588288830187206,0.38080812,0.5906034309523922,-11.344229901639345,0.13898216044102896,-11.3571825,11.345081229421368,no_hand_wash
1.3440456993114756,0.4565824339218898,1.1879296,1.419481018120253,1.171462946557377,0.2902927413910704,1.1424243,1.2068949046463138,-11.284770578688526,0.25509272433653696,-11.309282000000001,11.287653401466736,no_hand_wash
1.239548248852459,0.13253516233495075,1.2394226000000002,1.2466135850729165,1.5174254796721312,0.11434628958140648,1.531615,1.5217276892727005,-11.258821927868851,0.09677026182258264,-11.268567,11.259237793342571,no_hand_wash
1.3527423672131147,0.08350634740052572,1.353186,1.3553173879610336,1.6352329586885244,0.08188926342388056,1.6310083,1.6372821017299772,-11.234047229508196,0.08676801949133661,-11.235037,11.234382308076722,no_hand_wash
1.3497034402295085,0.15040214262564086,1.3675561,1.3580575028597843,1.6953479504918032,0.163606946282468,1.7244141,1.7032239741468627,-11.220297470491802,0.1806474035826149,-11.208692,11.221751592810541,no_hand_wash
0.9426050868852459,0.2139871166242611,0.9208850000000001,0.9665892798407745,1.288544065803279,0.1776935037462834,1.3376184,1.3007385558944866,-11.3077785147541,0.08920542784468363,-11.3080845,11.308130373633448,no_hand_wash
1.2992588332131147,0.13399549279189693,1.2957056,1.3061501857638147,1.5015241214754098,0.1471697527848459,1.4944921999999998,1.5087191996880183,-11.265657539344263,0.23481301805583227,-11.269764,11.268104407895443,no_hand_wash
1.168961918,0.12716257835801914,1.1532018999999998,1.1758581066901304,1.676089642622951,0.16760048797953517,1.6980688999999998,1.6844484004204194,-11.282724975409838,0.2146248374960941,-11.238629,11.28476613366919,no_hand_wash
2.3917748099264706,0.9816757083606176,2.13156735,2.585396282542412,2.6032805640698524,0.9977796031431446,2.43333985,2.7879443738554652,-10.770891524264705,0.7671372169439515,-11.02128075,10.79817594490374,no_hand_wash
2.167547648196721,0.09257242181233243,2.166295,2.169523556102431,2.418981500655738,0.13262659593177417,2.430945,2.422614561679826,-10.969534970491804,0.07851654289618204,-10.973980000000001,10.969815965473211,no_hand_wash
2.1846229586885246,0.13921114693485565,2.1866529999999997,2.1890539543510394,2.5952981386885243,0.15376788907884145,2.5997937,2.5998494172532154,-10.926035919672131,0.16584406049300496,-10.922486,10.927294503689668,no_hand_wash
2.1315398993442627,0.20679341888567354,2.1639001,2.1415475387184317,2.1386935445901636,0.4057881257028385,2.1207898,2.1768495769421143,-11.028519186885248,0.12844513839660282,-11.038644999999999,11.02926713834939,no_hand_wash
2.305316229180328,0.09775467075320463,2.2956262,2.3073878937396444,2.0610281678688525,0.182078437951874,2.0669020000000002,2.069055259367384,-11.015935524590166,0.11546669233342366,-11.0266695,11.016540656620208,no_hand_wash
1.9809245794098358,0.715937048891459,2.0585193999999998,2.106330469628507,2.5966134300655743,0.9153051475660752,2.198628,2.753213543907893,-11.009578862950821,0.8880118049528931,-10.958412,11.0453334809443,no_hand_wash
1.837769160885246,0.771016038971158,1.6836988000000002,1.9929528898224451,2.4376391037213114,0.9586477265689042,2.393822,2.6193682184158393,-10.927512196393444,0.9599083930736556,-11.057805,10.969591921553905,no_hand_wash
1.6361791881967211,0.2831848377151418,1.5579602,1.660504738987466,2.5048095780327873,0.16034331137968852,2.4704626,2.509936453320879,-11.036175409836066,0.15416269075705374,-11.059003,11.037252095149938,no_hand_wash
2.1322819570491807,0.14175021031794763,2.1315675,2.136988410469899,2.786522773442623,0.2382639008439195,2.7890002999999997,2.796690696762824,-10.883483078688526,0.13185474037306316,-10.876980999999999,10.884281767606822,no_hand_wash
1.9311395816393442,0.11035530288668562,1.9172131000000001,1.9342901479998789,2.3322896531147537,0.18913542260331934,2.3099964,2.339945989571015,-11.038052204918033,0.15467214536305382,-11.043435,11.039135833526421,no_hand_wash
1.9733900813114755,0.2761158245903355,1.9782861,1.9926134501221535,1.6649508336681969,1.0277297375343035,2.0213964,1.9566015669892407,-11.083828429508198,0.3035232946968086,-11.043435,11.087983542790715,no_hand_wash
2.0070460019672134,0.0814425267883937,2.0010388,2.0086977222026845,1.9069812986885244,0.16498373189305965,1.8920654,1.914104831334254,-11.10426854590164,0.094717145272447,-11.114088,11.104672497516937,no_hand_wash
2.2373408603278686,0.22785649709872688,2.2010229,2.2489136729903065,2.3804373927868854,0.2912139253567953,2.4189696,2.398184257162017,-10.957233962295083,0.176593530665567,-10.971584,10.958656914948369,no_hand_wash
2.2507262280442806,0.08764028194749031,2.2441332000000003,2.2524318796861027,2.599532989298893,0.10213487011299978,2.5854235,2.6015386397565265,-10.908447876383763,0.08058292377653556,-10.911709,10.908745513549476,no_hand_wash
2.1652115196721313,0.06653780093436452,2.1650977000000005,2.166233644802444,2.424784522622951,0.09313565530696931,2.4333397999999997,2.4265725275460595,-10.967348003278687,0.07426117576492114,-10.96919,10.967599415881628,no_hand_wash
2.1733192488524593,0.06431292435917217,2.1770728,2.174270615556455,2.4637958560655737,0.10070338034029575,2.4692652,2.465853035194485,-10.958576760655738,0.07523523121798087,-10.958412,10.958835018340244,no_hand_wash
2.1409275875409834,0.06166677777518256,2.13995,2.1418155211351024,2.4890888272131146,0.0639179635140823,2.4872277,2.4899093750208956,-10.955263018032786,0.0561913246861042,-10.958412,10.955407124303816,no_hand_wash
3.3223632400239342,2.102313746233918,2.9458740000000003,3.9316434968428187,0.734108836908197,6.3507996077896305,2.2968237,6.393087786252245,-7.187127740163934,8.034017293622652,-10.876980999999999,10.779621469590747,no_hand_wash
5.517720591803279,0.6590334136817313,5.598358,5.556938506908181,3.806565515805574,1.0337684017908866,3.8260436,3.9444414223894158,5.894084170163934,1.1394301823769803,5.8294773,6.003209920158441,no_hand_wash
6.295073262950821,0.6123651576759472,6.2354335999999995,6.324787622699577,3.7601610265573773,0.40404033784310184,3.817661,3.7818063858750617,5.317708974754098,0.6609518279518993,5.387596599999999,5.358627255095585,no_hand_wash
6.931622325573771,0.3551294362810996,7.0257897,6.940713578653571,4.060209854098361,0.2605774689144578,4.0463853,4.068562974395665,4.516920461311475,0.4391229084901403,4.3864784000000006,4.538215440299757,no_hand_wash
6.996393873114754,0.21672059379811281,6.982679400000001,6.999749641489607,3.74195495704918,0.18158075014176922,3.7529955000000004,3.746358027392334,4.659420207868853,0.29478563006746733,4.6631029999999996,4.6687359361170655,no_hand_wash
7.052861376393442,0.1774299421243482,7.0784801999999996,7.0550928398558055,3.799156659344263,0.24043154068767486,3.8200562000000007,3.806756972542022,4.551671799016394,0.2911972688099395,4.525389,4.560977089980117,no_hand_wash
7.039260794426231,0.2769351685368126,7.0617149999999995,7.044706212434888,3.8758051354098364,0.24477414622276994,3.849994,3.8835267258419046,4.499417186885246,0.36439136483312856,4.490661599999999,4.514148434467268,no_hand_wash
6.940401477377048,0.22872805244360034,6.956334,6.94416943839594,3.9969695760655743,0.23888504275011438,3.9817199999999997,4.004101878779252,4.596333021639344,0.3448939037295493,4.5541295999999996,4.609254717483302,no_hand_wash
6.986550740655737,0.23012784678918868,7.040159700000001,6.990339768396459,3.6972583908196723,0.1562452389685631,3.66917,3.700558361002676,4.702860352131148,0.17246276670464802,4.685855999999999,4.70602155727601,no_hand_wash
6.334221996065574,0.7709212076941797,6.500083,6.380962921371162,4.368213312606557,1.5454981799260252,4.4583287,4.633557183049305,4.145802364278689,1.7796607552548096,4.6247826,4.511637136057474,no_hand_wash
4.024773082977942,1.3051433481311898,4.29007875,4.231098855927955,-6.668183432279412,5.54765076929536,-7.2838533,8.67416274602852,-5.081892425147059,5.643988268653019,-5.94383975,7.594750436812256,no_hand_wash
1.356323114514754,0.6438002627710567,1.287323,1.501363103753081,0.3115292223901638,2.490124534792884,0.13651611,2.5095359441897815,7.908185674754099,0.563440639737451,7.9826,7.928232212851341,no_hand_wash
1.6026842509508197,0.2883414721918068,1.6705261000000002,1.628415675689573,-2.13794363,0.4281387605211971,-2.1950355,2.1803911950194172,7.895782589180328,0.241348051790505,7.884403999999999,7.899470335263389,no_hand_wash
1.8530423217704919,0.4677337509943704,1.9758911,1.9111621354798338,0.123630124452459,1.1990728079368536,-0.31015503,1.2054293867355734,8.06095648885246,0.3598575973411889,8.081992999999999,8.068984880735416,no_hand_wash
2.077086577704918,0.11332380524871008,2.0680993,2.0801756983769364,1.5615409537704918,0.0972372537329847,1.5675403,1.5645655095955524,8.040371117049181,0.1042222027839468,8.040080999999999,8.041046571649229,no_hand_wash
3.4909765350819666,1.4702334522761253,2.9458740000000003,3.787941865008579,2.4945424073737708,1.4506492104273034,1.6896863000000002,2.8856758227319097,7.168505463934426,1.3259657456443334,7.8640466,7.290106703271212,no_hand_wash
2.582690907540984,0.9494191873895709,2.290836,2.751670241376743,1.4079181208590164,1.5001580466591804,1.1232642,2.0573545149048744,7.774201978196721,1.1301272782799436,8.037685,7.855915227579168,no_hand_wash
1.4645230329836063,0.5310524371355767,1.3292358,1.5578332404744537,2.153479843934426,0.6712509279027572,2.0609143,2.2556713516029223,8.036802118688525,0.35359803213796565,8.055648,8.044577046886195,no_hand_wash
2.070321498450704,0.4709027272206192,1.9878662,2.1232005287892584,-0.6007408824295776,2.4962254809705655,-1.19631225,2.5674951333291753,7.768574730633802,0.5795827578344238,7.8071648,7.790164922427574,no_hand_wash
6.567285346282894,3.0264234435244006,7.819139999999999,7.2310770759974705,-4.582617761118421,5.914814032694499,-4.9792457500000005,7.482339913815582,-0.7378865977960526,5.458622657189787,-2.8542645,5.508269959324136,no_hand_wash
-0.5959515333495082,0.9988397443849865,-0.8634045,1.1631161012833995,2.9471736207081967,1.4005169404161846,3.2919543,3.2630170166566663,7.865648536393442,0.7614434678541728,7.8496766000000004,7.902418810263481,no_hand_wash
-0.14041096446688525,0.30667328656563714,-0.25027955,0.33728881338622885,2.380861439737705,0.7098222616657507,2.3626869,2.4844212280501425,8.085986425901638,0.2654214733134827,8.040080999999999,8.090341466116339,no_hand_wash
-2.5483941440769495,2.499851124297573,-2.3159838,3.569813490536659,-5.033381154091526,3.309395085843592,-5.015171,6.023870987709602,-7.8947394163728815,4.893466225719718,-8.940608000000001,9.28832181584441,hand_wash
-2.8342182024666664,3.520720491011763,-2.19503545,4.519763887087852,-7.257108773333333,3.842569563529527,-7.51138,8.211636170615156,-4.672635203763334,6.0091194062059445,-6.7353938,7.612032303234747,hand_wash
-2.350041539100331,3.9347238132223343,-1.52442995,4.583093575505083,-7.753840050662251,2.395058804378541,-7.453300799999999,8.115315287016589,-5.876965525596027,3.655034612897919,-6.0593993,6.9208382303393,hand_wash
-2.3230227120231026,2.0218523067655236,-2.2405407000000004,3.079662525496623,-7.086854914346534,3.7014570735365995,-7.037764999999999,7.995267165281706,-0.6818652250033002,5.968364916152195,0.28979737,6.007189022947855,hand_wash
-2.2328521268907284,2.084991063400944,-2.056723,3.05496585169495,-8.206383736423842,2.898102995012174,-8.235873000000002,8.703087670427102,-3.2594510982384106,4.334083708704059,-3.16262325,5.422942287712594,hand_wash
-2.555414485433775,5.001527159415662,-1.16397955,5.616530701308172,-8.587830243907286,2.7106795916057917,-8.759185500000001,9.005476786184994,-4.560501826258278,6.1806567933397805,-5.646857499999999,7.681060818946968,hand_wash
-2.724224056330033,2.9615143573337157,-2.318379,4.023923955268164,-7.135901404129703,3.1355458383655717,-7.2173915,7.7944041821008945,0.9277934109768977,5.447570190461348,2.7351122,5.526013173478256,hand_wash
-1.8031809586765675,2.5497608091047397,-1.8262023999999997,3.122938000245955,-8.434116639273928,2.456415353524933,-8.169412,8.78454892831216,-4.413357022166007,4.047726251546131,-4.533772,5.988472928264576,hand_wash
-2.8921169445596027,3.0571800958668134,-2.84827695,4.208407128543172,-7.8885202296026495,2.9145602673219617,-7.928711999999999,8.409721336923246,-4.254224825036423,4.295729037504076,-4.36252815,6.045801586689055,hand_wash
-2.247789279538742,1.6933397683257878,-2.1650977,2.8142416769358896,-7.4566950715894045,3.1005916982677064,-7.772437,8.075640548590082,-2.095174181543046,5.398381838306222,-1.6974700999999999,5.790706461491469,hand_wash
-3.0843701765165017,2.0400418417619117,-2.6824220000000003,3.697987304186396,-7.607795355115511,2.1482393909862227,-7.7933936,7.90528194603469,-3.0272335436831685,4.5171907984517015,-2.574646,5.437752811375051,hand_wash
-3.8555095774834434,2.141004291595883,-3.9374121499999997,4.410085427596449,-6.519334357615894,2.004061250516519,-6.5066692,6.8204092224889905,-4.563800914271524,5.405433602683215,-6.8665210000000005,7.074389812423573,hand_wash
-3.9726777900327868,1.4640404915089382,-3.9709425000000005,4.233861521613281,-5.794800795868851,1.8947692889079621,-5.595962999999999,6.096709515959495,-6.991238671554099,3.913999219829597,-8.020921000000001,8.012291061579091,hand_wash
-2.4444840109727894,1.2885001638665114,-2.5171653999999997,2.7632833282502256,-5.304951976438775,2.4794593162940153,-5.1600698,5.855786366789593,-0.10772294884353673,7.612844751431347,5.6606285,7.613606861606617,hand_wash
-2.8631437654754097,2.3045540225047825,-3.5170863,3.675399497255187,-4.984977935180328,4.152856470132616,-5.2870054,6.488160130249335,-7.727361727606557,4.9676827784616595,-8.940608000000001,9.186402530735474,hand_wash
-1.9227895341866668,2.0798087094051416,-1.62023065,2.8324413251637286,-7.102218851600001,3.439204199227434,-7.620952149999999,7.8911113374483595,-4.18550021065,5.680393662595794,-5.05828125,7.055868775381927,hand_wash
-2.859895209182119,2.2988969587791526,-2.8686345999999996,3.6693225307387296,-7.728458383874171,2.878758872427895,-7.93410085,8.247200836457015,-2.7871960345430464,5.07675821862548,-2.9746142,5.79154001500066,hand_wash
-1.8822608155032896,1.2272209439038186,-1.9166143500000001,2.246992884442514,-6.969305945394736,1.7505135712736286,-7.080875000000001,7.1857861868919795,-5.652553330710526,4.77580038871561,-7.395221449999999,7.399974899240053,hand_wash
-2.548853780325581,1.9691325031384852,-2.8057654,3.2208909339492453,-6.892400731893689,2.2877904700528418,-6.656956699999999,7.262174129272393,-3.017489873984385,6.01596810237293,-3.5613940000000004,6.730313317251051,hand_wash
-5.0694172908843536,1.7029109776692903,-5.263055550000001,5.347793700862426,-6.888638257818708,3.798306286240712,-7.09764055,7.86641390286446,-0.7183836664704087,5.413931705816944,0.10059082,5.461385502553489,hand_wash
-4.952825074877484,2.8856092549230983,-4.6936395,5.7321215090429645,-6.876077294863245,4.386589070965463,-7.05213495,8.156138954336633,-4.704781912417219,6.885496023765981,-5.22653135,8.339366183152372,hand_wash
-4.863598682417218,2.966912325281043,-4.70262075,5.697118648011034,-6.674566558807947,6.690231679426147,-6.3210555,9.450345955167704,-4.617526292600331,8.142027313044292,-5.3079623,9.360243470616275,hand_wash
-5.521368570764901,3.382474251834968,-5.6330857000000005,6.475078606361237,-6.636547589337748,5.324333841148652,-6.4845153,8.508366162639302,-1.753570622604305,6.760057045116091,-1.00710575,6.9837941823685314,hand_wash
-4.939158669141914,3.1933551103918116,-4.670287999999999,5.881564861499465,-7.106283806633664,5.387347503027186,-6.8042507,8.917554746610591,-4.598461202966997,6.791530464881217,-5.736071599999999,8.20187365731772,hand_wash
-5.195027360132451,4.005482090827805,-4.910389,6.559892990931104,-6.430167471009933,7.59350971369928,-6.8928662,9.950298662717598,-4.376029807869868,9.596485060255956,-4.89062975,10.54714001002553,hand_wash
-5.071967642811882,2.9889795772154364,-4.4966493,5.887177140424916,-6.13722572759076,5.613119654136769,-5.436694,8.317009792170404,1.8574720401485152,6.007685654506631,2.3734642999999997,6.288281903930377,hand_wash
-4.8647301663907845,2.796054069814605,-5.19839,5.611017550598049,-6.615612051365187,4.21891917784527,-5.948030999999999,7.846375076642647,-1.531811186467576,8.25004797307135,-0.008382568,8.391051010985803,hand_wash
-4.587473549251655,4.352889278729641,-4.43497765,6.323967001650392,-5.758086977198675,7.787283108127486,-5.2702405500000005,9.684902882482232,-4.174059052007616,9.383589561035839,-4.767885,10.270078968519545,hand_wash
-4.386688434384106,4.183162861211333,-4.30085625,6.06150863595665,-6.745207702715232,6.572063443674433,-6.541995699999999,9.417528596210937,-3.887362547284768,10.048589966272123,-5.53548875,10.774309624486254,hand_wash
-4.4851641338580865,4.245358012575297,-4.403243499999999,6.175739790712059,-6.090431906930693,6.849120505720933,-6.2869263,9.16535937728829,-5.4412156343762375,9.410570542028225,-5.7276893,10.870403189682976,hand_wash
-1.9578673573027208,2.3652767428391663,-2.01361265,3.070468801177989,-6.627133112190476,4.482662185090633,-7.1239855,8.000822054784932,-1.4283195945102038,6.889500838995021,-0.825683,7.0360016113254895,hand_wash
-2.8205003071814567,3.5827799424358577,-2.6926007,4.559773470111359,-6.2748361678907285,4.901582412543414,-5.860014,7.962353865586766,-5.730861422533113,8.265529943067403,-6.5677425000000005,10.057920156971921,hand_wash
-2.920262383884437,3.2143568714166015,-3.2727942000000003,4.342812739176482,-5.188544128609272,4.7272009702537865,-4.7044172500000005,7.019075379827039,-2.130611747035431,7.95154381921136,0.331111445,8.232044431697618,hand_wash
-4.124830313112583,2.2013884364455305,-4.30025775,4.675503840238884,-6.678912463450331,4.733582255854521,-6.321055299999999,8.186248998617923,2.021824747350993,5.589686224311561,3.6218683999999994,5.944103582144185,hand_wash
-4.711627885485147,4.082485974433306,-4.910987400000001,6.2342705317242935,-6.793974765210231,4.893422461029878,-6.4378123,8.372793828372052,-2.8655143930495055,9.297091136982086,-1.7495618000000002,9.72867289747809,hand_wash
-0.9634270448271186,1.7940193132144424,-0.91130495,2.036344019779255,2.3976621621050844,5.187133868365251,1.8106346999999998,5.714467745287595,-8.11418812818983,6.477506971647511,-10.45905,10.382588576429237,hand_wash
-1.9289605114918034,1.955577747083212,-2.0166063000000003,2.7468478261057294,-0.305541664295082,4.288441875004798,-0.58198977,4.299312668777985,-10.459564626557377,2.3273052632542726,-10.535691,10.71535542879943,hand_wash
-2.2609730330842623,2.320219185294024,-1.9052380000000002,3.2396629645907167,-2.281958911013115,5.708244820983724,-1.4932947,6.147470651238579,-8.24135250552459,4.6226040124305685,-9.698630999999999,9.449251768053152,hand_wash
-1.638257880094276,3.772297904609925,-1.3819263000000002,4.112678003784812,1.1359488724915825,6.6646555893363315,2.0381615,6.760770219833455,-10.049437425478114,5.600352165789641,-9.823172999999999,11.50457026357199,hand_wash
-2.5913871757500004,4.28363287205498,-1.7753082,5.006475614361021,-2.705246423401667,5.490106996139194,-2.9087512,6.120427521046553,-8.045856582899999,6.987817604278548,-8.659193,10.656706950238448,hand_wash
-3.7084220677152318,2.782609021484026,-3.5685792000000003,4.636303182360015,-2.6621791986854304,4.527846289064876,-2.4608825,5.252484184013501,-8.084455842433774,5.050077500641762,-9.672885,9.53214084194887,hand_wash
-2.5596633737770493,1.4164030922275308,-2.3004162,2.9254186549496497,-6.8054872500000005,3.3925402819476815,-7.67484,7.604208458120424,-5.5637717290393445,3.468112337078811,-5.7456517,6.556169539865157,hand_wash
-2.204580130262295,1.0777088076260297,-2.2046156000000003,2.4539009402952754,3.7472789678645904,2.5037518982206732,4.108656,4.5067586168824185,-10.20795802295082,1.356991495729489,-10.105785000000001,10.297758635635628,hand_wash
-3.458271108956229,1.8055678773683477,-3.66917,3.9012452400260336,-8.311987844276095,2.8821454973283602,-8.225695,8.797494222286463,0.24186068528720542,2.95558673850648,0.9208850000000001,2.965466162329789,hand_wash
-3.3975051256081086,2.5639085140155933,-3.7667671,4.256367928971251,-5.933604266410473,5.221009031427926,-7.01381475,7.903581143799091,-7.345581516114865,4.129105634809856,-7.3832464,8.42656995184321,hand_wash
-2.7763090251568108,2.822471445151408,-2.650089,3.959070201684006,-7.7792183906843855,4.204323803461112,-7.701185000000001,8.842656694360123,-1.532549912512957,5.704959615198787,-0.32692015,5.907222142885145,hand_wash
-2.1261746234966887,2.336558008688035,-2.0046314,3.159133086396564,-7.756607780463576,2.598463226110468,-7.8796142,8.180279664986797,-4.092679942403974,5.093803473253564,-4.3930644999999995,6.534283658909052,hand_wash
-1.5079710468852459,1.6173425071975072,-1.5004796999999999,2.2112832165582277,-7.421945665370493,2.3294265567082144,-7.3670800000000005,7.778914162195732,-4.9108501346777045,4.819000284480284,-6.2665687000000005,6.880349757612987,hand_wash
-1.6895385778043333,1.8575721804093195,-1.409469,2.5109988075106133,-6.347576132786667,3.5103910751625267,-6.9994445,7.253590025780589,-6.160241690976666,5.807788172574334,-7.2102065,8.466344024946151,hand_wash
-4.735189837482994,1.916650495663756,-4.932542700000001,5.108382514997319,-6.737809053421769,3.5666987826692718,-6.4970892,7.623608794177914,-1.52548487057483,5.8627816980846825,-1.0083032,6.057995817904583,hand_wash
-4.774154212417218,1.5337203340627348,-4.86009335,5.014463730755122,-7.1727821515231796,2.7211989995513237,-6.994055749999999,7.671618329164232,-3.3865655476953638,4.368956525503764,-4.4589275,5.527803119737454,hand_wash
-4.693810041092716,2.448019273266938,-4.8229705,5.293831416294741,-6.625206905506623,3.9376158652283415,-6.3126728,7.707021814090743,-3.615773668443709,7.287672332254305,-3.81047605,8.135354156010404,hand_wash
-5.10235119923841,2.400969107900155,-5.4049605,5.639028322101292,-6.442273420099338,4.059115197647803,-6.083948299999999,7.614414160465254,-1.2102382574503312,5.807494164388433,0.93944643,5.932256325311822,hand_wash
-5.181842142739273,2.3885480272413986,-5.419929,5.705843467070187,-7.02232373018812,3.3414397665595965,-6.9048414000000005,7.7767763427469765,-3.0552584265544556,5.7568073419524675,-2.4536974,6.517318069987825,hand_wash
-3.863374934812287,1.2716442305516518,-3.3242872,4.067277336994755,-4.564069381569966,2.8812608193124727,-3.5398388,5.397443212178303,3.3469212596075084,5.575159380158391,5.9959316,6.502636698461695,hand_wash
-4.596631362046204,3.3300259529862912,-4.682263400000001,5.676098371778718,-7.045187084141915,6.06281800930027,-7.1587133000000005,9.294752458481922,-1.697697345937294,7.254686103546855,-1.4441968,7.450680958100298,hand_wash
-4.644390951258278,3.0491038568213105,-5.0307385,5.555843917697145,-6.227506795331126,5.1410966547602,-6.26537105,8.075439040664097,-5.124160112218544,6.393944474052096,-4.5601172000000005,8.19387227096645,hand_wash
-4.387711465728477,3.4551018944107743,-4.21343815,5.5847776148425154,-6.242654121019868,7.156416354791497,-6.193520299999999,9.496579674694123,-4.815032081258278,9.1878501911906,-6.248007299999999,10.373096214694414,hand_wash
-5.464711331782178,3.9947012795376144,-5.387596599999999,6.769099515625989,-6.561713245181519,6.164654634470825,-6.3539867,9.003279817616088,0.4629027309240927,6.148636257275575,0.8238867,6.166036552160614,hand_wash
-2.8619016953537417,2.1497191427781748,-2.6752368499999997,3.5793538113318095,-6.090453191632653,3.258954649319754,-6.982679500000001,6.907561471734523,-5.643761705102041,5.246285590803234,-6.7359925,7.7055537558468785,hand_wash
-3.4333794575960264,2.50621276557786,-3.5775604999999997,4.2507878006538755,-6.464887357019868,3.7978032962880097,-7.1359608,7.497871592408835,-4.134430201639073,5.83076240821565,-5.344486,7.147818083393426,hand_wash
-2.894186805562914,2.229975978144713,-2.8410919999999997,3.6536434046848267,-7.49039185547351,3.02975167321609,-7.6227485,8.079935974368832,-4.292894070963576,4.390532144722864,-3.7266503500000003,6.1404977011932,hand_wash
-4.713287415231788,2.171376515902401,-4.869673499999999,5.189407888419911,-7.115071691291392,2.558158808410592,-6.9299891,7.560980205057069,-1.2231650079933774,4.609114122667033,0.58198973,4.768654488694702,hand_wash
-4.789083432500001,2.23604946029166,-4.8056066,5.285379580722335,-6.9383477868211925,3.240383221243064,-6.889273749999999,7.657725081994006,-2.348729064589404,5.3178539625264944,-1.8812878,5.8134412343813855,hand_wash
-4.809968476331126,1.8541060456966991,-4.708608400000001,5.154949657560995,-6.3450412086754975,2.668786089854982,-6.106700849999999,6.883456045707974,-3.2184502573245037,5.223055803072478,-3.4877471999999994,6.135041481594175,hand_wash
-2.007854781141781,1.6835348408981192,-1.8519488499999999,2.62026151035956,-5.595413602578767,3.7922527965621753,-6.1707678,6.75942561590533,-0.2640591163698627,7.472259022075309,3.4428406000000003,7.476923305071671,hand_wash
-2.6675972680735973,2.9158212688419205,-2.3578968,3.9519727803294176,-5.325736963490099,4.807111559238141,-5.342091,7.174384694679098,-7.095170256778878,7.742378483112279,-8.668774,10.501707744383273,hand_wash
-3.3279985835562913,2.4577513211474247,-3.1398705500000004,4.137162811487432,-5.5581940078079475,4.721604193825756,-5.91569805,7.292946372460525,-4.869154042498676,7.599484867985925,-4.59304875,9.025565430948259,hand_wash
-3.8595541507649,2.4422112790419575,-4.18290175,4.567335566188051,-4.967619448781457,4.534061333211746,-5.08642275,6.725693656511398,-3.94634981870894,6.900831770461613,-3.9679486500000003,7.949538100785255,hand_wash
-4.74326260989761,1.7658764312465478,-4.768484,5.061310083059992,-7.139222191802048,2.8208529213689237,-6.9862720000000005,7.676308012834974,-3.0582887352559727,5.142487560559768,-3.578159,5.983168750645894,hand_wash
-4.931595038543046,2.3105455932677788,-4.870272249999999,5.446030716287923,-6.579146401688741,3.782186268153604,-6.5994762499999995,7.588814159133403,-5.556857695794703,5.253821648776949,-6.4857130000000005,7.647307327973039,hand_wash
-5.456627706589403,2.131262799683024,-5.435497,5.8580770778158815,-6.967885035695365,4.592567017559713,-7.03237625,8.345243776034629,-3.249859120572848,5.23075255519843,-4.910987649999999,6.158113071167615,hand_wash
-5.209001481122112,1.9488466946532834,-5.0439110000000005,5.561627447932249,-6.609542544917492,3.4065844123952114,-6.683302,7.435783079935053,-5.134649183184819,5.488996063294494,-5.6582336,7.516229108884519,hand_wash
-5.177243143443708,2.055805015411033,-4.9984058000000005,5.570474021815743,-6.7865495359304635,4.163309803588569,-6.904841149999999,7.961809035909783,-4.766322807880795,5.230796142939739,-5.6217095,7.076656088712938,hand_wash
-5.375268426945364,2.529861900278288,-5.1804275,5.940851108738155,-6.71047593748543,5.293229687627262,-7.0587213,8.546857190426758,-2.642214108900662,5.957594472046341,-3.5057098499999997,6.517225428863945,hand_wash
-4.708778916324503,2.082327284553805,-4.6906457,5.148658641123859,-6.575363535198674,3.8213905396626364,-6.54738465,7.605158201947118,-6.608778810413907,5.208125767362819,-7.0359686,8.414305162854768,hand_wash
-5.27934627379538,3.312808763450411,-5.3313136,6.2326718974955675,-7.0990710847524765,5.993485373307213,-7.047345,9.290784530189914,-2.3990467981056107,7.268269393255768,-2.1926403,7.653964039139415,hand_wash
-5.2793050622890725,2.5828919668495667,-5.300777,5.877277673645092,-6.299373230672185,5.225577782336158,-6.30608625,8.184666533130999,-4.636309751774834,6.975359637060247,-5.69595535,8.3756199878416,hand_wash
-5.16484774579139,3.0780098829748197,-5.0888176000000005,6.0124701310607005,-6.656417481754968,4.966078496750102,-6.792874250000001,8.304807603267934,-4.409603685927152,6.773643620105002,-5.51752635,8.082502864777192,hand_wash
-5.778352161089108,2.5013961936825626,-5.8270826,6.296533698419535,-5.847060785844884,4.7745181507008905,-5.6175184,7.548784233552927,2.455227014191419,3.9675134396389495,3.0716126,4.665758521926633,hand_wash
-1.2597519557094594,1.5021544386615209,-1.1124866,1.9604700832974515,-0.10387588450000002,5.163282066166029,0.0389190685,5.164326857797867,-9.668920373243242,5.02486596503679,-10.921289,10.89666458833635,hand_wash
-1.5911724493049182,1.764166484821561,-1.6142431000000002,2.3757342337885095,0.46053869829508204,3.951470248051292,0.43589357,3.9782173160678225,-11.215735116065575,2.588236084980642,-11.381133,11.510503039630473,hand_wash
-1.5757098744395974,2.9153532138304588,-1.22625,3.3139321009637537,-5.513572053119463,4.138244351513954,-5.56782165,6.89380468955838,-6.364073235925168,6.617832912675893,-7.3539075,9.181347429016904,hand_wash
-3.448863700565347,2.3370539900127523,-3.0859826,4.166111157579911,0.02756247947194715,4.502651747583474,1.8273998,4.502736107112114,-9.650968328712873,2.268732327802128,-9.679471000000001,9.914047410469317,hand_wash
-3.0463339962119207,1.1167613094470172,-3.03269335,3.2445811191514853,-5.1879889901324505,4.045518012904118,-6.1599902,6.5788635610162345,-6.001922894109272,4.705255410651656,-4.6379555,7.626434744118623,hand_wash
-2.6798637406843855,1.5738929703651185,-2.2561082999999997,3.1078624086017133,-2.1704088549833886,5.190956178857107,-1.890868,5.626428765087591,-6.575494309388704,5.669324400045923,-9.544153,8.682071444405379,hand_wash
-2.1414429049144736,1.3245440623508242,-1.9633172500000002,2.5179743223705366,2.0971389851973683,3.8954400248541647,3.0901739500000005,4.424075599542855,-10.01327726611842,3.0172473443407797,-10.6368805,10.457987528444251,hand_wash
-2.244881736538851,1.814167029309979,-2.19683175,2.886294513954022,-6.749565572770271,3.0279575404577797,-7.526349099999999,7.397645726036141,-5.897553559966216,4.714965056579183,-6.753356200000001,7.550631329725543,hand_wash
-2.703466638586885,2.4635763082165516,-2.6692492999999997,3.657586648646641,-6.780052941081966,3.963566115781303,-7.222181299999999,7.853596261461618,-3.34950152797377,6.001422978373682,-4.520599400000001,6.872862449609352,hand_wash
-2.789124819261745,1.7891298826317232,-2.791994,3.3136389354224556,-7.2210361297651,3.2862684742347947,-7.36169125,7.93365762256744,-6.861903725016778,3.2551410346299856,-7.0174071,7.594844691416087,hand_wash
-2.365244363637086,2.452939147097609,-2.201023,3.407534498589992,-7.618323186655629,3.8414659521937113,-7.848479,8.532040133414652,-2.3581861944072853,5.58036163402378,-3.7038976999999997,6.058174485270102,hand_wash
-3.3135332311640266,5.760012169257314,-1.6825012,6.645091621943271,-8.792602817689767,4.612377666238656,-9.055569,9.928942141319146,-2.927318543663366,6.9834791006529064,-4.3242080000000005,7.572197448913449,hand_wash
-2.5278525092467103,6.401460670731035,-1.3555811,6.882494971114844,-8.669624053223684,5.312254191685592,-9.4711045,10.167714877066322,-3.2448141977960523,8.631744037431123,-4.71519475,9.221487098399399,hand_wash
-3.29109612512,1.6068951517812875,-3.21112255,3.6624343999037148,-7.730428509666666,2.011018204594907,-7.72573425,7.9877230273889275,-2.6376789022333336,4.72966770775448,-4.309238799999999,5.415450730739073,hand_wash
-3.0238460889473684,1.2269467323955454,-3.0063483,3.263287215949341,-7.775824821052632,1.5220449216324514,-7.81434985,7.923387684012775,-0.9761516679934211,4.778139844588897,-0.44846742500000003,4.876832215011539,hand_wash
-2.3256713807684384,1.4006076475792477,-2.4177722999999998,2.7148571148004916,-8.095213748504984,1.8101871668823621,-7.9837976,8.295134912292246,-2.3860720131737545,4.719135573031118,-3.2883617999999997,5.288060155548421,hand_wash
-2.8774223074059404,1.7023140082091301,-2.7997777000000004,3.3432666836048783,-7.800665574917493,2.3453728884332032,-7.940687,8.145621977326247,-2.4768572909438946,5.248464672598244,-2.6955945,5.803550935351021,hand_wash
-1.960969824260596,1.815053508524813,-1.67591485,2.6720445150612417,-8.033034272847683,1.7576262610152278,-8.174801,8.223070576260175,-4.263051505313577,4.025875041103295,-5.991740249999999,5.863555063571485,hand_wash
-1.1374340415878688,1.6319561841569115,-1.0142908000000002,1.9892302998825704,-6.662269031803279,2.0900381621452464,-7.1946387000000005,6.982412775778045,-3.796832315514754,6.003036280105715,-6.6844997,7.102983894984036,hand_wash
-4.947166236914676,2.3924682857834476,-5.1193542,5.495303292280427,-6.410968653569967,4.777264010643585,-6.6342039999999995,7.995171699497587,-0.8390987744061431,7.350319512535926,1.1951147,7.398059454314778,hand_wash
-4.864596886386139,1.889226829215853,-4.9540977,5.218570769786178,-5.105802235557756,4.0486251250617125,-3.7326379999999997,6.5161784714591375,4.24041765079208,3.1919747350854477,5.684579,5.307527160794641,hand_wash
-2.8303479362706274,4.5982744657664805,-2.5483007,5.399536785954088,-3.804646665049505,7.8056016234855266,-2.7087672,8.683475856500793,6.318848010231023,6.653214478258368,7.4161777,9.175679978623236,hand_wash
-1.3146796273648649,2.339632878302845,-0.899329815,2.683703509675366,-3.8339974578310803,5.590254194417875,-4.79722415,6.778678224024344,-9.559065080067567,4.22986026138021,-10.27164025,10.453106860439657,hand_wash
-0.7235713308896667,2.5772520249629003,-0.28979736,2.6768981062156274,-4.266284214740001,5.411986587454468,-5.1127679,6.891355441691189,-8.166278137966666,5.615040009433819,-9.768087000000001,9.910437575312951,hand_wash
-0.7491216603135762,2.1218902149792807,-0.5502556999999999,2.2502447303295225,-1.765514018321192,6.050666756307896,-1.6519647499999999,6.302984050811025,-9.300142363360926,4.406024701164503,-9.8962205,10.29104958913581,hand_wash
-2.412148272607261,1.325918170285571,-2.2764661,2.7525475987411423,-4.3977143194059405,4.480465273763264,-5.993536499999999,6.2780936839542765,-8.247826795742576,3.2960251737140553,-8.425678,8.882028416883498,hand_wash
-2.0785795649278143,1.7408786549951096,-2.0944445,2.711300702458708,-2.97077987605298,6.002041335937139,-3.7721558,6.697016744062945,-8.064086271474505,4.407138177122812,-9.196875,9.189796205903423,hand_wash
-2.7884232234059407,2.035625738688287,-2.535128,3.452401515009488,-4.954299477689769,5.292904172788547,-6.600673700000001,7.249821921741218,-1.253867811749175,6.684924508760308,1.5843053999999999,6.801499847619266,hand_wash
